{
  "type": "FeatureCollection",
  "generator": "overpass-turbo",
  "copyright": "The data included in this document is from www.openstreetmap.org. The data is made available under ODbL.",
  "timestamp": "2026-08-07T06:26:21Z",
  "features": [
    {
      "type": "Feature",
      "properties": {
        "@id": "way/111545559",
        "addr:district": "Kottayam",
        "addr:full": "Gandhinagar",
        "addr:postcode": "686008",
        "addr:state": "State Region",
        "amenity": "hospital",
        "emergency": "yes",
        "healthcare": "hospital",
        "name": "Government Medical College, Kottayam",
        "source": "OpenGovernmentData",
        "wikimedia_commons": "File:Government_Medical_College,_Kottayam,_December_2007.jpg",
        "@geometry": "center"
      },
      "geometry": {
        "type": "Point",
        "coordinates": [
          76.5211886,
          9.6342032
        ]
      },
      "id": "way/111545559"
    },
    {
      "type": "Feature",
      "properties": {
        "@id": "way/257572478",
        "addr:city": "Thiruvalla",
        "addr:district": "Pathanamthitta",
        "addr:full": "Tiruvalla",
        "addr:postcode": "689101",
        "addr:state": "State Region",
        "addr:street": "pushpagiri road",
        "amenity": "hospital",
        "healthcare": "hospital",
        "name": "Pushpagiri Institute Of Medical Science And Research Centre",
        "name:en": "Pushpagiri Institute Of Medical Science And Research Centre",
        "name:ml": "പുഷ്പഗിരി ആശുപത്രി, തിരുവല്ല",
        "operator:type": "private",
        "source": "OpenGovernmentData",
        "website": "https://pushpagiri.in/",
        "wikidata": "Q7261842",
        "wikimedia_commons": "File:Pushpagiri Institute of Medical Sciences & Research Center.jpg",
        "wikipedia": "en:Pushpagiri Medical College",
        "@geometry": "center"
      },
      "geometry": {
        "type": "Point",
        "coordinates": [
          76.5807833,
          9.3810014
        ]
      },
      "id": "way/257572478"
    },
    {
      "type": "Feature",
      "properties": {
        "@id": "way/269963108",
        "addr:housenumber": "NH66",
        "addr:postcode": "688005",
        "addr:street": "Salem-Kochi-Kanyakumari Road NH66",
        "amenity": "hospital",
        "check_date": "2026-01-20",
        "healthcare": "hospital",
        "name": "Government Medical College Hospital Alappuzha",
        "ref": "11322",
        "source": "bing",
        "@geometry": "center"
      },
      "geometry": {
        "type": "Point",
        "coordinates": [
          76.3476768,
          9.4075426
        ]
      },
      "id": "way/269963108"
    },
    {
      "type": "Feature",
      "properties": {
        "@id": "way/284587475",
        "addr:district": "Kottayam",
        "addr:full": "Bharananganam",
        "addr:postcode": "686578",
        "addr:state": "State Region",
        "alt_name": "Marygiri Hospital",
        "amenity": "hospital",
        "emergency": "yes",
        "name": "Immaculate Heart of Mary Hospital",
        "source": "OpenGovernmentData",
        "@geometry": "center"
      },
      "geometry": {
        "type": "Point",
        "coordinates": [
          76.7199095,
          9.7042675
        ]
      },
      "id": "way/284587475"
    },
    {
      "type": "Feature",
      "properties": {
        "@id": "way/291154383",
        "addr:district": "Ernakulam",
        "addr:full": "Nelliakattu Mana Kizhakombu P.O., Koothattukulam",
        "addr:postcode": "686662",
        "addr:state": "State Region",
        "amenity": "hospital",
        "emergency": "no",
        "name": "Sreedhareeyam Ayurvedic Eye Hospital and Research Centre",
        "source": "OpenGovernmentData",
        "website": "https://sreedhareeyam.com/",
        "@geometry": "center"
      },
      "geometry": {
        "type": "Point",
        "coordinates": [
          76.5845183,
          9.8599342
        ]
      },
      "id": "way/291154383"
    },
    {
      "type": "Feature",
      "properties": {
        "@id": "way/295116281",
        "amenity": "hospital",
        "building": "hospital",
        "building:levels": "2",
        "name": "VSM Hospital",
        "@geometry": "center"
      },
      "geometry": {
        "type": "Point",
        "coordinates": [
          76.3945942,
          9.7501268
        ]
      },
      "id": "way/295116281"
    },
    {
      "type": "Feature",
      "properties": {
        "@id": "way/305223968",
        "addr:city": "Kanjirappally",
        "addr:housenumber": "Taluk Headquaters hospital",
        "addr:street": "NH183",
        "amenity": "hospital",
        "emergency": "yes",
        "healthcare": "hospital",
        "healthcare:speciality": "general;gynaecology;surgery;emergency;internal",
        "name": "Taluk Headquarters Hospital, Kanjirappaly",
        "operator": "Department of Health and Family Welfare",
        "operator:type": "government",
        "other_name": "Kanjirappally General Hospital",
        "phone": "+91 4828 203 492",
        "ref": "1323",
        "wheelchair": "yes",
        "@geometry": "center"
      },
      "geometry": {
        "type": "Point",
        "coordinates": [
          76.7801762,
          9.5596047
        ]
      },
      "id": "way/305223968"
    },
    {
      "type": "Feature",
      "properties": {
        "@id": "node/307511109",
        "addr:district": "Pathanamthitta",
        "addr:full": "Thirumoolapuram",
        "addr:postcode": "689115",
        "addr:state": "State Region",
        "amenity": "hospital",
        "name": "Aravind Ayurvedic Hospital",
        "source": "Local Knowledge"
      },
      "geometry": {
        "type": "Point",
        "coordinates": [
          76.5925769,
          9.363999
        ]
      },
      "id": "node/307511109"
    },
    {
      "type": "Feature",
      "properties": {
        "@id": "way/320939899",
        "addr:city": "Ponkunnam",
        "addr:district": "Kottayam",
        "addr:full": "Ponkunnam",
        "addr:postcode": "686506",
        "addr:state": "State Region",
        "addr:street": "NH183",
        "amenity": "hospital",
        "emergency": "yes",
        "healthcare": "hospital",
        "healthcare:speciality": "general;gynaecology",
        "name": "Santhinikethan Hospital",
        "operator": "private",
        "operator:type": "private",
        "@geometry": "center"
      },
      "geometry": {
        "type": "Point",
        "coordinates": [
          76.7655518,
          9.5654622
        ]
      },
      "id": "way/320939899"
    },
    {
      "type": "Feature",
      "properties": {
        "@id": "way/402361940",
        "amenity": "hospital",
        "building": "yes",
        "healthcare": "hospital",
        "name": "Carithas KMM Hospital",
        "operator": "Carithas",
        "@geometry": "center"
      },
      "geometry": {
        "type": "Point",
        "coordinates": [
          76.5101301,
          9.5906867
        ]
      },
      "id": "way/402361940"
    },
    {
      "type": "Feature",
      "properties": {
        "@id": "way/455239905",
        "addr:block": "Karukachal",
        "addr:city": "sachivothampuram",
        "addr:country": "IN",
        "addr:district": "Kottayam",
        "addr:full": "Sachivothampuram Post",
        "addr:postcode": "686532",
        "addr:state": "State Region",
        "admin_level": "5",
        "amenity": "hospital",
        "beds": "54",
        "email": "chcspuram@gmail.com",
        "healthcare": "hospital",
        "name": "Community Health Centre Sachivothampuram",
        "opening_hours": "24/7",
        "operator": "Department of Health and Family Welfare",
        "operator:type": "government",
        "phone": "+91-481-2431700",
        "ref": "1327",
        "short_name": "CHC, Sachivothampuram",
        "source": "OpenGovernmentData",
        "taluk": "kottayam",
        "@geometry": "center"
      },
      "geometry": {
        "type": "Point",
        "coordinates": [
          76.5262749,
          9.5068845
        ]
      },
      "id": "way/455239905"
    },
    {
      "type": "Feature",
      "properties": {
        "@id": "way/455325502",
        "amenity": "hospital",
        "healthcare": "hospital",
        "name": "Kanjirapally General Hospital",
        "operator": "DEPARTMENT OF HEALTH SERVICES",
        "operator:type": "government",
        "phone": "+91-4828-202292",
        "@geometry": "center"
      },
      "geometry": {
        "type": "Point",
        "coordinates": [
          76.7800341,
          9.5597991
        ]
      },
      "id": "way/455325502"
    },
    {
      "type": "Feature",
      "properties": {
        "@id": "way/456191702",
        "addr:city": "Kanjirapally",
        "addr:district": "Kottayam",
        "addr:full": "Pb No 04, Kanjirapally",
        "addr:postcode": "686507",
        "addr:state": "State Region",
        "addr:street": "Kanjirappally - Eikkulam Road",
        "alt_name": "Kadamappuzha Hospital; Eappachan's Hospital",
        "amenity": "hospital",
        "emergency": "yes",
        "healthcare": "hospital",
        "healthcare:speciality": "general;gynaecology;paediatrics;surgery;internal",
        "internet_access": "no",
        "name": "Kadamapuzha Hospital",
        "name:ml": "കടമപ്പുഴ ആശുപത്രി",
        "operator": "Kadamapuzha Family",
        "operator:type": "private",
        "phone": "+914828202288",
        "source": "OpenGovernmentData",
        "wheelchair": "yes",
        "@geometry": "center"
      },
      "geometry": {
        "type": "Point",
        "coordinates": [
          76.7897037,
          9.5561461
        ]
      },
      "id": "way/456191702"
    },
    {
      "type": "Feature",
      "properties": {
        "@id": "way/462048950",
        "amenity": "hospital",
        "emergency": "no",
        "healthcare": "hospital",
        "healthcare:speciality": "ayurveda",
        "name": "Sukhodaya",
        "name:ml": "സുഖോദയ",
        "@geometry": "center"
      },
      "geometry": {
        "type": "Point",
        "coordinates": [
          76.7833764,
          9.5628798
        ]
      },
      "id": "way/462048950"
    },
    {
      "type": "Feature",
      "properties": {
        "@id": "way/463354076",
        "addr:block": "pampady",
        "addr:city": "pampady",
        "addr:country": "IN",
        "addr:district": "Kottayam",
        "addr:full": "Pampady Post",
        "addr:housenumber": "REF ID 1346",
        "addr:postcode": "686502",
        "addr:state": "State Region",
        "addr:street": "Kollam - Theni Highway",
        "admin_level": "3",
        "amenity": "hospital",
        "email": "thqhpampady@gmail.com",
        "healthcare": "hospital",
        "name": "Taluk Headquarters Hospital Pampady",
        "name:ml": "താലൂക്ക് ആശുപത്രി, പാമ്പാടി",
        "operator": "Department of Health and Family Welfare",
        "operator:type": "government",
        "phone": "+91-481-2507866",
        "ref": "1346",
        "short_name": "THQH, pampady",
        "source": "OpenGovernmentData",
        "taluk": "kottayam",
        "@geometry": "center"
      },
      "geometry": {
        "type": "Point",
        "coordinates": [
          76.6456118,
          9.56557
        ]
      },
      "id": "way/463354076"
    },
    {
      "type": "Feature",
      "properties": {
        "@id": "way/473682436",
        "addr:city": "Kanjirapally",
        "addr:street": "NH183",
        "amenity": "hospital",
        "emergency": "no",
        "healthcare": "hospital",
        "healthcare:speciality": "general;gynaecology",
        "name": "Mary Matha Hospital",
        "name:ml": "മേരിമാത ആശുപത്രി",
        "phone": "+914828202865",
        "@geometry": "center"
      },
      "geometry": {
        "type": "Point",
        "coordinates": [
          76.7876323,
          9.5534019
        ]
      },
      "id": "way/473682436"
    },
    {
      "type": "Feature",
      "properties": {
        "@id": "way/473682518",
        "addr:district": "Kottayam",
        "addr:full": "Kanjirappally",
        "addr:postcode": "686507",
        "addr:state": "State Region",
        "addr:street": "NH183",
        "amenity": "hospital",
        "healthcare": "hospital",
        "healthcare:speciality": "ophthalmology",
        "name": "St. Joseph's E.N.T and Eye Hospital",
        "name:ml": "സെന്റ് ജോസഫ് കണ്ണാശുപത്രി",
        "opening_hours": "Mo-Sa 09:00-17:00",
        "phone": "+91 94460 26260",
        "source": "OpenGovernmentData",
        "@geometry": "center"
      },
      "geometry": {
        "type": "Point",
        "coordinates": [
          76.7837727,
          9.5565561
        ]
      },
      "id": "way/473682518"
    },
    {
      "type": "Feature",
      "properties": {
        "@id": "way/480049295",
        "addr:city": "Ponkunnam",
        "addr:district": "Kottayam",
        "addr:full": "Pala - Ponkunnam Road, Ponkunnam",
        "addr:postcode": "686506",
        "addr:state": "State Region",
        "addr:street": "Pala-Ponkunam Road",
        "amenity": "hospital",
        "name": "Good Samaritan Hospital",
        "name:ml": "ഗുഡ് സമരിറ്റൻ ആശുപത്രി",
        "phone": "+91-4828221218",
        "source": "OpenGovernmentData",
        "@geometry": "center"
      },
      "geometry": {
        "type": "Point",
        "coordinates": [
          76.7414137,
          9.5855794
        ]
      },
      "id": "way/480049295"
    },
    {
      "type": "Feature",
      "properties": {
        "@id": "way/480615561",
        "alt_name": "BMCH",
        "amenity": "hospital",
        "contact:facebook": "BelieversHosp",
        "emergency": "yes",
        "healthcare": "hospital",
        "healthcare:speciality": "general;intensive;vaccination",
        "image": "https://www.bcmch.org/asset/uploads/common/17591230685ffd7ae19870e.jpg",
        "name": "Believers Church Medical College Hospital",
        "phone": "+91-4692703100",
        "website": "https://www.bcmch.org",
        "wikidata": "Q19596035",
        "wikimedia_commons": "File:Believers-Church-Medical-Center-Hospital.jpg",
        "wikipedia": "en:Believers Church Medical College Hospital",
        "@geometry": "center"
      },
      "geometry": {
        "type": "Point",
        "coordinates": [
          76.5753808,
          9.4164376
        ]
      },
      "id": "way/480615561"
    },
    {
      "type": "Feature",
      "properties": {
        "@id": "way/484565615",
        "alt_name": "Parumala Hospital",
        "alt_name:ml": "പരുമല ആശുപത്രി",
        "amenity": "hospital",
        "emergency": "yes",
        "healthcare": "hospital",
        "name": "St. Gregorios Medical Mission Hospital",
        "name:ml": "പരുമല സെന്റ് ഗ്രിഗോറിയോസ് മെഡിക്കൽ-മിഷൻ ആശുപത്രി",
        "operator": "Malankara Orthodox Church",
        "operator:type": "religious",
        "website": "https://www.parumalahospital.com/",
        "@geometry": "center"
      },
      "geometry": {
        "type": "Point",
        "coordinates": [
          76.5400067,
          9.3265213
        ]
      },
      "id": "way/484565615"
    },
    {
      "type": "Feature",
      "properties": {
        "@id": "way/490391968",
        "addr:street": "Sabarimala-Kodaikkanal Road",
        "amenity": "hospital",
        "building": "yes",
        "emergency": "yes",
        "healthcare": "hospital",
        "healthcare:speciality": "general;orthopaedics;gynaecology;surgery;emergency;cardiology;pul;paediatrics;psychiatry;internal",
        "internet_access": "no",
        "name": "Mary Queens Mission Hospital",
        "operator": "Carmelites of Mary Immaculate",
        "phone": "+914828201300",
        "phone1": "+918547505503",
        "start_date": "22 August 1957",
        "website": "http://maryqueenshospital.org/",
        "wheelchair": "yes",
        "@geometry": "center"
      },
      "geometry": {
        "type": "Point",
        "coordinates": [
          76.814008,
          9.5580121
        ]
      },
      "id": "way/490391968"
    },
    {
      "type": "Feature",
      "properties": {
        "@id": "way/538057365",
        "addr:city": "Kavumbhagom",
        "addr:postcode": "689102",
        "amenity": "hospital",
        "location": "9.378310,76.556795",
        "name": "G K Hospital",
        "@geometry": "center"
      },
      "geometry": {
        "type": "Point",
        "coordinates": [
          76.5566209,
          9.3784147
        ]
      },
      "id": "way/538057365"
    },
    {
      "type": "Feature",
      "properties": {
        "@id": "way/539472417",
        "amenity": "hospital",
        "emergency": "yes",
        "healthcare": "hospital",
        "name": "SH Medical Centre",
        "@geometry": "center"
      },
      "geometry": {
        "type": "Point",
        "coordinates": [
          76.5292022,
          9.5940452
        ]
      },
      "id": "way/539472417"
    },
    {
      "type": "Feature",
      "properties": {
        "@id": "way/619011182",
        "addr:city": "Thellakom,Kottayam",
        "addr:postcode": "686630",
        "addr:street": "Old MC Road",
        "alt_name": "Casuality Caritas Hospital;Caritas Hospital Thellakom",
        "amenity": "hospital",
        "email": "mail@caritashospital.org",
        "emergency": "yes",
        "fax": "+914812790418",
        "healthcare": "hospital",
        "name": "Caritas Hospital",
        "name:ml": "കാരിത്താസ് ആശുപത്രി",
        "operator": "Syro-Malabar Catholic Archeparchy of Kottayam",
        "operator:type": "religious",
        "phone": "+91481 2790025",
        "website": "https://caritashospital.org/",
        "wikidata": "Q5039718",
        "wikipedia": "en:Caritas Hospital",
        "@geometry": "center"
      },
      "geometry": {
        "type": "Point",
        "coordinates": [
          76.5502549,
          9.6449674
        ]
      },
      "id": "way/619011182"
    },
    {
      "type": "Feature",
      "properties": {
        "@id": "way/619023963",
        "addr:block": "vaikom",
        "addr:city": "vaikom",
        "addr:country": "IN",
        "addr:district": "kottayam",
        "addr:postcode": "686141",
        "addr:state": "State Region",
        "admin_level": "3",
        "amenity": "hospital",
        "email": "thqhvaikom41@gmail.com",
        "healthcare": "hospital",
        "name": "Taluk Headquarters Hospital Vaikom",
        "opening_hours": "24/7",
        "operator": "Department of Health Services",
        "operator:type": "government",
        "phone": "+91-4829-231261",
        "ref": "1380",
        "short_name": "THQH, vaikom",
        "taluk": "vaikom",
        "@geometry": "center"
      },
      "geometry": {
        "type": "Point",
        "coordinates": [
          76.3899111,
          9.7503494
        ]
      },
      "id": "way/619023963"
    },
    {
      "type": "Feature",
      "properties": {
        "@id": "way/619595726",
        "addr:district": "Alappuzha",
        "addr:full": "Maruthorvattom Temple Road, Near N. H. 47, Cherthala",
        "addr:postcode": "688539",
        "addr:state": "State Region",
        "amenity": "hospital",
        "building": "hospital",
        "healthcare": "hospital",
        "name": "Kinder Women's Hospital and Fertility Centre (P) Ltd.",
        "website": "http://kinderhospital.in/",
        "@geometry": "center"
      },
      "geometry": {
        "type": "Point",
        "coordinates": [
          76.3412404,
          9.6631349
        ]
      },
      "id": "way/619595726"
    },
    {
      "type": "Feature",
      "properties": {
        "@id": "way/619924779",
        "CovidVaccineCenterId": "155148",
        "alt_name": "Udayamperoor PHC",
        "amenity": "hospital",
        "building": "yes",
        "healthcare": "hospital",
        "name": "Family Health centre Udayamperoor",
        "operator": "Department of Health and Family Welfare",
        "operator:type": "government",
        "ref": "1510",
        "type": "9",
        "@geometry": "center"
      },
      "geometry": {
        "type": "Point",
        "coordinates": [
          76.3623814,
          9.9000925
        ]
      },
      "id": "way/619924779"
    },
    {
      "type": "Feature",
      "properties": {
        "@id": "way/620022531",
        "amenity": "hospital",
        "healthcare": "hospital",
        "name": "Primary Health Centre Kadakkarappally",
        "operator": "Department of Health Services",
        "operator:type": "government",
        "phone": "+91-478 281 2692",
        "ref": "1249",
        "@geometry": "center"
      },
      "geometry": {
        "type": "Point",
        "coordinates": [
          76.2993546,
          9.701996
        ]
      },
      "id": "way/620022531"
    },
    {
      "type": "Feature",
      "properties": {
        "@id": "way/620033829",
        "amenity": "hospital",
        "healthcare": "hospital",
        "name": "Family Health Centre Thuravoor",
        "ref": "1253",
        "service": "24*7",
        "type": "11",
        "@geometry": "center"
      },
      "geometry": {
        "type": "Point",
        "coordinates": [
          76.3184588,
          9.7591753
        ]
      },
      "id": "way/620033829"
    },
    {
      "type": "Feature",
      "properties": {
        "@id": "way/620055915",
        "amenity": "hospital",
        "healthcare": "hospital",
        "name": "Primary Health Centre, kandakkadavu",
        "operator": "Department of Health and Family Welfare",
        "operator:type": "government",
        "ref": "1484",
        "@geometry": "center"
      },
      "geometry": {
        "type": "Point",
        "coordinates": [
          76.2683686,
          9.8630303
        ]
      },
      "id": "way/620055915"
    },
    {
      "type": "Feature",
      "properties": {
        "@id": "way/620215797",
        "amenity": "hospital",
        "building": "hospital",
        "email": "ezhupunnaphc@yahoo.in",
        "healthcare": "hospital",
        "name": "24x7 Primary Health Centre Ezhupunna",
        "operator": "Department of health services",
        "operator:type": "government",
        "phone": "+91-478 287 7699",
        "@geometry": "center"
      },
      "geometry": {
        "type": "Point",
        "coordinates": [
          76.2971579,
          9.8312102
        ]
      },
      "id": "way/620215797"
    },
    {
      "type": "Feature",
      "properties": {
        "@id": "way/620245551",
        "amenity": "hospital",
        "healthcare": "hospital",
        "name": "Primary Health Center, Thuravoor South",
        "operator": "DEPARTMENT OF HEALTH SERVICES",
        "operator:type": "government",
        "phone": "+91-4782565662",
        "ref": "1254",
        "@geometry": "center"
      },
      "geometry": {
        "type": "Point",
        "coordinates": [
          76.3185179,
          9.7571213
        ]
      },
      "id": "way/620245551"
    },
    {
      "type": "Feature",
      "properties": {
        "@id": "way/620249810",
        "amenity": "hospital",
        "healthcare": "hospital",
        "name": "OUR FAMILY CLINIC",
        "@geometry": "center"
      },
      "geometry": {
        "type": "Point",
        "coordinates": [
          76.3710919,
          9.6418915
        ]
      },
      "id": "way/620249810"
    },
    {
      "type": "Feature",
      "properties": {
        "@id": "way/620306616",
        "amenity": "hospital",
        "healthcare": "hospital",
        "name": "Primary Health Center, T V Puram",
        "@geometry": "center"
      },
      "geometry": {
        "type": "Point",
        "coordinates": [
          76.392205,
          9.7120721
        ]
      },
      "id": "way/620306616"
    },
    {
      "type": "Feature",
      "properties": {
        "@id": "node/622250802",
        "amenity": "hospital",
        "emergency": "yes",
        "name": "Thottabhagam Hospital"
      },
      "geometry": {
        "type": "Point",
        "coordinates": [
          76.6153372,
          9.3852283
        ]
      },
      "id": "node/622250802"
    },
    {
      "type": "Feature",
      "properties": {
        "@id": "way/623152281",
        "amenity": "hospital",
        "healthcare": "hospital",
        "name": "PHC Eramallikara",
        "operator": "DEPARTMENT OF HEALTH SERVICES",
        "operator:type": "government",
        "phone": "+91-479 2427002",
        "@geometry": "center"
      },
      "geometry": {
        "type": "Point",
        "coordinates": [
          76.5565725,
          9.3474548
        ]
      },
      "id": "way/623152281"
    },
    {
      "type": "Feature",
      "properties": {
        "@id": "way/623154187",
        "amenity": "hospital",
        "healthcare": "hospital",
        "name": "Primary Health Center Kuppapuram",
        "operator": "DEPARTMENT OF HEALTH SERVICES",
        "operator:type": "government",
        "phone": "+91-477 2176462",
        "ref": "1237",
        "@geometry": "center"
      },
      "geometry": {
        "type": "Point",
        "coordinates": [
          76.3707065,
          9.5068876
        ]
      },
      "id": "way/623154187"
    },
    {
      "type": "Feature",
      "properties": {
        "@id": "way/623493024",
        "addr:street": "Vechur Bund Road",
        "amenity": "hospital",
        "healthcare": "hospital",
        "name": "Aradhana Hospital",
        "@geometry": "center"
      },
      "geometry": {
        "type": "Point",
        "coordinates": [
          76.4193329,
          9.7010558
        ]
      },
      "id": "way/623493024"
    },
    {
      "type": "Feature",
      "properties": {
        "@id": "way/625948701",
        "amenity": "hospital",
        "healthcare": "hospital",
        "name": "St. George Hospital, Payarukad",
        "@geometry": "center"
      },
      "geometry": {
        "type": "Point",
        "coordinates": [
          76.4061598,
          9.7290322
        ]
      },
      "id": "way/625948701"
    },
    {
      "type": "Feature",
      "properties": {
        "@id": "way/628314833",
        "amenity": "hospital",
        "healthcare": "hospital",
        "name": "CHC Chathankary",
        "operator": "DHS",
        "operator:type": "government",
        "@geometry": "center"
      },
      "geometry": {
        "type": "Point",
        "coordinates": [
          76.5266278,
          9.383748
        ]
      },
      "id": "way/628314833"
    },
    {
      "type": "Feature",
      "properties": {
        "@id": "way/630616508",
        "amenity": "hospital",
        "healthcare": "hospital",
        "name": "Primary Health Center Kainakary",
        "ref": "2277",
        "@geometry": "center"
      },
      "geometry": {
        "type": "Point",
        "coordinates": [
          76.3815988,
          9.4885794
        ]
      },
      "id": "way/630616508"
    },
    {
      "type": "Feature",
      "properties": {
        "@id": "way/635046725",
        "addr:city": "Podiyadi",
        "addr:housenumber": "nedumpuram grama panchayat office",
        "addr:postcode": "689110",
        "addr:street": "Kayamkulam - Thiruvalla Road",
        "amenity": "hospital",
        "healthcare": "hospital",
        "name": "Primary Health Centre Nedumpuram",
        "operator": "Department of Health and Family Welfare",
        "operator:type": "government",
        "ref": "1192",
        "@geometry": "center"
      },
      "geometry": {
        "type": "Point",
        "coordinates": [
          76.5451403,
          9.366677
        ]
      },
      "id": "way/635046725"
    },
    {
      "type": "Feature",
      "properties": {
        "@id": "way/635746094",
        "addr:city": "PANDALAM",
        "addr:housenumber": "NSS Medical Mission Hospital",
        "addr:postcode": "689501",
        "addr:street": "MC Road",
        "amenity": "hospital",
        "description": "NSS Medical Mission Hospital Pandalam",
        "emergency": "yes",
        "healthcare": "hospital",
        "name": "NSS Medical Mission Hospital Pandalam",
        "@geometry": "center"
      },
      "geometry": {
        "type": "Point",
        "coordinates": [
          76.6808492,
          9.2163951
        ]
      },
      "id": "way/635746094"
    },
    {
      "type": "Feature",
      "properties": {
        "@id": "way/636097888",
        "amenity": "hospital",
        "healthcare": "hospital",
        "name": "Primary Health Centre Mulakuzha",
        "operator": "Department of Health and Family Welfare",
        "operator:type": "government",
        "phone": "+91-4792422577",
        "ref": "1269",
        "@geometry": "center"
      },
      "geometry": {
        "type": "Point",
        "coordinates": [
          76.6436154,
          9.2740442
        ]
      },
      "id": "way/636097888"
    },
    {
      "type": "Feature",
      "properties": {
        "@id": "way/636131167",
        "addr:city": "Chengannur",
        "addr:postcode": "689121",
        "amenity": "hospital",
        "emergency": "yes",
        "healthcare": "hospital",
        "healthcare:speciality": "general;ophthalmology;surgery;orthodontics;maternity",
        "name": "Taluk Headquarters Hospital Chengannur",
        "operator": "Department of Health and Family Welfare",
        "ref": "1265",
        "@geometry": "center"
      },
      "geometry": {
        "type": "Point",
        "coordinates": [
          76.6177538,
          9.3156673
        ]
      },
      "id": "way/636131167"
    },
    {
      "type": "Feature",
      "properties": {
        "@id": "way/636951188",
        "addr:housenumber": "126",
        "addr:street": "Cherry Lane",
        "amenity": "hospital",
        "healthcare": "hospital",
        "healthcare:speciality": "emergency;community",
        "name": "Healer",
        "name:ml": "ഹീലര്‍",
        "operator": "Unknown",
        "@geometry": "center"
      },
      "geometry": {
        "type": "Point",
        "coordinates": [
          76.3885898,
          9.3805445
        ]
      },
      "id": "way/636951188"
    },
    {
      "type": "Feature",
      "properties": {
        "@id": "way/637305031",
        "addr:city": "pandalam",
        "addr:district": "Pathanamthitta",
        "addr:full": "Pandalam",
        "addr:postcode": "689501",
        "addr:state": "State Region",
        "amenity": "hospital",
        "building": "yes",
        "healthcare": "hospital",
        "name": "Ayurdan Ayurveda Hospital",
        "source": "Local Knowledge",
        "@geometry": "center"
      },
      "geometry": {
        "type": "Point",
        "coordinates": [
          76.6748216,
          9.2330221
        ]
      },
      "id": "way/637305031"
    },
    {
      "type": "Feature",
      "properties": {
        "@id": "way/638599724",
        "amenity": "hospital",
        "healthcare": "hospital",
        "name": "Primary Health Center Bhudhanoor",
        "ref": "1266",
        "@geometry": "center"
      },
      "geometry": {
        "type": "Point",
        "coordinates": [
          76.5637375,
          9.2825122
        ]
      },
      "id": "way/638599724"
    },
    {
      "type": "Feature",
      "properties": {
        "@id": "way/639162288",
        "amenity": "hospital",
        "healthcare": "hospital",
        "name": "Government Ayurveda Dispensary Puliyoor",
        "@geometry": "center"
      },
      "geometry": {
        "type": "Point",
        "coordinates": [
          76.5934104,
          9.3017095
        ]
      },
      "id": "way/639162288"
    },
    {
      "type": "Feature",
      "properties": {
        "@id": "way/639164577",
        "amenity": "hospital",
        "healthcare": "hospital",
        "name": "Primary Health Center Pathiyoor",
        "operator": "Department of Health Service",
        "operator:type": "government",
        "phone": "+91-4792436120",
        "ref": "1279",
        "@geometry": "center"
      },
      "geometry": {
        "type": "Point",
        "coordinates": [
          76.4946956,
          9.2099351
        ]
      },
      "id": "way/639164577"
    },
    {
      "type": "Feature",
      "properties": {
        "@id": "way/639167602",
        "amenity": "hospital",
        "healthcare": "hospital",
        "name": "Family Health Centre, Niranam",
        "ref": "1201",
        "@geometry": "center"
      },
      "geometry": {
        "type": "Point",
        "coordinates": [
          76.5243557,
          9.3469233
        ]
      },
      "id": "way/639167602"
    },
    {
      "type": "Feature",
      "properties": {
        "@id": "way/639658842",
        "amenity": "hospital",
        "healthcare": "hospital",
        "name": "VSM Hospital",
        "@geometry": "center"
      },
      "geometry": {
        "type": "Point",
        "coordinates": [
          76.5211617,
          9.2477189
        ]
      },
      "id": "way/639658842"
    },
    {
      "type": "Feature",
      "properties": {
        "@id": "way/640095320",
        "addr:city": "pathanamthitta",
        "addr:postcode": "689112",
        "addr:state": "State Region",
        "addr:street": "kunnamthanam",
        "amenity": "hospital",
        "health_facility:type": "health_centre",
        "healthcare": "hospital",
        "name": "Community Health Centre, Chathenkary",
        "operator": "Department of Health and Family Welfare",
        "operator:type": "government",
        "ref": "1199",
        "@geometry": "center"
      },
      "geometry": {
        "type": "Point",
        "coordinates": [
          76.5248174,
          9.3793107
        ]
      },
      "id": "way/640095320"
    },
    {
      "type": "Feature",
      "properties": {
        "@id": "way/644570929",
        "amenity": "hospital",
        "healthcare": "hospital",
        "name": "Primary Health Center, Kadamboor",
        "operator:type": "government",
        "phone": "+91-4792323841",
        "ref": "1268",
        "@geometry": "center"
      },
      "geometry": {
        "type": "Point",
        "coordinates": [
          76.5587507,
          9.3099482
        ]
      },
      "id": "way/644570929"
    },
    {
      "type": "Feature",
      "properties": {
        "@id": "way/645004968",
        "amenity": "hospital",
        "healthcare": "hospital",
        "name": "St Jerome Hospital",
        "@geometry": "center"
      },
      "geometry": {
        "type": "Point",
        "coordinates": [
          76.5709389,
          9.2516789
        ]
      },
      "id": "way/645004968"
    },
    {
      "type": "Feature",
      "properties": {
        "@id": "way/654850132",
        "amenity": "hospital",
        "healthcare": "hospital",
        "layer": "1",
        "name": "Government Ayurvedha Hospital",
        "@geometry": "center"
      },
      "geometry": {
        "type": "Point",
        "coordinates": [
          76.5917668,
          9.3540947
        ]
      },
      "id": "way/654850132"
    },
    {
      "type": "Feature",
      "properties": {
        "@id": "way/655224473",
        "addr:block": "Koodalloor",
        "addr:city": "Koodalloor",
        "addr:country": "IN",
        "addr:district": "Kottayam",
        "addr:postcode": "686587",
        "addr:state": "State Region",
        "addr:street": "Vayala-Koodalloor Market Road",
        "admin_level": "5",
        "amenity": "hospital",
        "beds": "32",
        "email": "phckoodalloor@gmail.com",
        "healthcare": "hospital",
        "healthcare:speciality": "general",
        "name": "Community Health Centre, Koodalloor",
        "opening_hours": "24/7",
        "operator": "Department of Health Services",
        "operator:type": "government",
        "phone": "+91-4822-254110",
        "ref": "1332",
        "short_name": "CHC, Koodalloor",
        "taluk": "meenachil",
        "@geometry": "center"
      },
      "geometry": {
        "type": "Point",
        "coordinates": [
          76.5878953,
          9.7054772
        ]
      },
      "id": "way/655224473"
    },
    {
      "type": "Feature",
      "properties": {
        "@id": "way/670993089",
        "amenity": "hospital",
        "healthcare": "hospital",
        "name": "Primary Health Centre, Neelamperoor",
        "operator": "DEPARTMENT OF HEALTH SERVICES",
        "operator:type": "government",
        "phone": "+91-481-2726531",
        "ref": "1239",
        "@geometry": "center"
      },
      "geometry": {
        "type": "Point",
        "coordinates": [
          76.4898342,
          9.4681902
        ]
      },
      "id": "way/670993089"
    },
    {
      "type": "Feature",
      "properties": {
        "@id": "way/671588488",
        "addr:city": "chittar",
        "addr:district": "pathanamthitta",
        "addr:postcode": "689663",
        "addr:state": "State Region",
        "addr:street": "chittar",
        "amenity": "hospital",
        "health_facility:type": "CHC",
        "healthcare": "hospital",
        "name": "Community Health Centre ,Chittar",
        "operator": "department of health services",
        "operator:type": "government",
        "@geometry": "center"
      },
      "geometry": {
        "type": "Point",
        "coordinates": [
          76.590204,
          9.3575101
        ]
      },
      "id": "way/671588488"
    },
    {
      "type": "Feature",
      "properties": {
        "@id": "node/675546475",
        "amenity": "hospital",
        "name": "Alphonsa Eye Hospital"
      },
      "geometry": {
        "type": "Point",
        "coordinates": [
          76.6765231,
          9.7088081
        ]
      },
      "id": "node/675546475"
    },
    {
      "type": "Feature",
      "properties": {
        "@id": "way/684506446",
        "amenity": "hospital",
        "healthcare": "hospital",
        "name": "Primary Health Center Harippad",
        "ref": "1303",
        "@geometry": "center"
      },
      "geometry": {
        "type": "Point",
        "coordinates": [
          76.4599042,
          9.2861804
        ]
      },
      "id": "way/684506446"
    },
    {
      "type": "Feature",
      "properties": {
        "@id": "way/685520732",
        "amenity": "hospital",
        "healthcare": "hospital",
        "name": "Taluk Head Quarters Hospital Haripad",
        "operator": "Department of Health and Family Welfare",
        "operator:type": "government",
        "ref": "1295",
        "@geometry": "center"
      },
      "geometry": {
        "type": "Point",
        "coordinates": [
          76.4599579,
          9.2799474
        ]
      },
      "id": "way/685520732"
    },
    {
      "type": "Feature",
      "properties": {
        "@id": "way/686238557",
        "addr:district": "Kottayam",
        "amenity": "hospital",
        "healthcare": "hospital",
        "name": "District Hospital Kottayam",
        "name:en": "General Hospital, Kottayam",
        "name:ml": "ജനറൽ ആശുപത്രി",
        "operator": "department of health services",
        "operator:type": "government",
        "ref": "1310",
        "@geometry": "center"
      },
      "geometry": {
        "type": "Point",
        "coordinates": [
          76.5258659,
          9.5903999
        ]
      },
      "id": "way/686238557"
    },
    {
      "type": "Feature",
      "properties": {
        "@id": "node/690414609",
        "addr:district": "Kottayam",
        "addr:full": "Pala",
        "addr:postcode": "686575",
        "addr:state": "State Region",
        "amenity": "hospital",
        "building": "hospital",
        "emergency": "yes",
        "healthcare": "hospital",
        "is_in": "Pala",
        "name": "General Hospital",
        "name:en": "General Hospital",
        "name:ml": "പാലാ ജനറൽ ആശുപത്രി",
        "operator": "DEPARTMENT OF HEALTH SERVICES",
        "operator:type": "government",
        "source": "OpenGovernmentData"
      },
      "geometry": {
        "type": "Point",
        "coordinates": [
          76.6809641,
          9.711455
        ]
      },
      "id": "node/690414609"
    },
    {
      "type": "Feature",
      "properties": {
        "@id": "way/690848869",
        "addr:postcode": "688527",
        "amenity": "hospital",
        "healthcare": "hospital",
        "healthcare:speciality": "ayurvedha",
        "name": "sreepathy ayurvedha hospital",
        "@geometry": "center"
      },
      "geometry": {
        "type": "Point",
        "coordinates": [
          76.3628089,
          9.6825864
        ]
      },
      "id": "way/690848869"
    },
    {
      "type": "Feature",
      "properties": {
        "@id": "way/727987218",
        "addr:city": "Chemmathmukk",
        "amenity": "hospital",
        "healthcare": "hospital",
        "name": "Government Ayurvedic dispensary, Chemmathmukk",
        "@geometry": "center"
      },
      "geometry": {
        "type": "Point",
        "coordinates": [
          76.6142756,
          9.2797998
        ]
      },
      "id": "way/727987218"
    },
    {
      "type": "Feature",
      "properties": {
        "@id": "way/728827687",
        "amenity": "hospital",
        "healthcare": "hospital",
        "name": "Primary Health Centre Puliyoor",
        "operator": "DEPARTMENT OF HEALTH SERVICES",
        "operator:type": "government",
        "phone": "+91-4792466555",
        "ref": "1270",
        "@geometry": "center"
      },
      "geometry": {
        "type": "Point",
        "coordinates": [
          76.5810618,
          9.3016755
        ]
      },
      "id": "way/728827687"
    },
    {
      "type": "Feature",
      "properties": {
        "@id": "way/734746806",
        "amenity": "hospital",
        "email": "info@st-thomashospital.com",
        "healthcare": "hospital",
        "healthcare:speciality": "oncology;emergency;cardiology;general",
        "name": "St. Thomas Hospital, Chethipuzha",
        "name:ml": "സെന്റ് തോമസ് ആശുപത്രി, ചെത്തിപ്പുഴ",
        "website": "https://www.st-thomashospital.com/",
        "@geometry": "center"
      },
      "geometry": {
        "type": "Point",
        "coordinates": [
          76.5524468,
          9.462046
        ]
      },
      "id": "way/734746806"
    },
    {
      "type": "Feature",
      "properties": {
        "@id": "way/736741227",
        "amenity": "hospital",
        "healthcare": "hospital",
        "name": "Govt Hosiptal Mevada",
        "@geometry": "center"
      },
      "geometry": {
        "type": "Point",
        "coordinates": [
          76.667902,
          9.6722581
        ]
      },
      "id": "way/736741227"
    },
    {
      "type": "Feature",
      "properties": {
        "@id": "way/742395566",
        "addr:city": "pandalam",
        "addr:district": "Pathanamthitta",
        "addr:full": "M.M Junction, Pandalam",
        "addr:housenumber": "Changethu hospital",
        "addr:postcode": "689503",
        "addr:state": "State Region",
        "addr:street": "near medical mission hospital",
        "amenity": "hospital",
        "building": "yes",
        "healthcare": "hospital",
        "healthcare:speciality": "ayurveda_TREATMENTS",
        "name": "Changethu Ayurveda Hospital",
        "operator": "Dr SATHEESH",
        "operator:type": "private",
        "source": "OpenGovernmentData",
        "@geometry": "center"
      },
      "geometry": {
        "type": "Point",
        "coordinates": [
          76.682096,
          9.2170763
        ]
      },
      "id": "way/742395566"
    },
    {
      "type": "Feature",
      "properties": {
        "@id": "way/742520134",
        "amenity": "hospital",
        "healthcare": "hospital",
        "name": "Mar Geevarghese Dionysius Memorial Hospital",
        "@geometry": "center"
      },
      "geometry": {
        "type": "Point",
        "coordinates": [
          76.6731549,
          9.5293116
        ]
      },
      "id": "way/742520134"
    },
    {
      "type": "Feature",
      "properties": {
        "@id": "way/742748967",
        "addr:block": "Paika",
        "addr:city": "Paika",
        "addr:country": "IN",
        "addr:district": "Kottayam",
        "addr:housenumber": "1352",
        "addr:postcode": "686577",
        "addr:state": "State Region",
        "addr:street": "Pala-Ponkunam Road",
        "admin_level": "5",
        "amenity": "hospital",
        "beds": "46",
        "building": "hospital",
        "email": "chcpaika@gmail.com",
        "healthcare": "hospital",
        "name": "community health centre, paika",
        "opening_hours": "5",
        "operator": "department of health services",
        "operator:type": "government",
        "phone": "+91-4822-225347",
        "ref": "1352",
        "short_name": "CHC, paika",
        "taluk": "kanjirappally",
        "@geometry": "center"
      },
      "geometry": {
        "type": "Point",
        "coordinates": [
          76.7245188,
          9.6516027
        ]
      },
      "id": "way/742748967"
    },
    {
      "type": "Feature",
      "properties": {
        "@id": "way/742805184",
        "addr:city": "Pathanamthitta",
        "addr:postcode": "689645",
        "addr:street": "Thazhevettipuram",
        "amenity": "hospital",
        "building": "hospital",
        "height": "3",
        "name": "Changethu Bhaskaran Nair Memorial Hospital",
        "phone": "+914682221389",
        "website": "https://changethuayurveda.com/",
        "@geometry": "center"
      },
      "geometry": {
        "type": "Point",
        "coordinates": [
          76.7908389,
          9.2724693
        ]
      },
      "id": "way/742805184"
    },
    {
      "type": "Feature",
      "properties": {
        "@id": "way/743182194",
        "addr:district": "Kottayam",
        "addr:full": "Perumpanachy P.O., Changanacherry",
        "addr:postcode": "686536",
        "addr:state": "State Region",
        "addr:street": "Changanassery- Vazhoor Road",
        "amenity": "hospital",
        "building": "yes",
        "healthcare": "hospital",
        "name": "Thengana Medical Mission Hospital and Research Centre",
        "source": "OpenGovernmentData",
        "website": "http://www.tmmhrc.in/",
        "@geometry": "center"
      },
      "geometry": {
        "type": "Point",
        "coordinates": [
          76.5799458,
          9.476505
        ]
      },
      "id": "way/743182194"
    },
    {
      "type": "Feature",
      "properties": {
        "@id": "way/744253296",
        "addr:block": "erumely",
        "addr:city": "Koottickal",
        "addr:country": "IN",
        "addr:district": "kottayam",
        "addr:postcode": "686514",
        "addr:state": "State Region",
        "addr:street": "thalunkal road",
        "admin_level": "5",
        "amenity": "hospital",
        "beds": "38",
        "building": "hospital",
        "email": "chckoottickal@gmail.com",
        "healthcare": "hospital",
        "name": "Community Health Centre, Koottickal",
        "opening_hours": "24/7",
        "operator": "department of health services",
        "operator:type": "government",
        "phone": "+91-4828-284612",
        "short_name": "CHC, Koottickal",
        "taluk": "kanjirappally",
        "@geometry": "center"
      },
      "geometry": {
        "type": "Point",
        "coordinates": [
          76.8855684,
          9.5850206
        ]
      },
      "id": "way/744253296"
    },
    {
      "type": "Feature",
      "properties": {
        "@id": "way/744317096",
        "addr:block": "Koodalloor",
        "addr:city": "Kadaplamattom",
        "addr:country": "IN",
        "addr:district": "KOTTAYAM",
        "addr:postcode": "686571",
        "addr:state": "State Region",
        "addr:street": "Palayam - Kadaplamatom",
        "admin_level": "5",
        "amenity": "hospital",
        "beds": "56",
        "building": "hospital",
        "email": "chckadaplamattom@gmail.com",
        "healthcare": "hospital",
        "name": "Community Health Centre - Kadaplamattom",
        "opening_hours": "24/7",
        "operator": "Department of Health Services",
        "operator:type": "government",
        "phone": "+91-4822-251499",
        "ref": "1394",
        "short_name": "CHC, Kadaplamattom",
        "taluk": "meenachil",
        "@geometry": "center"
      },
      "geometry": {
        "type": "Point",
        "coordinates": [
          76.6104572,
          9.7163909
        ]
      },
      "id": "way/744317096"
    },
    {
      "type": "Feature",
      "properties": {
        "@id": "node/748739164",
        "addr:district": "Kottayam",
        "addr:full": "Palai - Thodupuzha Highway, Anthinad P.O., Near Palai",
        "addr:postcode": "686651",
        "addr:state": "State Region",
        "alt_name": "Mar Kavukatt Memorial Hospital",
        "amenity": "hospital",
        "contact:phone": "+91-4822248927",
        "name": "Mar Kavukatt Memorial Hospital, Anthinad",
        "source": "OpenGovernmentData",
        "website": "https://mkmhospital.com/"
      },
      "geometry": {
        "type": "Point",
        "coordinates": [
          76.703386,
          9.7473158
        ]
      },
      "id": "node/748739164"
    },
    {
      "type": "Feature",
      "properties": {
        "@id": "way/767440303",
        "addr:city": "Pathanamthitta",
        "addr:postcode": "689645",
        "addr:street": "Thiruvalla - Kumbazha road",
        "amenity": "hospital",
        "healthcare": "hospital",
        "name": "Government general Hospital, pathanamthitta",
        "name:en": "Government Hospital, Pathanamthitta",
        "opening_hours": "24/7",
        "operator": "Dept. of Health Services",
        "operator:type": "government",
        "phone": "+914732343469",
        "source": "OpenGovernmentData",
        "@geometry": "center"
      },
      "geometry": {
        "type": "Point",
        "coordinates": [
          76.7815064,
          9.2661732
        ]
      },
      "id": "way/767440303"
    },
    {
      "type": "Feature",
      "properties": {
        "@id": "way/767461631",
        "addr:city": "Puramattom kumbanad",
        "addr:postcode": "689543",
        "addr:street": "Puramattom",
        "amenity": "hospital",
        "healthcare": "hospital",
        "name": "Primary Health Centre, Puramattom",
        "operator": "DHS",
        "operator:type": "government",
        "ref": "1189",
        "@geometry": "center"
      },
      "geometry": {
        "type": "Point",
        "coordinates": [
          76.6519998,
          9.388708
        ]
      },
      "id": "way/767461631"
    },
    {
      "type": "Feature",
      "properties": {
        "@id": "way/771683423",
        "amenity": "hospital",
        "healthcare": "hospital",
        "name": "DRC SLR Diagnostic services",
        "@geometry": "center"
      },
      "geometry": {
        "type": "Point",
        "coordinates": [
          76.5786806,
          9.3895741
        ]
      },
      "id": "way/771683423"
    },
    {
      "type": "Feature",
      "properties": {
        "@id": "way/783934633",
        "amenity": "hospital",
        "healthcare": "hospital",
        "name": "Madathil Ayurveda Hospital & Pain Management Clinic",
        "@geometry": "center"
      },
      "geometry": {
        "type": "Point",
        "coordinates": [
          76.4903881,
          9.8716802
        ]
      },
      "id": "way/783934633"
    },
    {
      "type": "Feature",
      "properties": {
        "@id": "way/785904546",
        "addr:city": "pandalam",
        "addr:housenumber": "BIOCARE, NABH Certified Medical Laboratory",
        "addr:postcode": "689501",
        "addr:street": "Govt. hospital road",
        "amenity": "hospital",
        "healthcare": "laboratory;hospital",
        "name": "Biocare Certified Medical Laboratory;Family Health Centre",
        "opening_hours": "Mo-Su 08:00-22:00",
        "operator": "private",
        "survey:date": "2021-11-20",
        "@geometry": "center"
      },
      "geometry": {
        "type": "Point",
        "coordinates": [
          76.682552,
          9.2245621
        ]
      },
      "id": "way/785904546"
    },
    {
      "type": "Feature",
      "properties": {
        "@id": "way/788439994",
        "amenity": "hospital",
        "healthcare": "hospital",
        "name": "N.S.S Medical Mission Hospital,Karukachal",
        "@geometry": "center"
      },
      "geometry": {
        "type": "Point",
        "coordinates": [
          76.6334897,
          9.4992323
        ]
      },
      "id": "way/788439994"
    },
    {
      "type": "Feature",
      "properties": {
        "@id": "way/788440002",
        "amenity": "hospital",
        "healthcare": "hospital",
        "name": "Mercy Nursing Home,Karukachal",
        "@geometry": "center"
      },
      "geometry": {
        "type": "Point",
        "coordinates": [
          76.6402334,
          9.5041608
        ]
      },
      "id": "way/788440002"
    },
    {
      "type": "Feature",
      "properties": {
        "@id": "way/788831914",
        "addr:postcode": "689103",
        "addr:street": "Thiruvalla - Mallappally Road",
        "amenity": "hospital",
        "healthcare": "hospital",
        "name": "Goverment Ayurveda Hospital, Paipad",
        "@geometry": "center"
      },
      "geometry": {
        "type": "Point",
        "coordinates": [
          76.5856178,
          9.4135836
        ]
      },
      "id": "way/788831914"
    },
    {
      "type": "Feature",
      "properties": {
        "@id": "way/789759528",
        "amenity": "hospital",
        "check_date": "2025-12-21",
        "healthcare": "hospital",
        "name": "Veterinary Hospital Piravom",
        "@geometry": "center"
      },
      "geometry": {
        "type": "Point",
        "coordinates": [
          76.4955395,
          9.8790367
        ]
      },
      "id": "way/789759528"
    },
    {
      "type": "Feature",
      "properties": {
        "@id": "way/790459244",
        "addr:city": "nellickal",
        "addr:district": "pathanamthitta",
        "addr:postcode": "689531",
        "addr:state": "State Region",
        "addr:street": "koipuram",
        "amenity": "hospital",
        "health_facility:type": "health care facility",
        "healthcare": "hospital",
        "name": "Family Health Centre, Koipuram",
        "operator": "DHS",
        "operator:type": "government",
        "ref": "1209",
        "@geometry": "center"
      },
      "geometry": {
        "type": "Point",
        "coordinates": [
          76.6531449,
          9.3342832
        ]
      },
      "id": "way/790459244"
    },
    {
      "type": "Feature",
      "properties": {
        "@id": "way/791403418",
        "amenity": "hospital",
        "check_date": "2025-12-31",
        "healthcare": "hospital",
        "name": "Puthiyedom Hospital, Poovarany",
        "@geometry": "center"
      },
      "geometry": {
        "type": "Point",
        "coordinates": [
          76.7078231,
          9.6671122
        ]
      },
      "id": "way/791403418"
    },
    {
      "type": "Feature",
      "properties": {
        "@id": "way/796457195",
        "amenity": "hospital",
        "healthcare": "hospital",
        "name": "Primary Health Center  Mararikulam North",
        "operator": "DEPARTMENT OF HEALTH SERVICES",
        "operator:type": "government",
        "phone": "+91-4782863001",
        "ref": "1250",
        "@geometry": "center"
      },
      "geometry": {
        "type": "Point",
        "coordinates": [
          76.315529,
          9.6269006
        ]
      },
      "id": "way/796457195"
    },
    {
      "type": "Feature",
      "properties": {
        "@id": "way/796962410",
        "amenity": "hospital",
        "healthcare": "hospital",
        "name": "Community Health Centre Thrikkunnapuzha",
        "ref": "1306",
        "@geometry": "center"
      },
      "geometry": {
        "type": "Point",
        "coordinates": [
          76.410893,
          9.2597469
        ]
      },
      "id": "way/796962410"
    },
    {
      "type": "Feature",
      "properties": {
        "@id": "way/797548139",
        "addr:city": "Konni",
        "addr:postcode": "689691",
        "addr:street": "kaipattor-konni road",
        "amenity": "hospital",
        "healthcare": "hospital",
        "name": "Government Taluk Hospital, Konni",
        "operator": "Department of Health and Family Welfare",
        "operator:type": "government",
        "ref": "1182",
        "@geometry": "center"
      },
      "geometry": {
        "type": "Point",
        "coordinates": [
          76.8455933,
          9.2313052
        ]
      },
      "id": "way/797548139"
    },
    {
      "type": "Feature",
      "properties": {
        "@id": "way/797856925",
        "amenity": "hospital",
        "healthcare": "hospital",
        "name": "Government Hospital Kallooppara",
        "operator": "Department of Health and Family Welfare",
        "operator:type": "public",
        "ref": "1207",
        "@geometry": "center"
      },
      "geometry": {
        "type": "Point",
        "coordinates": [
          76.6353324,
          9.4104314
        ]
      },
      "id": "way/797856925"
    },
    {
      "type": "Feature",
      "properties": {
        "@id": "way/797884209",
        "amenity": "hospital",
        "healthcare": "hospital",
        "name": "primary health centre",
        "operator": "government",
        "operator:type": "public",
        "@geometry": "center"
      },
      "geometry": {
        "type": "Point",
        "coordinates": [
          76.8568334,
          9.8653679
        ]
      },
      "id": "way/797884209"
    },
    {
      "type": "Feature",
      "properties": {
        "@id": "way/798087227",
        "amenity": "hospital",
        "healthcare": "hospital",
        "name": "Government Homeo Medical College",
        "@geometry": "center"
      },
      "geometry": {
        "type": "Point",
        "coordinates": [
          76.5328795,
          9.5056534
        ]
      },
      "id": "way/798087227"
    },
    {
      "type": "Feature",
      "properties": {
        "@id": "way/798230898",
        "addr:city": "vallicode kottayam",
        "addr:postcode": "689656",
        "amenity": "hospital",
        "healthcare": "hospital",
        "name": "Primary Health Centre, Pramadam",
        "operator": "DHS",
        "operator:type": "government",
        "ref": "1180",
        "@geometry": "center"
      },
      "geometry": {
        "type": "Point",
        "coordinates": [
          76.8096828,
          9.218427
        ]
      },
      "id": "way/798230898"
    },
    {
      "type": "Feature",
      "properties": {
        "@id": "way/798250894",
        "addr:city": "chennithala",
        "addr:postcode": "690105",
        "addr:street": "mayara road",
        "amenity": "hospital",
        "healthcare": "hospital",
        "healthcare:speciality": "general",
        "name": "kvm ayurvedic hospital",
        "@geometry": "center"
      },
      "geometry": {
        "type": "Point",
        "coordinates": [
          76.5245093,
          9.2857726
        ]
      },
      "id": "way/798250894"
    },
    {
      "type": "Feature",
      "properties": {
        "@id": "way/798390637",
        "amenity": "hospital",
        "healthcare": "hospital",
        "name": "community health centre keechery",
        "ref": "1520",
        "@geometry": "center"
      },
      "geometry": {
        "type": "Point",
        "coordinates": [
          76.4157987,
          9.8404091
        ]
      },
      "id": "way/798390637"
    },
    {
      "type": "Feature",
      "properties": {
        "@id": "way/798621585",
        "addr:city": "THiruvalla",
        "addr:street": "Kayamkulam - Thiruvalla Road",
        "amenity": "hospital",
        "emergency": "yes",
        "healthcare": "hospital",
        "healthcare:speciality": "general",
        "name": "Taluk Headquarters Hospital Thiruvalla",
        "operator": "Department of Health and Family Welfare",
        "operator:type": "government",
        "ref": "1204",
        "@geometry": "center"
      },
      "geometry": {
        "type": "Point",
        "coordinates": [
          76.5694167,
          9.3785752
        ]
      },
      "id": "way/798621585"
    },
    {
      "type": "Feature",
      "properties": {
        "@id": "way/798626112",
        "addr:city": "mavelikara",
        "addr:district": "Alappuzha",
        "addr:postcode": "690101",
        "addr:state": "State Region",
        "addr:street": "Mavelikkara - Kozhencherry Road",
        "amenity": "hospital",
        "health_facility:type": "clinic",
        "healthcare": "hospital",
        "name": "District Hospital Mavelikkara",
        "operator": "Department of Health and Family Welfare",
        "operator:type": "government",
        "@geometry": "center"
      },
      "geometry": {
        "type": "Point",
        "coordinates": [
          76.5516,
          9.2562213
        ]
      },
      "id": "way/798626112"
    },
    {
      "type": "Feature",
      "properties": {
        "@id": "way/798736229",
        "addr:city": "Cherthala",
        "addr:postcode": "688524",
        "amenity": "hospital",
        "emergency": "yes",
        "healthcare": "hospital",
        "healthcare:speciality": "general;paediatrics;orthopaedics;gynaecology;surgery;ophthalmology;emergency;dermatology;maternity",
        "name": "Taluk Head Quarters Hospital Cherthala",
        "operator": "Department of Health Services",
        "operator:type": "government",
        "ref": "1243",
        "wikimedia_commons": "File:Cherthala Taluk Hospital 4.jpg",
        "@geometry": "center"
      },
      "geometry": {
        "type": "Point",
        "coordinates": [
          76.3399539,
          9.6816843
        ]
      },
      "id": "way/798736229"
    },
    {
      "type": "Feature",
      "properties": {
        "@id": "way/798817580",
        "amenity": "hospital",
        "healthcare": "hospital",
        "name": "Taluk Hospital, Thuravoor",
        "operator": "Department of Health and Family Welfare",
        "operator:type": "government",
        "wikidata": "Q126011018",
        "@geometry": "center"
      },
      "geometry": {
        "type": "Point",
        "coordinates": [
          76.3178956,
          9.7693607
        ]
      },
      "id": "way/798817580"
    },
    {
      "type": "Feature",
      "properties": {
        "@id": "way/798895346",
        "addr:city": "Thottacadu,Kottayam",
        "addr:postcode": "686539",
        "addr:street": "Kottayam-Kozhencherry Highway",
        "amenity": "hospital",
        "email": "chcthottakkadu@gmail.com",
        "healthcare": "hospital",
        "name": "CHC, THOTTAKADU",
        "operator": "Department of Health Services",
        "operator:type": "government",
        "phone": "+91-481-2462370",
        "@geometry": "center"
      },
      "geometry": {
        "type": "Point",
        "coordinates": [
          76.601663,
          9.5346358
        ]
      },
      "id": "way/798895346"
    },
    {
      "type": "Feature",
      "properties": {
        "@id": "way/798913534",
        "amenity": "hospital",
        "healthcare": "hospital",
        "name": "Taluk Headquarters Hospital Thoduopuzha",
        "operator": "Department of Health Services",
        "operator:type": "government",
        "ref": "1437",
        "@geometry": "center"
      },
      "geometry": {
        "type": "Point",
        "coordinates": [
          76.7264572,
          9.8998184
        ]
      },
      "id": "way/798913534"
    },
    {
      "type": "Feature",
      "properties": {
        "@id": "way/798933725",
        "amenity": "hospital",
        "healthcare": "hospital",
        "name": "DHC",
        "operator": "government",
        "operator:type": "government",
        "@geometry": "center"
      },
      "geometry": {
        "type": "Point",
        "coordinates": [
          76.6416855,
          9.4556118
        ]
      },
      "id": "way/798933725"
    },
    {
      "type": "Feature",
      "properties": {
        "@id": "way/799030546",
        "addr:city": "Thellakom",
        "addr:street": "MC Road",
        "amenity": "hospital",
        "healthcare": "hospital",
        "healthcare:speciality": "ophthalmology",
        "name": "Ahalia Foundation eye hospital",
        "operator:type": "private",
        "@geometry": "center"
      },
      "geometry": {
        "type": "Point",
        "coordinates": [
          76.5508525,
          9.6514443
        ]
      },
      "id": "way/799030546"
    },
    {
      "type": "Feature",
      "properties": {
        "@id": "way/799051139",
        "addr:city": "Kozhencherry",
        "amenity": "hospital",
        "healthcare": "hospital",
        "name": "Poyyanil Hospital",
        "@geometry": "center"
      },
      "geometry": {
        "type": "Point",
        "coordinates": [
          76.7079614,
          9.336745
        ]
      },
      "id": "way/799051139"
    },
    {
      "type": "Feature",
      "properties": {
        "@id": "way/799051197",
        "addr:city": "Kozhencherry",
        "amenity": "hospital",
        "healthcare": "hospital",
        "name": "Mulamoottil Eye hospital",
        "@geometry": "center"
      },
      "geometry": {
        "type": "Point",
        "coordinates": [
          76.7071989,
          9.336877
        ]
      },
      "id": "way/799051197"
    },
    {
      "type": "Feature",
      "properties": {
        "@id": "way/799051370",
        "addr:city": "Kozhencherry",
        "amenity": "hospital",
        "healthcare": "hospital",
        "name": "Muthoot Hospital",
        "@geometry": "center"
      },
      "geometry": {
        "type": "Point",
        "coordinates": [
          76.7109565,
          9.3377072
        ]
      },
      "id": "way/799051370"
    },
    {
      "type": "Feature",
      "properties": {
        "@id": "way/799052919",
        "addr:city": "MANKAMKUZHI",
        "addr:street": "Kollam - Teni Highway",
        "amenity": "hospital",
        "healthcare": "hospital",
        "healthcare:speciality": "otolaryngology",
        "name": "Thomman Parambil Samuel Memorial ENT Centre & General Clinic",
        "operator": "Dr Jibin John Thomas",
        "@geometry": "center"
      },
      "geometry": {
        "type": "Point",
        "coordinates": [
          76.5887555,
          9.2363326
        ]
      },
      "id": "way/799052919"
    },
    {
      "type": "Feature",
      "properties": {
        "@id": "way/799056945",
        "addr:city": "Kozhencherry",
        "addr:postcode": "689641",
        "amenity": "hospital",
        "emergency": "yes",
        "healthcare": "hospital",
        "healthcare:speciality": "community",
        "name": "District Hospital Kozencherry",
        "operator": "Department of Health and Family Welfare",
        "operator:type": "government",
        "ref": "1183",
        "@geometry": "center"
      },
      "geometry": {
        "type": "Point",
        "coordinates": [
          76.7064552,
          9.3357869
        ]
      },
      "id": "way/799056945"
    },
    {
      "type": "Feature",
      "properties": {
        "@id": "way/799119025",
        "addr:city": "Arpookkara, Kottayam",
        "addr:postcode": "686008",
        "addr:street": "Gandhi Nagar",
        "amenity": "hospital",
        "healthcare": "hospital",
        "name": "Obstetrics and Gynaecology Institute.",
        "@geometry": "center"
      },
      "geometry": {
        "type": "Point",
        "coordinates": [
          76.519512,
          9.6340983
        ]
      },
      "id": "way/799119025"
    },
    {
      "type": "Feature",
      "properties": {
        "@id": "way/799119039",
        "addr:block": "Athirampuzha",
        "addr:city": "Athirampuzha",
        "addr:country": "IN",
        "addr:district": "kottayam",
        "addr:postcode": "686562",
        "addr:state": "State Region",
        "addr:street": "Nalpathimala road",
        "alt_name": "PHC, Athirampuzha",
        "amenity": "hospital",
        "area": "yes",
        "beds": "42",
        "building": "hospital",
        "email": "phcathirampuzha1@gmail.com",
        "healthcare": "hospital",
        "name": "24*7 Primary Health centre, Athirampuzha",
        "opening_hours": "24/7",
        "operator": "department of health services",
        "operator:type": "government",
        "phone": "+91-481-2730095",
        "ref": "1358",
        "short_name": "24*7 PHC, Athirampuzha",
        "taluk": "kottayam",
        "@geometry": "center"
      },
      "geometry": {
        "type": "Point",
        "coordinates": [
          76.5403371,
          9.6658517
        ]
      },
      "id": "way/799119039"
    },
    {
      "type": "Feature",
      "properties": {
        "@id": "way/799123944",
        "addr:city": "Pathanamthitta",
        "addr:postcode": "689645",
        "amenity": "hospital",
        "emergency": "yes",
        "healthcare": "hospital",
        "name": "General Hospital Pathanamthitta",
        "operator": "Department of Health and Family Welfare",
        "operator:type": "government",
        "ref": "1148",
        "@geometry": "center"
      },
      "geometry": {
        "type": "Point",
        "coordinates": [
          76.7815616,
          9.2662018
        ]
      },
      "id": "way/799123944"
    },
    {
      "type": "Feature",
      "properties": {
        "@id": "way/799156427",
        "amenity": "hospital",
        "healthcare": "hospital",
        "name": "Dr Alex Thomas Pediatrician",
        "@geometry": "center"
      },
      "geometry": {
        "type": "Point",
        "coordinates": [
          76.4363331,
          9.783481
        ]
      },
      "id": "way/799156427"
    },
    {
      "type": "Feature",
      "properties": {
        "@id": "way/799270607",
        "addr:city": "Ettumanur,Kottayam",
        "addr:postcode": "686561",
        "addr:street": "Gandhi Nagar",
        "amenity": "hospital",
        "healthcare": "hospital",
        "name": "Institute of Child Health and Childrens Hospital Kottayam",
        "operator": "Department of  Health Services",
        "operator:type": "government",
        "ref": "2272",
        "@geometry": "center"
      },
      "geometry": {
        "type": "Point",
        "coordinates": [
          76.5308387,
          9.6416422
        ]
      },
      "id": "way/799270607"
    },
    {
      "type": "Feature",
      "properties": {
        "@id": "way/799270955",
        "amenity": "hospital",
        "healthcare": "hospital",
        "name": "Community Health Centre Vallana",
        "operator": "DHS",
        "operator:type": "government",
        "ref": "1275",
        "@geometry": "center"
      },
      "geometry": {
        "type": "Point",
        "coordinates": [
          76.6679756,
          9.2977419
        ]
      },
      "id": "way/799270955"
    },
    {
      "type": "Feature",
      "properties": {
        "@id": "way/799276409",
        "addr:city": "Chengannur",
        "addr:street": "Chengannur-Kozhencherry Road",
        "amenity": "hospital",
        "healthcare": "hospital",
        "name": "ESIC Hospital",
        "@geometry": "center"
      },
      "geometry": {
        "type": "Point",
        "coordinates": [
          76.6220573,
          9.3192781
        ]
      },
      "id": "way/799276409"
    },
    {
      "type": "Feature",
      "properties": {
        "@id": "way/799276421",
        "addr:postcode": "689124",
        "alt_name": "Dr. KM Cherian Institute of Medical Sciences;KMC Hospital;Kalliserry Aashupathri",
        "amenity": "hospital",
        "email": "info@drkmcims.com",
        "emergency": "yes",
        "healthcare": "hospital",
        "healthcare:speciality": "cardiology",
        "name": "Kallissery Hospital",
        "name:ml": "കല്ലിശേരി ആശുപത്രി",
        "official_name": "Dr. KM Cherian Institute of Medical Sciences",
        "phone": "+91-479 236 3456;0479 2427007;9188086888;9188026888",
        "short_name": "KMC Hospital",
        "website": "https://drkmcims.com",
        "@geometry": "center"
      },
      "geometry": {
        "type": "Point",
        "coordinates": [
          76.5938896,
          9.3331381
        ]
      },
      "id": "way/799276421"
    },
    {
      "type": "Feature",
      "properties": {
        "@id": "way/799276422",
        "addr:city": "pandanad",
        "addr:postcode": "689506",
        "addr:street": "Chengannur Parumala Mannar Road Keezhuvanmazhy,Pandanad",
        "amenity": "hospital",
        "healthcare": "hospital",
        "healthcare:speciality": "general",
        "name": "Community Health Centre pandanad",
        "operator": "Health Care Centre",
        "operator:type": "government",
        "@geometry": "center"
      },
      "geometry": {
        "type": "Point",
        "coordinates": [
          76.5765972,
          9.3241986
        ]
      },
      "id": "way/799276422"
    },
    {
      "type": "Feature",
      "properties": {
        "@id": "way/799279209",
        "amenity": "hospital",
        "healthcare": "hospital",
        "healthcare:speciality": "ophthalmology",
        "name": "gowrisa eye hospital",
        "@geometry": "center"
      },
      "geometry": {
        "type": "Point",
        "coordinates": [
          76.553904,
          9.7085248
        ]
      },
      "id": "way/799279209"
    },
    {
      "type": "Feature",
      "properties": {
        "@id": "way/799279569",
        "amenity": "hospital",
        "healthcare": "hospital",
        "healthcare:speciality": "veterinary",
        "name": "government veterinary hospital",
        "@geometry": "center"
      },
      "geometry": {
        "type": "Point",
        "coordinates": [
          76.5568073,
          9.712461
        ]
      },
      "id": "way/799279569"
    },
    {
      "type": "Feature",
      "properties": {
        "@id": "way/799294224",
        "amenity": "hospital",
        "healthcare": "hospital",
        "name": "Primary Health Centre Aryad",
        "operator": "DEPARTMENT OF HEALTH SERVICES",
        "operator:type": "GOVERNEMNT",
        "phone": "+91-477-2249070",
        "ref": "1223",
        "@geometry": "center"
      },
      "geometry": {
        "type": "Point",
        "coordinates": [
          76.3315267,
          9.5433765
        ]
      },
      "id": "way/799294224"
    },
    {
      "type": "Feature",
      "properties": {
        "@id": "way/799334158",
        "addr:city": "Ranni",
        "addr:housenumber": "SH8",
        "addr:postcode": "689672",
        "addr:street": "Main Eastern Highway",
        "amenity": "hospital",
        "emergency": "yes",
        "healthcare": "hospital",
        "healthcare:speciality": "general",
        "name": "Taluk Headquarters Hospital M C C M, Ranni",
        "operator": "Department of Health and Family Welfare",
        "operator:type": "government",
        "ref": "1176",
        "wheelchair": "yes",
        "@geometry": "center"
      },
      "geometry": {
        "type": "Point",
        "coordinates": [
          76.7805384,
          9.3779391
        ]
      },
      "id": "way/799334158"
    },
    {
      "type": "Feature",
      "properties": {
        "@id": "way/799337102",
        "amenity": "hospital",
        "healthcare": "hospital",
        "name": "Century Hospital Mulakkuzha",
        "@geometry": "center"
      },
      "geometry": {
        "type": "Point",
        "coordinates": [
          76.6355972,
          9.304895
        ]
      },
      "id": "way/799337102"
    },
    {
      "type": "Feature",
      "properties": {
        "@id": "way/799548975",
        "amenity": "hospital",
        "healthcare": "hospital",
        "name": "CHC Thycattussery",
        "operator": "DEPARTMENT OF HEALTH SERVICES",
        "operator:type": "government",
        "ref": "1260",
        "@geometry": "center"
      },
      "geometry": {
        "type": "Point",
        "coordinates": [
          76.3400369,
          9.7749237
        ]
      },
      "id": "way/799548975"
    },
    {
      "type": "Feature",
      "properties": {
        "@id": "way/799550107",
        "amenity": "hospital",
        "healthcare": "hospital",
        "name": "Community Health Centre Arookutty",
        "operator": "Department of health services",
        "operator:type": "government",
        "ref": "1262",
        "@geometry": "center"
      },
      "geometry": {
        "type": "Point",
        "coordinates": [
          76.3206568,
          9.8681718
        ]
      },
      "id": "way/799550107"
    },
    {
      "type": "Feature",
      "properties": {
        "@id": "way/799552784",
        "amenity": "hospital",
        "healthcare": "hospital",
        "name": "Community Health Centre Muhamma",
        "operator": "Department Of Health Science",
        "operator:type": "government",
        "ref": "1251",
        "@geometry": "center"
      },
      "geometry": {
        "type": "Point",
        "coordinates": [
          76.3549901,
          9.6066629
        ]
      },
      "id": "way/799552784"
    },
    {
      "type": "Feature",
      "properties": {
        "@id": "way/799560230",
        "amenity": "hospital",
        "healthcare": "hospital",
        "name": "Community Health Centre Perumbalam",
        "operator": "Department Of Health Services",
        "operator:type": "government",
        "ref": "1264",
        "@geometry": "center"
      },
      "geometry": {
        "type": "Point",
        "coordinates": [
          76.355385,
          9.8528227
        ]
      },
      "id": "way/799560230"
    },
    {
      "type": "Feature",
      "properties": {
        "@id": "way/799594160",
        "amenity": "hospital",
        "healthcare": "hospital",
        "name": "Medical College Health Unit Ambalapuzha",
        "operator": "DEPARTMENT OF HEALTH SERVICES",
        "operator:type": "government",
        "ref": "1217",
        "@geometry": "center"
      },
      "geometry": {
        "type": "Point",
        "coordinates": [
          76.3543863,
          9.3842762
        ]
      },
      "id": "way/799594160"
    },
    {
      "type": "Feature",
      "properties": {
        "@id": "way/799599905",
        "addr:city": "Alappuzha",
        "addr:postcode": "688505",
        "addr:street": "Champakulam",
        "amenity": "hospital",
        "healthcare": "hospital",
        "name": "Govt. Hospital Champakulam",
        "operator": "Department of Health and Family Welfare",
        "operator:type": "government",
        "ref": "1234",
        "@geometry": "center"
      },
      "geometry": {
        "type": "Point",
        "coordinates": [
          76.412753,
          9.4066955
        ]
      },
      "id": "way/799599905"
    },
    {
      "type": "Feature",
      "properties": {
        "@id": "way/799604890",
        "amenity": "hospital",
        "healthcare": "hospital",
        "name": "Taluk Headquarters Hospital Mallappally",
        "operator": "Department of Health and Family Welfare",
        "operator:type": "government",
        "ref": "1177",
        "@geometry": "center"
      },
      "geometry": {
        "type": "Point",
        "coordinates": [
          76.6481016,
          9.4533011
        ]
      },
      "id": "way/799604890"
    },
    {
      "type": "Feature",
      "properties": {
        "@id": "way/799735346",
        "amenity": "hospital",
        "healthcare": "hospital",
        "name": "Community Health Centre, Ezhumattoor",
        "operator": "DHS",
        "operator:type": "government",
        "ref": "1198",
        "@geometry": "center"
      },
      "geometry": {
        "type": "Point",
        "coordinates": [
          76.6976802,
          9.4276496
        ]
      },
      "id": "way/799735346"
    },
    {
      "type": "Feature",
      "properties": {
        "@id": "way/799735579",
        "addr:block": "karukachal",
        "addr:city": "Vakathanam",
        "addr:country": "IN",
        "addr:district": "kottayam",
        "addr:postcode": "686538",
        "addr:state": "State Region",
        "addr:street": "Njaliakuzhi-Ericade Road",
        "admin_level": "5",
        "amenity": "hospital",
        "beds": "24",
        "building": "hospital",
        "email": "vakathanamphc@gmail.com",
        "healthcare": "hospital",
        "name": "Primary Health Centre Vakathanam",
        "opening_hours": "24/7",
        "operator": "Department of Health and Family Welfare",
        "operator:type": "government",
        "phone": "+91-481-2461889",
        "ref": "1337",
        "short_name": "CHC, Vakathanam",
        "taluk": "changanacherry",
        "@geometry": "center"
      },
      "geometry": {
        "type": "Point",
        "coordinates": [
          76.5714593,
          9.5111579
        ]
      },
      "id": "way/799735579"
    },
    {
      "type": "Feature",
      "properties": {
        "@id": "way/799754268",
        "amenity": "hospital",
        "healthcare": "hospital",
        "name": "Community Health Centre Kunnamthanam",
        "operator": "DHS",
        "operator:type": "government",
        "ref": "1205",
        "@geometry": "center"
      },
      "geometry": {
        "type": "Point",
        "coordinates": [
          76.612325,
          9.441499
        ]
      },
      "id": "way/799754268"
    },
    {
      "type": "Feature",
      "properties": {
        "@id": "way/799755683",
        "amenity": "hospital",
        "healthcare": "hospital",
        "name": "Community Health Center Edathuva",
        "operator": "Department of Health Sevices",
        "operator:type": "government",
        "ref": "1241",
        "@geometry": "center"
      },
      "geometry": {
        "type": "Point",
        "coordinates": [
          76.4772545,
          9.3649818
        ]
      },
      "id": "way/799755683"
    },
    {
      "type": "Feature",
      "properties": {
        "@id": "way/799777514",
        "amenity": "hospital",
        "healthcare": "hospital",
        "name": "Primary Health Centre, Thottappuzhassery",
        "operator": "DHS",
        "operator:type": "government",
        "ref": "1188",
        "@geometry": "center"
      },
      "geometry": {
        "type": "Point",
        "coordinates": [
          76.7101564,
          9.3620106
        ]
      },
      "id": "way/799777514"
    },
    {
      "type": "Feature",
      "properties": {
        "@id": "way/799791763",
        "addr:city": "thiruvalla",
        "addr:district": "pathanamthitta",
        "addr:postcode": "689582",
        "addr:state": "State Region",
        "addr:street": "kaviyoor",
        "amenity": "hospital",
        "health_facility:type": "clinic",
        "healthcare": "hospital",
        "name": "Primary Health Centre, Kaviyoor",
        "operator": "department of health services",
        "operator:type": "government",
        "ref": "1200",
        "@geometry": "center"
      },
      "geometry": {
        "type": "Point",
        "coordinates": [
          76.6057705,
          9.3978234
        ]
      },
      "id": "way/799791763"
    },
    {
      "type": "Feature",
      "properties": {
        "@id": "way/799805095",
        "amenity": "hospital",
        "healthcare": "hospital",
        "name": "CHC Vechoochira",
        "operator": "DHS",
        "operator:type": "government",
        "@geometry": "center"
      },
      "geometry": {
        "type": "Point",
        "coordinates": [
          76.8531401,
          9.4272032
        ]
      },
      "id": "way/799805095"
    },
    {
      "type": "Feature",
      "properties": {
        "@id": "way/799811545",
        "addr:city": "anicadu",
        "addr:postcode": "689589",
        "addr:street": "anicadu",
        "amenity": "hospital",
        "healthcare": "hospital",
        "name": "Primary Health Centre Anicadu",
        "operator": "department of health services",
        "operator:type": "government",
        "@geometry": "center"
      },
      "geometry": {
        "type": "Point",
        "coordinates": [
          76.6656622,
          9.4616507
        ]
      },
      "id": "way/799811545"
    },
    {
      "type": "Feature",
      "properties": {
        "@id": "way/799839312",
        "amenity": "hospital",
        "healthcare": "hospital",
        "name": "Primary Health Care Centre, Pallikathode",
        "@geometry": "center"
      },
      "geometry": {
        "type": "Point",
        "coordinates": [
          76.6742364,
          9.5954751
        ]
      },
      "id": "way/799839312"
    },
    {
      "type": "Feature",
      "properties": {
        "@id": "way/800225424",
        "addr:city": "ranni",
        "addr:district": "pathanamthitta",
        "addr:postcode": "689673",
        "addr:state": "State Region",
        "amenity": "hospital",
        "health_facility:type": "clinic",
        "healthcare": "hospital",
        "name": "Marthoma Hospital",
        "@geometry": "center"
      },
      "geometry": {
        "type": "Point",
        "coordinates": [
          76.7856015,
          9.3865987
        ]
      },
      "id": "way/800225424"
    },
    {
      "type": "Feature",
      "properties": {
        "@id": "way/800234951",
        "amenity": "hospital",
        "healthcare": "hospital",
        "name": "Primary Health Centre, Ranni Angadi",
        "operator": "DHS",
        "operator:type": "government",
        "ref": "1168",
        "@geometry": "center"
      },
      "geometry": {
        "type": "Point",
        "coordinates": [
          76.7792893,
          9.4104515
        ]
      },
      "id": "way/800234951"
    },
    {
      "type": "Feature",
      "properties": {
        "@id": "way/800235957",
        "amenity": "hospital",
        "healthcare": "hospital",
        "name": "veterinary hospital",
        "@geometry": "center"
      },
      "geometry": {
        "type": "Point",
        "coordinates": [
          76.779241,
          9.4105164
        ]
      },
      "id": "way/800235957"
    },
    {
      "type": "Feature",
      "properties": {
        "@id": "way/800255004",
        "amenity": "hospital",
        "healthcare": "hospital",
        "name": "24*7 Primary Health Care Cherthala South",
        "operator": "DEPARTMENT OD HEALTH SERVICES",
        "operator:type": "government",
        "phone": "+91-47802572533",
        "ref": "1248",
        "@geometry": "center"
      },
      "geometry": {
        "type": "Point",
        "coordinates": [
          76.2996281,
          9.6542048
        ]
      },
      "id": "way/800255004"
    },
    {
      "type": "Feature",
      "properties": {
        "@id": "way/800258449",
        "amenity": "hospital",
        "healthcare": "hospital",
        "name": "Primary Health Centre Pallithodu",
        "operator": "DEPARTMENT OF HEALTH SERVICES",
        "operator:type": "government",
        "phone": "+91-478 2562590",
        "service_times": "24/7",
        "@geometry": "center"
      },
      "geometry": {
        "type": "Point",
        "coordinates": [
          76.2836865,
          9.7767779
        ]
      },
      "id": "way/800258449"
    },
    {
      "type": "Feature",
      "properties": {
        "@id": "way/800337202",
        "amenity": "hospital",
        "beds": "24",
        "email": "chettikulangaraphc@gmail.com",
        "fixme": "add proper tags:   panchayath = chettikulangara; taluk = mavelikkara",
        "healthcare": "hospital",
        "name": "Primary Health Centre 24x7 Chettikulangara",
        "operator:type": "government",
        "phone": "+91-479 234 5399",
        "ref": "1287",
        "@geometry": "center"
      },
      "geometry": {
        "type": "Point",
        "coordinates": [
          76.519969,
          9.2259782
        ]
      },
      "id": "way/800337202"
    },
    {
      "type": "Feature",
      "properties": {
        "@id": "way/800343117",
        "amenity": "hospital",
        "healthcare": "hospital",
        "name": "ashwini ayurvedic hospital",
        "@geometry": "center"
      },
      "geometry": {
        "type": "Point",
        "coordinates": [
          76.7881852,
          9.3858134
        ]
      },
      "id": "way/800343117"
    },
    {
      "type": "Feature",
      "properties": {
        "@id": "way/800465061",
        "addr:block": "Ettumanoor",
        "addr:city": "Aymanam",
        "addr:country": "IN",
        "addr:district": "kottayam",
        "addr:postcode": "686008",
        "addr:state": "State Region",
        "admin_level": "6",
        "alt_name": "Primary Health Centre,Aymanam,",
        "amenity": "hospital",
        "beds": "0",
        "building": "hospital",
        "email": "phcaymanam@ymail.com",
        "healthcare": "clinic",
        "name": "24*7 , Primary Health Centre, Aymanam",
        "opening_hours": "24/7",
        "operator": "Department of health services",
        "operator:type": "government",
        "panchayath": "aymanam",
        "phone": "+91-481 2516149",
        "ref": "1317",
        "short_name": "24*7 PHC, Aymanam",
        "taluk": "kottayam",
        "@geometry": "center"
      },
      "geometry": {
        "type": "Point",
        "coordinates": [
          76.4813889,
          9.6313817
        ]
      },
      "id": "way/800465061"
    },
    {
      "type": "Feature",
      "properties": {
        "@id": "way/800475884",
        "addr:city": "vallicode",
        "addr:postcode": "689648",
        "addr:street": "vallicode",
        "amenity": "hospital",
        "healthcare": "hospital",
        "name": "Primary Health Centre Vallicode",
        "operator": "Department of Health and Family Welfare",
        "operator:type": "government",
        "ref": "1152",
        "@geometry": "center"
      },
      "geometry": {
        "type": "Point",
        "coordinates": [
          76.7736461,
          9.2244708
        ]
      },
      "id": "way/800475884"
    },
    {
      "type": "Feature",
      "properties": {
        "@id": "way/800597031",
        "addr:city": "Elavumthitta",
        "addr:postcode": "689625",
        "addr:street": "Kozhencherry - Ambalakkadavu road",
        "amenity": "hospital",
        "healthcare": "hospital",
        "name": "Bodhi Hospital , Elavumthitta",
        "operator": "Private",
        "operator:type": "private",
        "@geometry": "center"
      },
      "geometry": {
        "type": "Point",
        "coordinates": [
          76.7102306,
          9.2657841
        ]
      },
      "id": "way/800597031"
    },
    {
      "type": "Feature",
      "properties": {
        "@id": "way/800651408",
        "amenity": "hospital",
        "healthcare": "hospital",
        "name": "Primary Health Center, Mannancheri",
        "operator": "DEPARTMENT OF HEALTH SERVICES",
        "operator:type": "government",
        "phone": "+91-47722922008",
        "ref": "1218",
        "@geometry": "center"
      },
      "geometry": {
        "type": "Point",
        "coordinates": [
          76.3434621,
          9.5614805
        ]
      },
      "id": "way/800651408"
    },
    {
      "type": "Feature",
      "properties": {
        "@id": "way/800652382",
        "amenity": "hospital",
        "healthcare": "hospital",
        "name": "District TB Centre Alappuzha",
        "operator": "Department Of Health Services",
        "operator:type": "government",
        "phone": "+91-477 2252861",
        "ref": "1226",
        "@geometry": "center"
      },
      "geometry": {
        "type": "Point",
        "coordinates": [
          76.341099,
          9.4913399
        ]
      },
      "id": "way/800652382"
    },
    {
      "type": "Feature",
      "properties": {
        "@id": "way/800654983",
        "amenity": "hospital",
        "healthcare": "hospital",
        "name": "Primary Health Centre Ezhupunna",
        "operator": "DEPARTMENT OF HEALTH SERVICES",
        "operator:type": "government",
        "phone": "+91-4782565944",
        "@geometry": "center"
      },
      "geometry": {
        "type": "Point",
        "coordinates": [
          76.3026123,
          9.7941813
        ]
      },
      "id": "way/800654983"
    },
    {
      "type": "Feature",
      "properties": {
        "@id": "way/800655348",
        "addr:city": "Karuvatta,Haripad",
        "addr:postcode": "690517",
        "addr:street": "Salem-Kochi-Kanyakumari Road",
        "amenity": "hospital",
        "email": "thclinic517@gmail.com",
        "healthcare": "hospital",
        "name": "TB Clinic Karuvatta",
        "operator": "Department Health Services",
        "operator:type": "government",
        "@geometry": "center"
      },
      "geometry": {
        "type": "Point",
        "coordinates": [
          76.4285833,
          9.3152406
        ]
      },
      "id": "way/800655348"
    },
    {
      "type": "Feature",
      "properties": {
        "@id": "way/800655902",
        "addr:city": "mallappuzhassery",
        "addr:postcode": "689643",
        "addr:street": "onthecadu",
        "amenity": "hospital",
        "healthcare": "hospital",
        "name": "Primary Health Centre, Mallapuzhassery",
        "operator": "department of health services",
        "operator:type": "government",
        "ref": "1186",
        "@geometry": "center"
      },
      "geometry": {
        "type": "Point",
        "coordinates": [
          76.7088495,
          9.3110767
        ]
      },
      "id": "way/800655902"
    },
    {
      "type": "Feature",
      "properties": {
        "@id": "way/800657069",
        "amenity": "hospital",
        "healthcare": "hospital",
        "name": "Primary Health Centre Kozhencherry Elavumthitta",
        "operator": "DHS",
        "operator:type": "government",
        "@geometry": "center"
      },
      "geometry": {
        "type": "Point",
        "coordinates": [
          76.7092509,
          9.2958243
        ]
      },
      "id": "way/800657069"
    },
    {
      "type": "Feature",
      "properties": {
        "@id": "way/800659932",
        "amenity": "hospital",
        "healthcare": "hospital",
        "name": "Government Hospital Elanthoor",
        "operator": "Department of Health and Family Welfare",
        "operator:type": "government",
        "@geometry": "center"
      },
      "geometry": {
        "type": "Point",
        "coordinates": [
          76.7321033,
          9.2992918
        ]
      },
      "id": "way/800659932"
    },
    {
      "type": "Feature",
      "properties": {
        "@id": "way/800662207",
        "amenity": "hospital",
        "healthcare": "hospital",
        "name": "Primary Health Centre, Purakkad",
        "operator": "DEPARTMENT OF HEALTH SERVICES",
        "operator:type": "government",
        "phone": "+91-477 227 0798",
        "ref": "1230",
        "@geometry": "center"
      },
      "geometry": {
        "type": "Point",
        "coordinates": [
          76.3694803,
          9.349033
        ]
      },
      "id": "way/800662207"
    },
    {
      "type": "Feature",
      "properties": {
        "@id": "way/800664041",
        "amenity": "hospital",
        "healthcare": "hospital",
        "name": "Primary Health Center- Mannancherry",
        "operator": "department of health services",
        "operator:type": "government",
        "@geometry": "center"
      },
      "geometry": {
        "type": "Point",
        "coordinates": [
          76.3333569,
          9.5864378
        ]
      },
      "id": "way/800664041"
    },
    {
      "type": "Feature",
      "properties": {
        "@id": "way/800666215",
        "amenity": "hospital",
        "healthcare": "hospital",
        "name": "Primary Health Centre Venmony",
        "operator": "Department of Health Services",
        "operator:type": "government",
        "phone": "+91-479 235 4998",
        "ref": "1271",
        "@geometry": "center"
      },
      "geometry": {
        "type": "Point",
        "coordinates": [
          76.6308784,
          9.2429028
        ]
      },
      "id": "way/800666215"
    },
    {
      "type": "Feature",
      "properties": {
        "@id": "way/800667615",
        "amenity": "hospital",
        "healthcare": "hospital",
        "name": "Primary Health Center Thottapalli",
        "operator": "DEPARTMENT OF HEALTH SERVICES",
        "operator:type": "government",
        "ref": "1231",
        "@geometry": "center"
      },
      "geometry": {
        "type": "Point",
        "coordinates": [
          76.3811227,
          9.3173918
        ]
      },
      "id": "way/800667615"
    },
    {
      "type": "Feature",
      "properties": {
        "@id": "way/800668374",
        "amenity": "hospital",
        "healthcare": "hospital",
        "name": "Primary Health Center, CHEPPAD",
        "operator": "DEPARTMENT OF HEALTH SERVICES",
        "operator:type": "government",
        "phone": "+91-4792400911",
        "ref": "1299",
        "@geometry": "center"
      },
      "geometry": {
        "type": "Point",
        "coordinates": [
          76.4818863,
          9.2454166
        ]
      },
      "id": "way/800668374"
    },
    {
      "type": "Feature",
      "properties": {
        "@id": "way/800673037",
        "amenity": "hospital",
        "healthcare": "hospital",
        "name": "Primary Health Center Ramankari",
        "operator": "DEPARTMENT OF HEALTH SERVICES",
        "operator:type": "government",
        "phone": "+91-4772707731",
        "ref": "1240",
        "@geometry": "center"
      },
      "geometry": {
        "type": "Point",
        "coordinates": [
          76.4654455,
          9.4075717
        ]
      },
      "id": "way/800673037"
    },
    {
      "type": "Feature",
      "properties": {
        "@id": "way/800678553",
        "amenity": "hospital",
        "healthcare": "hospital",
        "name": "Primary Health Centre Kumarapuram",
        "operator": "Department of Health Service",
        "operator:type": "government",
        "phone": "+91-479 2415215",
        "ref": "1302",
        "@geometry": "center"
      },
      "geometry": {
        "type": "Point",
        "coordinates": [
          76.4271691,
          9.283825
        ]
      },
      "id": "way/800678553"
    },
    {
      "type": "Feature",
      "properties": {
        "@id": "way/800680021",
        "amenity": "hospital",
        "healthcare": "hospital",
        "name": "Primary Health Centre Chingoli",
        "operator": "Department of Health Service",
        "operator:type": "government",
        "phone": "+91-4792485214",
        "ref": "1301",
        "@geometry": "center"
      },
      "geometry": {
        "type": "Point",
        "coordinates": [
          76.4458331,
          9.2465248
        ]
      },
      "id": "way/800680021"
    },
    {
      "type": "Feature",
      "properties": {
        "@id": "way/800688910",
        "addr:city": "meenadom",
        "addr:postcode": "686516",
        "addr:street": "Vettathukavala-Meenadom Road",
        "amenity": "hospital",
        "healthcare": "hospital",
        "name": "Primary Health Centre, Meenadom",
        "operator": "DEPARTMENT OF HEALTH SERVICES",
        "operator:type": "government",
        "phone": "+91-481-2556648",
        "ref": "1345",
        "@geometry": "center"
      },
      "geometry": {
        "type": "Point",
        "coordinates": [
          76.6168936,
          9.5509082
        ]
      },
      "id": "way/800688910"
    },
    {
      "type": "Feature",
      "properties": {
        "@id": "way/800689746",
        "amenity": "hospital",
        "healthcare": "hospital",
        "name": "Primary Health Centre,Onamthuruthu",
        "operator": "DEPARTMENT OF HEALTH SERVICES",
        "operator:type": "government",
        "phone": "+91-4812712511",
        "ref": "1333",
        "@geometry": "center"
      },
      "geometry": {
        "type": "Point",
        "coordinates": [
          76.5157203,
          9.6881283
        ]
      },
      "id": "way/800689746"
    },
    {
      "type": "Feature",
      "properties": {
        "@id": "way/800691476",
        "amenity": "hospital",
        "healthcare": "hospital",
        "name": "Primary Health Centre, Karoor",
        "operator": "DEPARTMENT OF HEALTH SERVICES",
        "operator:type": "government",
        "phone": "+91-4822-262893",
        "ref": "1383",
        "@geometry": "center"
      },
      "geometry": {
        "type": "Point",
        "coordinates": [
          76.6809214,
          9.7588663
        ]
      },
      "id": "way/800691476"
    },
    {
      "type": "Feature",
      "properties": {
        "@id": "way/800691561",
        "CovidVaccineCenterId": "155497",
        "alt_name": "Kumbalangi CHC",
        "amenity": "hospital",
        "healthcare": "hospital",
        "name": "Govt.Community Health Center Kumbalanghi",
        "operator": "Department of Health Services",
        "operator:type": "government",
        "ref": "1506",
        "type": "15",
        "@geometry": "center"
      },
      "geometry": {
        "type": "Point",
        "coordinates": [
          76.2870017,
          9.8804983
        ]
      },
      "id": "way/800691561"
    },
    {
      "type": "Feature",
      "properties": {
        "@id": "way/800691661",
        "addr:city": "mutholy",
        "addr:postcode": "686573",
        "addr:street": "Mutholy - Kodungoor Road",
        "amenity": "hospital",
        "healthcare": "hospital",
        "name": "PHC Mutholy",
        "operator": "DEPARTMENT OF HEALTH SERVICES",
        "operator:type": "government",
        "phone": "+91-4822-206346",
        "ref": "1366",
        "@geometry": "center"
      },
      "geometry": {
        "type": "Point",
        "coordinates": [
          76.6625096,
          9.6880681
        ]
      },
      "id": "way/800691661"
    },
    {
      "type": "Feature",
      "properties": {
        "@id": "way/800692178",
        "amenity": "hospital",
        "healthcare": "hospital",
        "name": "Primary Health Centre Haripad",
        "operator": "Department of health services",
        "operator:type": "government",
        "phone": "+91 479 2404641",
        "@geometry": "center"
      },
      "geometry": {
        "type": "Point",
        "coordinates": [
          76.4633706,
          9.2936839
        ]
      },
      "id": "way/800692178"
    },
    {
      "type": "Feature",
      "properties": {
        "@id": "way/800696135",
        "amenity": "hospital",
        "healthcare": "hospital",
        "name": "Primary Health Centre, Vellavoor",
        "operator": "DEPARTMENT OF HEALTH SERVICES",
        "operator:type": "government",
        "phone": "+91-481-2496789",
        "ref": "1338",
        "@geometry": "center"
      },
      "geometry": {
        "type": "Point",
        "coordinates": [
          76.720685,
          9.4880854
        ]
      },
      "id": "way/800696135"
    },
    {
      "type": "Feature",
      "properties": {
        "@id": "way/800696641",
        "addr:city": "Poonjar",
        "addr:postcode": "686581",
        "addr:street": "bank road",
        "amenity": "hospital",
        "email": "gvrpoonjar@live.in",
        "healthcare": "hospital",
        "healthcare:speciality": "general",
        "name": "G.V Raja PHC Poonjar",
        "name:etymology:wikidata": "Q5512528",
        "operator": "Department of health services",
        "operator:type": "government",
        "panchayath": "poonjar",
        "phone": "+91 4822 273 638",
        "ref": "1375",
        "taluk": "meenachil",
        "@geometry": "center"
      },
      "geometry": {
        "type": "Point",
        "coordinates": [
          76.795459,
          9.6749229
        ]
      },
      "id": "way/800696641"
    },
    {
      "type": "Feature",
      "properties": {
        "@id": "way/800697040",
        "addr:city": "NEDUMKUNNAM",
        "addr:postcode": "686542",
        "addr:street": "Nedumkunnam Primary Health Center  Nedumkunnam, Kottayam, Nedumkunnam, Kottayam",
        "amenity": "hospital",
        "healthcare": "hospital",
        "name": "PHC Nedumkunnam",
        "operator": "DEPARTMENT OF HEALTH SERVICES",
        "operator:type": "government",
        "phone": "+91-481-2417534",
        "ref": "1344",
        "@geometry": "center"
      },
      "geometry": {
        "type": "Point",
        "coordinates": [
          76.6688219,
          9.5116182
        ]
      },
      "id": "way/800697040"
    },
    {
      "type": "Feature",
      "properties": {
        "@id": "way/800697480",
        "addr:city": "Thalanadu",
        "addr:postcode": "686586",
        "addr:street": "Thalanad Adukkam Road",
        "amenity": "hospital",
        "healthcare": "hospital",
        "name": "Primary Health Centre, Thalanad",
        "operator": "DEPARTMENT OF HEALTH SERVICES",
        "operator:type": "government",
        "phone": "+91-4822-280598",
        "ref": "1369",
        "@geometry": "center"
      },
      "geometry": {
        "type": "Point",
        "coordinates": [
          76.8202233,
          9.7251615
        ]
      },
      "id": "way/800697480"
    },
    {
      "type": "Feature",
      "properties": {
        "@id": "way/800697829",
        "amenity": "hospital",
        "healthcare": "hospital",
        "name": "Community Health Centre Thrikkunnapuzha",
        "operator": "Department of Health and Family Welfare",
        "operator:type": "government",
        "@geometry": "center"
      },
      "geometry": {
        "type": "Point",
        "coordinates": [
          76.4109582,
          9.2598151
        ]
      },
      "id": "way/800697829"
    },
    {
      "type": "Feature",
      "properties": {
        "@id": "way/800697885",
        "addr:city": "Moonnilavu",
        "addr:postcode": "686586",
        "addr:street": "Edamaruku - Moonnilav road",
        "amenity": "hospital",
        "healthcare": "hospital",
        "name": "Family Health Centre, Moonilavu",
        "operator": "DEPARTMENT OF HEALTH SERVICES",
        "operator:type": "government",
        "phone": "+91-4822-287026",
        "ref": "1373",
        "@geometry": "center"
      },
      "geometry": {
        "type": "Point",
        "coordinates": [
          76.782325,
          9.7485501
        ]
      },
      "id": "way/800697885"
    },
    {
      "type": "Feature",
      "properties": {
        "@id": "way/800697902",
        "addr:street": "Erattupetta-Peermade Road",
        "amenity": "hospital",
        "email": "mophcteekoy@gmail.com",
        "emergency": "yes",
        "healthcare": "hospital",
        "name": "Primary Health Centre, Teekoy",
        "operator": "Department of health services",
        "operator:type": "government",
        "panchayath": "teekoy",
        "phone": "+91 4822 281 502",
        "ref": "1372",
        "taluk": "meenachil",
        "@geometry": "center"
      },
      "geometry": {
        "type": "Point",
        "coordinates": [
          76.8169141,
          9.6994489
        ]
      },
      "id": "way/800697902"
    },
    {
      "type": "Feature",
      "properties": {
        "@id": "way/800699749",
        "amenity": "hospital",
        "healthcare": "hospital",
        "name": "PHC Primary Health Center, Narianganam Thalappalam",
        "operator": "DEPARTMENT OF HEALTH SERVICES",
        "operator:type": "government",
        "phone": "+91-4822-239345",
        "ref": "1368",
        "@geometry": "center"
      },
      "geometry": {
        "type": "Point",
        "coordinates": [
          76.7392773,
          9.7270666
        ]
      },
      "id": "way/800699749"
    },
    {
      "type": "Feature",
      "properties": {
        "@id": "way/800700470",
        "amenity": "hospital",
        "email": "phckalaketti@gmail.com",
        "healthcare": "hospital",
        "name": "Primary Health Center, Kalaketty",
        "operator": "DEPARTMENT OF HEALTH SERVICES",
        "operator:type": "government",
        "phone": "+91-4828-236616",
        "ref": "1325",
        "website": "https://kottayam.nic.in/public-utility/primary-health-centre-24/",
        "@geometry": "center"
      },
      "geometry": {
        "type": "Point",
        "coordinates": [
          76.7754381,
          9.617075
        ]
      },
      "id": "way/800700470"
    },
    {
      "type": "Feature",
      "properties": {
        "@id": "way/800702161",
        "addr:postcode": "686512",
        "amenity": "hospital",
        "emergency": "yes",
        "healthcare": "hospital",
        "name": "Primary Health Centre, Parathanam",
        "operator": "DEPARTMENT OF HEALTH SERVICES",
        "operator:type": "government",
        "phone": "+91-4828-287020",
        "ref": "1355",
        "@geometry": "center"
      },
      "geometry": {
        "type": "Point",
        "coordinates": [
          76.8667299,
          9.5788843
        ]
      },
      "id": "way/800702161"
    },
    {
      "type": "Feature",
      "properties": {
        "@id": "way/800702963",
        "addr:city": "kottayam",
        "addr:street": "kattampak church road",
        "amenity": "hospital",
        "healthcare": "hospital",
        "name": "PHC Kattampak",
        "operator": "DEPARTMENT OF HEALTH SERVICES",
        "operator:type": "government",
        "phone": "+91-4829-265340",
        "ref": "1389",
        "@geometry": "center"
      },
      "geometry": {
        "type": "Point",
        "coordinates": [
          76.5365159,
          9.7816304
        ]
      },
      "id": "way/800702963"
    },
    {
      "type": "Feature",
      "properties": {
        "@id": "way/800704560",
        "amenity": "hospital",
        "emergency": "yes",
        "healthcare": "hospital",
        "name": "P H C Kallara",
        "operator": "DEPARTMENT OF HEALTH SERVICES",
        "operator:type": "government",
        "phone": "+91-4829-269277",
        "@geometry": "center"
      },
      "geometry": {
        "type": "Point",
        "coordinates": [
          76.4773499,
          9.7238209
        ]
      },
      "id": "way/800704560"
    },
    {
      "type": "Feature",
      "properties": {
        "@id": "way/800704999",
        "addr:city": "kottayam",
        "addr:housenumber": "REF ID1370",
        "addr:postcode": "686121",
        "addr:street": "Erattupetta - Poovathodu Road",
        "amenity": "hospital",
        "email": "medicalofficerphcetpa@yahoo.com",
        "emergency": "yes",
        "healthcare": "hospital",
        "name": "Primary Health Centre, Erattupetta",
        "operator": "Department of health services",
        "operator:type": "government",
        "panchayath": "erattupetta",
        "phone": "+91 4822 277 425",
        "ref": "1370",
        "taluk": "meenachil",
        "@geometry": "center"
      },
      "geometry": {
        "type": "Point",
        "coordinates": [
          76.7726586,
          9.684205
        ]
      },
      "id": "way/800704999"
    },
    {
      "type": "Feature",
      "properties": {
        "@id": "way/800711137",
        "addr:city": "kooroppada",
        "addr:housenumber": "REF ID 1349",
        "addr:postcode": "686502",
        "addr:street": "kooroppada",
        "amenity": "hospital",
        "email": "phckooropada@gmail.com",
        "healthcare": "hospital",
        "name": "Family Health Centre, Kooropada",
        "operator": "Department of health services",
        "operator:type": "government",
        "panchayath": "kooropada",
        "phone": "+91 48212701435",
        "ref": "1349",
        "taluk": "kottayam",
        "@geometry": "center"
      },
      "geometry": {
        "type": "Point",
        "coordinates": [
          76.650235,
          9.6117902
        ]
      },
      "id": "way/800711137"
    },
    {
      "type": "Feature",
      "properties": {
        "@id": "way/800720661",
        "addr:city": "kizhaparayar",
        "addr:housenumber": "REF ID1382",
        "addr:postcode": "686578",
        "addr:street": "kizhaparayar road",
        "amenity": "hospital",
        "email": "phcmeenachil@gmail.com",
        "healthcare": "hospital",
        "name": "Primary Health Centre, Meenachil",
        "operator": "Department of health services",
        "operator:type": "government",
        "panchayath": "meenachil",
        "phone": "+91 4822 238 036",
        "ref": "1382",
        "taluk": "meenachil",
        "@geometry": "center"
      },
      "geometry": {
        "type": "Point",
        "coordinates": [
          76.710005,
          9.6968831
        ]
      },
      "id": "way/800720661"
    },
    {
      "type": "Feature",
      "properties": {
        "@id": "way/800754317",
        "amenity": "hospital",
        "healthcare": "hospital",
        "name": "Family Health Centre Kalavoor",
        "operator": "Department of Health Services",
        "operator:type": "government",
        "@geometry": "center"
      },
      "geometry": {
        "type": "Point",
        "coordinates": [
          76.3207137,
          9.570428
        ]
      },
      "id": "way/800754317"
    },
    {
      "type": "Feature",
      "properties": {
        "@id": "way/800755555",
        "addr:block": "kumarakam",
        "addr:city": "Parambuzha",
        "addr:country": "IN",
        "addr:district": "kottayam",
        "addr:postcode": "686010",
        "addr:state": "State Region",
        "addr:street": "Parampuzha, Nattassery, State Region 686010",
        "alt_name": "Primary health centre, parampuzha",
        "amenity": "hospital",
        "beds": "24",
        "building": "hospital",
        "contact:person": "Vijayapuram Panchayath",
        "email": "parambuzhaphc829@gmail.com",
        "healthcare": "hospital",
        "name": "24*7 Primary Health Centre, Parampuzha",
        "opening_hours": "24/7",
        "operator": "Department of health services",
        "operator:type": "government",
        "phone": "+91-4812770829",
        "ref": "1319",
        "short_name": "24*7 PHC, Parambuzha",
        "taluk": "kottayam",
        "@geometry": "center"
      },
      "geometry": {
        "type": "Point",
        "coordinates": [
          76.5553145,
          9.6090807
        ]
      },
      "id": "way/800755555"
    },
    {
      "type": "Feature",
      "properties": {
        "@id": "way/800755934",
        "amenity": "hospital",
        "healthcare": "hospital",
        "name": "Family Health Center Vettackal",
        "operator": "department of health services",
        "operator:type": "government",
        "ref": "1247",
        "@geometry": "center"
      },
      "geometry": {
        "type": "Point",
        "coordinates": [
          76.2986873,
          9.7295528
        ]
      },
      "id": "way/800755934"
    },
    {
      "type": "Feature",
      "properties": {
        "@id": "way/800758251",
        "amenity": "hospital",
        "healthcare": "hospital",
        "healthcare:speciality": "general;community;dermatology",
        "name": "Family Health Centre Pallippuram",
        "operator:type": "government",
        "phone": "+91-478 255 3972",
        "ref": "2160",
        "@geometry": "center"
      },
      "geometry": {
        "type": "Point",
        "coordinates": [
          76.3563603,
          9.7364853
        ]
      },
      "id": "way/800758251"
    },
    {
      "type": "Feature",
      "properties": {
        "@id": "way/800762234",
        "amenity": "hospital",
        "healthcare": "hospital",
        "name": "FHC Chennithala",
        "operator": "DEPARTMENT OF HEALTH SERVICES",
        "operator:type": "government",
        "ref": "1289",
        "@geometry": "center"
      },
      "geometry": {
        "type": "Point",
        "coordinates": [
          76.5205993,
          9.279975
        ]
      },
      "id": "way/800762234"
    },
    {
      "type": "Feature",
      "properties": {
        "@id": "way/800763303",
        "amenity": "hospital",
        "healthcare": "hospital",
        "name": "Family Health Centre Neelamperoor",
        "operator": "Department of Health Services",
        "operator:type": "government",
        "@geometry": "center"
      },
      "geometry": {
        "type": "Point",
        "coordinates": [
          76.5048271,
          9.4998043
        ]
      },
      "id": "way/800763303"
    },
    {
      "type": "Feature",
      "properties": {
        "@id": "way/800763817",
        "amenity": "hospital",
        "healthcare": "hospital",
        "name": "Family Health Center Thalavady",
        "operator": "DEPARTMENT OF HEALTH SERVICES",
        "operator:type": "government",
        "ref": "1293",
        "@geometry": "center"
      },
      "geometry": {
        "type": "Point",
        "coordinates": [
          76.5083226,
          9.3687081
        ]
      },
      "id": "way/800763817"
    },
    {
      "type": "Feature",
      "properties": {
        "@id": "way/800764411",
        "addr:city": "Alappuzha",
        "addr:country": "IN",
        "addr:district": "Alappuzha",
        "addr:postcode": "689126",
        "addr:state": "State Region",
        "addr:street": "Chengannur",
        "amenity": "hospital",
        "healthcare": "hospital",
        "name": "Family Health Centre Ala",
        "operator": "Department of Health Centre",
        "operator:type": "government",
        "ref": "1272",
        "@geometry": "center"
      },
      "geometry": {
        "type": "Point",
        "coordinates": [
          76.6184456,
          9.2788516
        ]
      },
      "id": "way/800764411"
    },
    {
      "type": "Feature",
      "properties": {
        "@id": "way/800764912",
        "amenity": "hospital",
        "healthcare": "hospital",
        "name": "Family Health Centre Cheruthana",
        "operator": "Department of Health Services",
        "operator:type": "government",
        "ref": "1298",
        "@geometry": "center"
      },
      "geometry": {
        "type": "Point",
        "coordinates": [
          76.436848,
          9.3273912
        ]
      },
      "id": "way/800764912"
    },
    {
      "type": "Feature",
      "properties": {
        "@id": "way/800766348",
        "amenity": "hospital",
        "healthcare": "hospital",
        "name": "Family Health Centre Aroor",
        "operator": "Department of Health and Family Welfare",
        "operator:type": "government",
        "ref": "1259",
        "@geometry": "center"
      },
      "geometry": {
        "type": "Point",
        "coordinates": [
          76.3046045,
          9.8696858
        ]
      },
      "id": "way/800766348"
    },
    {
      "type": "Feature",
      "properties": {
        "@id": "way/800766830",
        "amenity": "hospital",
        "healthcare": "hospital",
        "name": "Primary Health Centre 24x7 Arattupuzha",
        "operator:type": "government",
        "ref": "1297",
        "@geometry": "center"
      },
      "geometry": {
        "type": "Point",
        "coordinates": [
          76.428059,
          9.2146962
        ]
      },
      "id": "way/800766830"
    },
    {
      "type": "Feature",
      "properties": {
        "@id": "way/800770112",
        "amenity": "hospital",
        "healthcare": "hospital",
        "name": "Government Fisheries Hospital Pallana",
        "operator": "Department of Health Services",
        "operator:type": "government",
        "ref": "1309",
        "@geometry": "center"
      },
      "geometry": {
        "type": "Point",
        "coordinates": [
          76.3983661,
          9.2837137
        ]
      },
      "id": "way/800770112"
    },
    {
      "type": "Feature",
      "properties": {
        "@id": "way/800772439",
        "amenity": "hospital",
        "healthcare": "hospital",
        "name": "w&c hospital alappuzha",
        "operator": "department of health services",
        "operator:type": "government",
        "@geometry": "center"
      },
      "geometry": {
        "type": "Point",
        "coordinates": [
          76.3210227,
          9.4816184
        ]
      },
      "id": "way/800772439"
    },
    {
      "type": "Feature",
      "properties": {
        "@id": "way/801495338",
        "amenity": "hospital",
        "healthcare": "hospital",
        "name": "Primary Health Centre, pallipad",
        "operator": "department of health services",
        "operator:type": "government",
        "ref": "1307",
        "@geometry": "center"
      },
      "geometry": {
        "type": "Point",
        "coordinates": [
          76.4771114,
          9.2806279
        ]
      },
      "id": "way/801495338"
    },
    {
      "type": "Feature",
      "properties": {
        "@id": "way/801501571",
        "addr:block": "uzhavoor",
        "addr:city": "kuravilangadu",
        "addr:country": "IN",
        "addr:district": "kottayam",
        "addr:postcode": "686633",
        "admin_level": "3",
        "amenity": "hospital",
        "email": "thkvld@gmail.com",
        "healthcare": "hospital",
        "name": "Taluk Headquarters Hospital Kuravilangad",
        "operator": "Department of Health Services",
        "operator:type": "government",
        "phone": "+91-482-2231616",
        "ref": "1396",
        "short_name": "THQH,kuravilangadu",
        "taluk": "meenachil",
        "@geometry": "center"
      },
      "geometry": {
        "type": "Point",
        "coordinates": [
          76.5551342,
          9.7570105
        ]
      },
      "id": "way/801501571"
    },
    {
      "type": "Feature",
      "properties": {
        "@id": "way/801507262",
        "addr:city": "mavelikara",
        "addr:street": "Mavelikkara - Kozhencherry Road",
        "amenity": "hospital",
        "healthcare": "hospital",
        "name": "District Hospital Mavelikkara",
        "operator": "Department of Health and Family Welfare",
        "operator:type": "government",
        "ref": "1290",
        "@geometry": "center"
      },
      "geometry": {
        "type": "Point",
        "coordinates": [
          76.5519097,
          9.2572662
        ]
      },
      "id": "way/801507262"
    },
    {
      "type": "Feature",
      "properties": {
        "@id": "way/801508283",
        "addr:block": "Ullanadu",
        "addr:city": "Ullanadu",
        "addr:country": "IN",
        "addr:district": "Kottayam",
        "addr:postcode": "686651",
        "addr:state": "State Region",
        "addr:street": "Pravithanam Road",
        "admin_level": "5",
        "amenity": "hospital",
        "building": "hospital",
        "email": "mochcullanadu@gmail.com",
        "healthcare": "hospital",
        "name": "Community Health Centre, Ullanadu",
        "opening_hours": "24/7",
        "operator": "DEPARTMENT OF HEALTH SERVICES",
        "operator:type": "government",
        "phone": "+91-4822-247343",
        "ref": "1364",
        "short_name": "CHC, ullanadu",
        "taluk": "meenachil",
        "@geometry": "center"
      },
      "geometry": {
        "type": "Point",
        "coordinates": [
          76.7212406,
          9.7490441
        ]
      },
      "id": "way/801508283"
    },
    {
      "type": "Feature",
      "properties": {
        "@id": "way/801508721",
        "addr:block": "edayazham",
        "addr:city": "edayazham",
        "addr:country": "IN",
        "addr:district": "kottayan",
        "addr:postcode": "686144",
        "addr:state": "State Region",
        "addr:street": "Vechoor - Kallara Road",
        "admin_level": "5",
        "amenity": "hospital",
        "beds": "24",
        "building": "hospital",
        "email": "moedayazham@gmail.com",
        "healthcare": "hospital",
        "name": "Community Health Centre, Edayazham",
        "opening_hours": "24/7",
        "operator": "DEPARTMENT OF HEALTH SERVICES",
        "operator:type": "government",
        "phone": "+91-4829-276068",
        "short_name": "CHC,edayazham",
        "taluk": "vaikom",
        "@geometry": "center"
      },
      "geometry": {
        "type": "Point",
        "coordinates": [
          76.4203256,
          9.6870442
        ]
      },
      "id": "way/801508721"
    },
    {
      "type": "Feature",
      "properties": {
        "@id": "way/801511366",
        "addr:block": "Thalayolaparambu",
        "addr:city": "Thalayolaparambu",
        "addr:country": "IN",
        "addr:district": "kottayam",
        "addr:postcode": "686605",
        "addr:state": "State Region",
        "addr:street": "PALA-VAIKOM ROAD",
        "admin_level": "5",
        "amenity": "hospital",
        "beds": "30",
        "building": "hospital",
        "email": "phcthalayolaparambu@gmail.com",
        "healthcare": "hospital",
        "name": "Primary Health Centre, Thalayolaparambu",
        "opening_hours": "24/7",
        "operator": "department of health services",
        "operator:type": "government",
        "phone": "+91-4829-237403",
        "ref": "1391",
        "short_name": "CHC, Thalayolaparambu",
        "taluk": "vaikom",
        "@geometry": "center"
      },
      "geometry": {
        "type": "Point",
        "coordinates": [
          76.452432,
          9.78171
        ]
      },
      "id": "way/801511366"
    },
    {
      "type": "Feature",
      "properties": {
        "@id": "way/801566564",
        "addr:city": "kottayam",
        "addr:housenumber": "REF ID 1321",
        "addr:postcode": "686011",
        "addr:street": "Kottayam-Puthuppally Road",
        "amenity": "hospital",
        "healthcare": "hospital",
        "name": "PHC Puthuppally",
        "operator": "department of health services",
        "operator:type": "government",
        "phone": "+91-481 235 3250",
        "ref": "1321",
        "@geometry": "center"
      },
      "geometry": {
        "type": "Point",
        "coordinates": [
          76.5723163,
          9.5552835
        ]
      },
      "id": "way/801566564"
    },
    {
      "type": "Feature",
      "properties": {
        "@id": "way/801576327",
        "addr:city": "kottayam",
        "addr:postcode": "686634",
        "addr:street": "Uzhavoor Koothattukulam Road",
        "amenity": "hospital",
        "healthcare": "hospital",
        "name": "Primary Health Centre, Veliyannoor",
        "operator": "Department of Health and Family Welfare",
        "operator:type": "government",
        "ref": "1363",
        "@geometry": "center"
      },
      "geometry": {
        "type": "Point",
        "coordinates": [
          76.6085328,
          9.8231724
        ]
      },
      "id": "way/801576327"
    },
    {
      "type": "Feature",
      "properties": {
        "@id": "way/801576864",
        "addr:city": "kottayam",
        "addr:housenumber": "Kuruppanthara Market Manjoor S Rd, State Region 686603",
        "addr:postcode": "686603",
        "addr:street": "Road near Kuruppanthara",
        "amenity": "hospital",
        "emergency": "no",
        "healthcare": "hospital",
        "healthcare:speciality": "general",
        "name": "Primary Health Centre,  Kuruppanthra",
        "operator": "DEPARTMENT OF HEALTH SERVICES",
        "operator:type": "government",
        "ref": "1359",
        "@geometry": "center"
      },
      "geometry": {
        "type": "Point",
        "coordinates": [
          76.5078173,
          9.7311245
        ]
      },
      "id": "way/801576864"
    },
    {
      "type": "Feature",
      "properties": {
        "@id": "way/801577460",
        "amenity": "hospital",
        "healthcare": "hospital",
        "name": "District TB Centre Kottayam",
        "operator": "Department of Health Services",
        "operator:type": "private",
        "ref": "1313",
        "@geometry": "center"
      },
      "geometry": {
        "type": "Point",
        "coordinates": [
          76.5266606,
          9.5912214
        ]
      },
      "id": "way/801577460"
    },
    {
      "type": "Feature",
      "properties": {
        "@id": "way/801620298",
        "amenity": "hospital",
        "healthcare": "hospital",
        "name": "Alphonsa Eye Care",
        "@geometry": "center"
      },
      "geometry": {
        "type": "Point",
        "coordinates": [
          76.6764402,
          9.7088321
        ]
      },
      "id": "way/801620298"
    },
    {
      "type": "Feature",
      "properties": {
        "@id": "way/801679762",
        "amenity": "hospital",
        "healthcare": "hospital",
        "name": "Co Operative Hospital",
        "@geometry": "center"
      },
      "geometry": {
        "type": "Point",
        "coordinates": [
          76.7011742,
          9.8984308
        ]
      },
      "id": "way/801679762"
    },
    {
      "type": "Feature",
      "properties": {
        "@id": "way/801942576",
        "amenity": "hospital",
        "healthcare": "hospital",
        "name": "Primary Health Centre, Kattampak",
        "operator": "department of health services",
        "operator:type": "government",
        "@geometry": "center"
      },
      "geometry": {
        "type": "Point",
        "coordinates": [
          76.524768,
          9.7799987
        ]
      },
      "id": "way/801942576"
    },
    {
      "type": "Feature",
      "properties": {
        "@id": "way/801943843",
        "amenity": "hospital",
        "healthcare": "hospital",
        "name": "Njeezhoor GOV Homio Dispensary",
        "@geometry": "center"
      },
      "geometry": {
        "type": "Point",
        "coordinates": [
          76.5245753,
          9.7907309
        ]
      },
      "id": "way/801943843"
    },
    {
      "type": "Feature",
      "properties": {
        "@id": "way/802006031",
        "addr:city": "Athikalam, Kumarakom",
        "addr:postcode": "686563",
        "addr:street": "Kumarakom Attipeedika Rd",
        "amenity": "hospital",
        "healthcare": "hospital",
        "name": "Government Homeo and Ayurvedic Hospital Kumarakom",
        "@geometry": "center"
      },
      "geometry": {
        "type": "Point",
        "coordinates": [
          76.436232,
          9.5896628
        ]
      },
      "id": "way/802006031"
    },
    {
      "type": "Feature",
      "properties": {
        "@id": "way/802083428",
        "addr:district": "Pathanamthitta",
        "addr:full": "Manjadi",
        "addr:postcode": "689105",
        "addr:state": "State Region",
        "amenity": "hospital",
        "building": "yes",
        "healthcare": "optometrist",
        "name": "Chaithanya Eye Hospital and Research Institute",
        "source": "Local Knowledge",
        "@geometry": "center"
      },
      "geometry": {
        "type": "Point",
        "coordinates": [
          76.5877062,
          9.3845759
        ]
      },
      "id": "way/802083428"
    },
    {
      "type": "Feature",
      "properties": {
        "@id": "way/802945551",
        "amenity": "hospital",
        "healthcare": "hospital",
        "name": "muthoot cancer centre",
        "@geometry": "center"
      },
      "geometry": {
        "type": "Point",
        "coordinates": [
          76.7114431,
          9.337483
        ]
      },
      "id": "way/802945551"
    },
    {
      "type": "Feature",
      "properties": {
        "@id": "way/804112491",
        "amenity": "hospital",
        "healthcare": "hospital",
        "name": "Primary Health Centre, Thelliyoor",
        "operator": "Department Of Health Services",
        "operator:type": "government",
        "ref": "1206",
        "@geometry": "center"
      },
      "geometry": {
        "type": "Point",
        "coordinates": [
          76.6832055,
          9.3957115
        ]
      },
      "id": "way/804112491"
    },
    {
      "type": "Feature",
      "properties": {
        "@id": "way/804668146",
        "amenity": "hospital",
        "healthcare": "hospital",
        "name": "Ayurvedha Hospital",
        "@geometry": "center"
      },
      "geometry": {
        "type": "Point",
        "coordinates": [
          76.7919534,
          9.8242544
        ]
      },
      "id": "way/804668146"
    },
    {
      "type": "Feature",
      "properties": {
        "@id": "way/806264323",
        "addr:street": "Charal Mount Rd.",
        "amenity": "hospital",
        "healthcare": "hospital",
        "name": "thelliyoor Govt Hospital",
        "@geometry": "center"
      },
      "geometry": {
        "type": "Point",
        "coordinates": [
          76.7014531,
          9.382332
        ]
      },
      "id": "way/806264323"
    },
    {
      "type": "Feature",
      "properties": {
        "@id": "way/820386959",
        "addr:housenumber": "Neerkunnam",
        "addr:postcode": "688005",
        "amenity": "hospital",
        "healthcare": "hospital",
        "name": "Medical College Hospital Campus Alappuzha",
        "operator": "Department of Health and Family Welfare",
        "operator:type": "government",
        "@geometry": "center"
      },
      "geometry": {
        "type": "Point",
        "coordinates": [
          76.3480574,
          9.4080067
        ]
      },
      "id": "way/820386959"
    },
    {
      "type": "Feature",
      "properties": {
        "@id": "way/834208922",
        "addr:city": "PANDALAM",
        "addr:district": "pathanamthitta",
        "addr:postcode": "689501",
        "addr:state": "State Region",
        "addr:street": "MC Road",
        "amenity": "hospital",
        "healthcare": "hospital",
        "name": "NSS Medical Mission Hospital Pandalam",
        "operator": "depaartment of health",
        "operator:type": "public",
        "@geometry": "center"
      },
      "geometry": {
        "type": "Point",
        "coordinates": [
          76.6804273,
          9.2159105
        ]
      },
      "id": "way/834208922"
    },
    {
      "type": "Feature",
      "properties": {
        "@id": "way/834209367",
        "addr:city": "PANDALAM",
        "amenity": "hospital",
        "healthcare": "hospital",
        "name": "Christiam Mission Hospital ground",
        "@geometry": "center"
      },
      "geometry": {
        "type": "Point",
        "coordinates": [
          76.6791367,
          9.2185337
        ]
      },
      "id": "way/834209367"
    },
    {
      "type": "Feature",
      "properties": {
        "@id": "way/835216803",
        "addr:city": "Kumpalathamon, Vadasserikkara",
        "addr:postcode": "689662",
        "amenity": "hospital",
        "healthcare": "hospital",
        "name": "Sree Ayyappa Medical College Hospital",
        "@geometry": "center"
      },
      "geometry": {
        "type": "Point",
        "coordinates": [
          76.8439004,
          9.3248857
        ]
      },
      "id": "way/835216803"
    },
    {
      "type": "Feature",
      "properties": {
        "@id": "way/835542980",
        "amenity": "hospital",
        "healthcare": "hospital",
        "name": "Fern Hill Hospital",
        "@geometry": "center"
      },
      "geometry": {
        "type": "Point",
        "coordinates": [
          76.7792768,
          9.371268
        ]
      },
      "id": "way/835542980"
    },
    {
      "type": "Feature",
      "properties": {
        "@id": "way/835999852",
        "amenity": "hospital",
        "check_date": "2026-05-29",
        "healthcare": "hospital",
        "name": "St. John's hospital, South Paravoor",
        "@geometry": "center"
      },
      "geometry": {
        "type": "Point",
        "coordinates": [
          76.3804224,
          9.8709704
        ]
      },
      "id": "way/835999852"
    },
    {
      "type": "Feature",
      "properties": {
        "@id": "node/836113240",
        "amenity": "hospital",
        "emergency": "yes",
        "healthcare": "hospital",
        "name": "Christuraj Hospital"
      },
      "geometry": {
        "type": "Point",
        "coordinates": [
          76.6813947,
          9.7117351
        ]
      },
      "id": "node/836113240"
    },
    {
      "type": "Feature",
      "properties": {
        "@id": "way/844003452",
        "amenity": "hospital",
        "governance_type": "private",
        "healthcare": "hospital",
        "name": "St. Vincents Hospital",
        "@geometry": "center"
      },
      "geometry": {
        "type": "Point",
        "coordinates": [
          76.5630162,
          9.7513478
        ]
      },
      "id": "way/844003452"
    },
    {
      "type": "Feature",
      "properties": {
        "@id": "way/845083133",
        "addr:city": "kallelimukku",
        "addr:district": "pathanamthitta",
        "addr:postcode": "689649",
        "addr:state": "State Region",
        "addr:street": "ranni road",
        "amenity": "hospital",
        "health_facility:type": "health_centre",
        "healthcare": "hospital",
        "name": "Family Health Centre, Kadammanitta",
        "operator": "Government",
        "operator:type": "government",
        "ref": "1149",
        "@geometry": "center"
      },
      "geometry": {
        "type": "Point",
        "coordinates": [
          76.7745402,
          9.3145586
        ]
      },
      "id": "way/845083133"
    },
    {
      "type": "Feature",
      "properties": {
        "@id": "way/847537612",
        "amenity": "hospital",
        "building": "yes",
        "name": "Government Ayurveda Hospital",
        "@geometry": "center"
      },
      "geometry": {
        "type": "Point",
        "coordinates": [
          76.3630895,
          9.7565973
        ]
      },
      "id": "way/847537612"
    },
    {
      "type": "Feature",
      "properties": {
        "@id": "way/861163079",
        "addr:city": "Manarcadu, kottayam",
        "addr:postcode": "686019",
        "addr:street": "Manarcadu-Puthuppally road",
        "amenity": "hospital",
        "healthcare": "hospital",
        "name": "Family Health Centre, Manarcad",
        "operator": "Department of Health and Family Welfare",
        "operator:type": "government",
        "ref": "1347",
        "@geometry": "center"
      },
      "geometry": {
        "type": "Point",
        "coordinates": [
          76.5846501,
          9.5843514
        ]
      },
      "id": "way/861163079"
    },
    {
      "type": "Feature",
      "properties": {
        "@id": "way/863244044",
        "addr:city": "Thodupuzha",
        "addr:postcode": "685608",
        "addr:street": "Kolani",
        "amenity": "hospital",
        "emergency": "no",
        "healthcare": "hospital",
        "healthcare:speciality": "general",
        "name": "Govt.Homoeo Dispensary Kolani",
        "operator": "Govt. Response Unit",
        "@geometry": "center"
      },
      "geometry": {
        "type": "Point",
        "coordinates": [
          76.6940163,
          9.8901516
        ]
      },
      "id": "way/863244044"
    },
    {
      "type": "Feature",
      "properties": {
        "@id": "way/863302394",
        "amenity": "hospital",
        "healthcare": "hospital",
        "name": "Police Hospital Maniyar",
        "operator": "government",
        "operator:type": "government",
        "@geometry": "center"
      },
      "geometry": {
        "type": "Point",
        "coordinates": [
          76.8803765,
          9.325817
        ]
      },
      "id": "way/863302394"
    },
    {
      "type": "Feature",
      "properties": {
        "@id": "way/863479724",
        "addr:city": "poomala",
        "addr:postcode": "680581",
        "addr:street": "J65P+PMP, Killannur, State Region 680581",
        "amenity": "hospital",
        "check_date": "2025-02-13",
        "healthcare": "hospital",
        "healthcare:speciality": "general",
        "hospital_type_id": "9",
        "name": "Primary Health Centre, Poomala",
        "phone": "+91-487 220 3288",
        "ref": "1410",
        "@geometry": "center"
      },
      "geometry": {
        "type": "Point",
        "coordinates": [
          76.8495886,
          9.8431488
        ]
      },
      "id": "way/863479724"
    },
    {
      "type": "Feature",
      "properties": {
        "@id": "way/863546704",
        "CovidVaccineCenterId": "155323",
        "alt_name": "Elanji PHC",
        "amenity": "hospital",
        "healthcare": "hospital",
        "name": "Primary Health Centre Elanji",
        "@geometry": "center"
      },
      "geometry": {
        "type": "Point",
        "coordinates": [
          76.5446279,
          9.8296359
        ]
      },
      "id": "way/863546704"
    },
    {
      "type": "Feature",
      "properties": {
        "@id": "way/863667530",
        "amenity": "hospital",
        "healthcare": "hospital",
        "name": "Family Health Centre, Karimkunnam",
        "@geometry": "center"
      },
      "geometry": {
        "type": "Point",
        "coordinates": [
          76.6895958,
          9.8561138
        ]
      },
      "id": "way/863667530"
    },
    {
      "type": "Feature",
      "properties": {
        "@id": "way/863704379",
        "amenity": "hospital",
        "healthcare": "hospital",
        "name": "Primary Health Centre Anicadu",
        "@geometry": "center"
      },
      "geometry": {
        "type": "Point",
        "coordinates": [
          76.6668388,
          9.4770384
        ]
      },
      "id": "way/863704379"
    },
    {
      "type": "Feature",
      "properties": {
        "@id": "way/863803394",
        "addr:block": "Panachikad",
        "addr:city": "Thottakad",
        "addr:country": "IN",
        "addr:district": "kottayam",
        "addr:postcode": "686539",
        "addr:state": "State Region",
        "addr:street": "Thottakkadu-Kangazha Road",
        "admin_level": "5",
        "amenity": "hospital",
        "beds": "71",
        "building": "hospital",
        "email": "chcthottakkadu@gmail.com",
        "healthcare": "hospital",
        "name": "community health centre, Thottakad",
        "opening_hours": "24/7",
        "operator": "department of health services",
        "operator:type": "government",
        "phone": "+91-481-2462370",
        "ref": "1314",
        "short_name": "CHC, Thottakad",
        "taluk": "kottayam",
        "@geometry": "center"
      },
      "geometry": {
        "type": "Point",
        "coordinates": [
          76.6059418,
          9.5343003
        ]
      },
      "id": "way/863803394"
    },
    {
      "type": "Feature",
      "properties": {
        "@id": "way/864091462",
        "addr:city": "Poochackal",
        "amenity": "hospital",
        "healthcare": "hospital",
        "healthcare:speciality": "general;paediatrics;gynaecology;emergency",
        "name": "Poochackal Medical Centre",
        "@geometry": "center"
      },
      "geometry": {
        "type": "Point",
        "coordinates": [
          76.3516517,
          9.797431
        ]
      },
      "id": "way/864091462"
    },
    {
      "type": "Feature",
      "properties": {
        "@id": "way/864135432",
        "addr:block": "kumarakam",
        "addr:city": "Kumarakam",
        "addr:country": "IN",
        "addr:district": "kottayam",
        "addr:postcode": "686563",
        "addr:state": "State Region",
        "addr:street": "Hospital Road",
        "admin_level": "5",
        "amenity": "hospital",
        "beds": "50",
        "building": "hospital",
        "email": "chckumarakom@gmail.com",
        "healthcare": "hospital",
        "name": "Community Health Centre, Kumarakam",
        "opening_hours": "24/7",
        "operator": "department of health services",
        "operator:type": "government",
        "phone": "+91-481-2524310",
        "ref": "1320",
        "short_name": "CHC, Kumarakam",
        "taluk": "kottayam",
        "@geometry": "center"
      },
      "geometry": {
        "type": "Point",
        "coordinates": [
          76.4390758,
          9.590736
        ]
      },
      "id": "way/864135432"
    },
    {
      "type": "Feature",
      "properties": {
        "@id": "way/864139875",
        "addr:block": "Edayirikkapuzha",
        "addr:city": "Edayirikkapuzha",
        "addr:country": "IN",
        "addr:district": "Kottayam",
        "addr:postcode": "686517",
        "addr:state": "State Region",
        "addr:street": "Kanam - Edayarikkappuzha Road",
        "admin_level": "5",
        "amenity": "hospital",
        "beds": "18",
        "building": "hospital",
        "email": "chcepuzha@gmail.com",
        "healthcare": "hospital",
        "healthcare:speciality": "general",
        "name": "Community Health Centre Edayirikkapuzha",
        "opening_hours": "24/7",
        "operator": "Department of Health and Family Welfare",
        "operator:type": "government",
        "phone": "+91-481-2494332",
        "ref": "1343",
        "short_name": "CHC, Edayirikkapuzha",
        "taluk": "Changanacherry",
        "@geometry": "center"
      },
      "geometry": {
        "type": "Point",
        "coordinates": [
          76.7085953,
          9.5154648
        ]
      },
      "id": "way/864139875"
    },
    {
      "type": "Feature",
      "properties": {
        "@id": "way/864149233",
        "addr:block": "Karukachal",
        "addr:city": "Karukachal",
        "addr:country": "IN",
        "addr:district": "kottayam",
        "addr:postcode": "686540",
        "addr:state": "State Region",
        "addr:street": "Changanassery - Vazhoor Road",
        "admin_level": "5",
        "amenity": "hospital",
        "beds": "30",
        "email": "mochckchal2018@gmail.com",
        "healthcare": "hospital",
        "name": "Community Health Centre, Karukachal",
        "opening_hours": "24/7",
        "operator": "departmenr of health services",
        "operator:type": "government",
        "phone": "+91-481-2485241",
        "ref": "1339",
        "short_name": "CHC,Karukachal",
        "taluk": "changanacherry",
        "@geometry": "center"
      },
      "geometry": {
        "type": "Point",
        "coordinates": [
          76.638354,
          9.5024765
        ]
      },
      "id": "way/864149233"
    },
    {
      "type": "Feature",
      "properties": {
        "@id": "way/864194297",
        "addr:block": "Ettumanoor",
        "addr:city": "Ettumanur,Kottayam",
        "addr:country": "IN",
        "addr:district": "Kottayam",
        "addr:postcode": "686631",
        "addr:state": "State Region",
        "addr:street": "Police Station Road",
        "admin_level": "6",
        "alt_name": "Primary Health Centre, 24*7 PHC, Ettumanoor",
        "amenity": "hospital",
        "beds": "24",
        "building": "hospital",
        "email": "kmchetr@gmail.com",
        "healthcare": "hospital",
        "name": "24*7 primary Health Centre, Ettumanoor",
        "opening_hours": "24/7",
        "operator": "department of health services",
        "operator:type": "government",
        "phone": "+91-481-2535573",
        "ref": "1335",
        "short_name": "24*7 PHC, Ettumanoor",
        "taluk": "kottayam",
        "@geometry": "center"
      },
      "geometry": {
        "type": "Point",
        "coordinates": [
          76.5557088,
          9.6708555
        ]
      },
      "id": "way/864194297"
    },
    {
      "type": "Feature",
      "properties": {
        "@id": "way/866912445",
        "amenity": "hospital",
        "healthcare": "hospital",
        "healthcare:speciality": "general",
        "name": "Nediyasala Government Homoeo Dispensary",
        "operator:type": "government",
        "@geometry": "center"
      },
      "geometry": {
        "type": "Point",
        "coordinates": [
          76.6774563,
          9.8884898
        ]
      },
      "id": "way/866912445"
    },
    {
      "type": "Feature",
      "properties": {
        "@id": "way/878600603",
        "addr:city": "kottayam",
        "addr:postcode": "686146",
        "addr:street": "padinjarekkara",
        "amenity": "hospital",
        "healthcare": "hospital",
        "name": "Primary Health Centre, Udayanapuram",
        "operator": "Department of Health and Family Welfare",
        "operator:type": "government",
        "ref": "1385",
        "@geometry": "center"
      },
      "geometry": {
        "type": "Point",
        "coordinates": [
          76.4224789,
          9.7664202
        ]
      },
      "id": "way/878600603"
    },
    {
      "type": "Feature",
      "properties": {
        "@id": "way/878610446",
        "amenity": "hospital",
        "healthcare": "hospital",
        "name": "Community Health Centre, Edayazham",
        "ref": "1387",
        "@geometry": "center"
      },
      "geometry": {
        "type": "Point",
        "coordinates": [
          76.4203157,
          9.6870293
        ]
      },
      "id": "way/878610446"
    },
    {
      "type": "Feature",
      "properties": {
        "@id": "way/886959969",
        "addr:city": "Mundankunnu",
        "addr:housenumber": "phc mundankunnu",
        "addr:street": "Cherpunkal - Kodungoor Road",
        "amenity": "hospital",
        "healthcare": "hospital",
        "name": "Primary Health Centre 24*7, Mundankunnu",
        "operator": "Department of Health and Family Welfare",
        "operator:type": "government",
        "ref": "1348",
        "@geometry": "center"
      },
      "geometry": {
        "type": "Point",
        "coordinates": [
          76.6793931,
          9.621795
        ]
      },
      "id": "way/886959969"
    },
    {
      "type": "Feature",
      "properties": {
        "@id": "way/889154557",
        "addr:city": "cheriyanad",
        "addr:postcode": "689511",
        "addr:street": "Mavelikkara - Kozhencherry Road",
        "amenity": "hospital",
        "healthcare": "hospital",
        "name": "Sanjeevani Hospital Kollakadavu",
        "@geometry": "center"
      },
      "geometry": {
        "type": "Point",
        "coordinates": [
          76.5842632,
          9.277513
        ]
      },
      "id": "way/889154557"
    },
    {
      "type": "Feature",
      "properties": {
        "@id": "way/889261547",
        "addr:city": "Marangattupilly",
        "addr:postcode": "686635",
        "amenity": "hospital",
        "healthcare": "hospital",
        "name": "Primary Health Center, Marangattupilly",
        "@geometry": "center"
      },
      "geometry": {
        "type": "Point",
        "coordinates": [
          76.6137435,
          9.7420948
        ]
      },
      "id": "way/889261547"
    },
    {
      "type": "Feature",
      "properties": {
        "@id": "way/895415737",
        "amenity": "hospital",
        "healthcare": "hospital",
        "name": "Providence Hospital",
        "@geometry": "center"
      },
      "geometry": {
        "type": "Point",
        "coordinates": [
          76.3282173,
          9.5260075
        ]
      },
      "id": "way/895415737"
    },
    {
      "type": "Feature",
      "properties": {
        "@id": "way/895436566",
        "amenity": "hospital",
        "healthcare": "hospital",
        "name": "Chitra Hospital Ground",
        "operator:type": "private",
        "@geometry": "center"
      },
      "geometry": {
        "type": "Point",
        "coordinates": [
          76.6845373,
          9.2139306
        ]
      },
      "id": "way/895436566"
    },
    {
      "type": "Feature",
      "properties": {
        "@id": "way/895674192",
        "amenity": "hospital",
        "healthcare": "hospital",
        "name": "Saint Rita's Mental Hospital And Counselling Center",
        "@geometry": "center"
      },
      "geometry": {
        "type": "Point",
        "coordinates": [
          76.2990946,
          9.7066789
        ]
      },
      "id": "way/895674192"
    },
    {
      "type": "Feature",
      "properties": {
        "@id": "way/895900793",
        "amenity": "hospital",
        "healthcare": "hospital",
        "name": "Life Care Hospital",
        "@geometry": "center"
      },
      "geometry": {
        "type": "Point",
        "coordinates": [
          76.7993619,
          9.2397284
        ]
      },
      "id": "way/895900793"
    },
    {
      "type": "Feature",
      "properties": {
        "@id": "way/896208846",
        "amenity": "hospital",
        "healthcare": "hospital",
        "name": "hospital ground",
        "@geometry": "center"
      },
      "geometry": {
        "type": "Point",
        "coordinates": [
          76.5968398,
          9.2603344
        ]
      },
      "id": "way/896208846"
    },
    {
      "type": "Feature",
      "properties": {
        "@id": "way/898215147",
        "addr:full": "Cheriyanad, Chengannur",
        "amenity": "hospital",
        "healthcare": "hospital",
        "name": "Sanjeevani Multi Speciality Hospital",
        "@geometry": "center"
      },
      "geometry": {
        "type": "Point",
        "coordinates": [
          76.596153,
          9.2591278
        ]
      },
      "id": "way/898215147"
    },
    {
      "type": "Feature",
      "properties": {
        "@id": "way/898544736",
        "amenity": "hospital",
        "healthcare": "hospital",
        "name": "hosp",
        "@geometry": "center"
      },
      "geometry": {
        "type": "Point",
        "coordinates": [
          76.453557,
          9.2877763
        ]
      },
      "id": "way/898544736"
    },
    {
      "type": "Feature",
      "properties": {
        "@id": "way/898544905",
        "amenity": "hospital",
        "healthcare": "hospital",
        "name": "hospital",
        "@geometry": "center"
      },
      "geometry": {
        "type": "Point",
        "coordinates": [
          76.4541342,
          9.2876442
        ]
      },
      "id": "way/898544905"
    },
    {
      "type": "Feature",
      "properties": {
        "@id": "way/904436610",
        "amenity": "hospital",
        "healthcare": "hospital",
        "name": "A P Varkey Memorial Mission  Hospital, Arakunnam",
        "opening_hours": "24/7",
        "short_name": "A P Varkey Mission Hospital",
        "website": "http://apvarkeyhospital.org",
        "@geometry": "center"
      },
      "geometry": {
        "type": "Point",
        "coordinates": [
          76.4470913,
          9.885916
        ]
      },
      "id": "way/904436610"
    },
    {
      "type": "Feature",
      "properties": {
        "@id": "way/905695195",
        "addr:city": "kuttoor",
        "addr:district": "pathanamthitta",
        "addr:postcode": "689106",
        "addr:state": "State Region",
        "addr:street": "Thondara Bridge Across Manimal River",
        "amenity": "hospital",
        "health_facility:type": "clinic",
        "healthcare": "hospital",
        "name": "Primary Health Centre,Kottoor",
        "operator": "department of health services",
        "operator:type": "government",
        "@geometry": "center"
      },
      "geometry": {
        "type": "Point",
        "coordinates": [
          76.5866768,
          9.3613638
        ]
      },
      "id": "way/905695195"
    },
    {
      "type": "Feature",
      "properties": {
        "@id": "way/905727354",
        "addr:city": "pathanamthitta",
        "addr:district": "pathanamthitta",
        "addr:postcode": "689586",
        "addr:state": "State Region",
        "addr:street": "Ezhumattor",
        "amenity": "hospital",
        "health_facility:type": "health care facility",
        "healthcare": "hospital",
        "name": "Community Health Centre Ezhumattor",
        "operator": "Department of Health and Family Welfare",
        "operator:type": "government",
        "@geometry": "center"
      },
      "geometry": {
        "type": "Point",
        "coordinates": [
          76.7059431,
          9.4171142
        ]
      },
      "id": "way/905727354"
    },
    {
      "type": "Feature",
      "properties": {
        "@id": "way/905790652",
        "addr:city": "pathanamthitta",
        "addr:district": "pathanamthitta",
        "addr:postcode": "689647",
        "addr:state": "State Region",
        "addr:street": "Omallur-Elavumthitta Road",
        "amenity": "hospital",
        "healthcare": "hospital",
        "name": "Public Health Centre,Omalloor",
        "operator": "Government",
        "@geometry": "center"
      },
      "geometry": {
        "type": "Point",
        "coordinates": [
          76.7512132,
          9.2474012
        ]
      },
      "id": "way/905790652"
    },
    {
      "type": "Feature",
      "properties": {
        "@id": "way/905794740",
        "addr:city": "pathanamthitta",
        "addr:district": "pathanamthitta",
        "addr:postcode": "689501",
        "addr:state": "State Region",
        "addr:street": "Pandalam - Pathanamthitta",
        "amenity": "hospital",
        "health_facility:type": "clinic",
        "healthcare": "hospital",
        "name": "Public Health Centre,Pandalam",
        "operator:type": "government",
        "@geometry": "center"
      },
      "geometry": {
        "type": "Point",
        "coordinates": [
          76.6866302,
          9.2235882
        ]
      },
      "id": "way/905794740"
    },
    {
      "type": "Feature",
      "properties": {
        "@id": "way/905831038",
        "addr:city": "pathanamthitta",
        "addr:postcode": "689647",
        "addr:state": "State Region",
        "addr:street": "Omallur-Elavumthitta Road",
        "amenity": "hospital",
        "health_facility:type": "clinic",
        "healthcare": "hospital",
        "name": "Primary Health Centre Manjanikkara",
        "operator": "Department of Health Center",
        "operator:type": "government",
        "@geometry": "center"
      },
      "geometry": {
        "type": "Point",
        "coordinates": [
          76.7419083,
          9.2467721
        ]
      },
      "id": "way/905831038"
    },
    {
      "type": "Feature",
      "properties": {
        "@id": "way/905841988",
        "addr:city": "pathanamthitta",
        "addr:postcode": "689504",
        "addr:state": "State Region",
        "addr:street": "vallana",
        "amenity": "hospital",
        "health_facility:type": "health_centre",
        "healthcare": "hospital",
        "name": "Community Health Centre Vallana",
        "operator": "DHC",
        "operator:type": "government",
        "@geometry": "center"
      },
      "geometry": {
        "type": "Point",
        "coordinates": [
          76.6680528,
          9.3156524
        ]
      },
      "id": "way/905841988"
    },
    {
      "type": "Feature",
      "properties": {
        "@id": "way/905891106",
        "addr:city": "mallaserry",
        "addr:postcode": "689646",
        "addr:street": "Pramadom",
        "amenity": "hospital",
        "healthcare": "hospital",
        "name": "Primary Health Center",
        "operator": "department of health services",
        "operator:type": "government",
        "@geometry": "center"
      },
      "geometry": {
        "type": "Point",
        "coordinates": [
          76.789306,
          9.2470807
        ]
      },
      "id": "way/905891106"
    },
    {
      "type": "Feature",
      "properties": {
        "@id": "way/906240767",
        "addr:city": "kidangara",
        "addr:district": "alappuzha",
        "addr:postcode": "686102",
        "addr:state": "State Region",
        "addr:street": "kidangara",
        "amenity": "hospital",
        "health_facility:type": "health_centre",
        "healthcare": "hospital",
        "name": "Community Health Centre Veliyanad",
        "operator": "Department of Health and Family Welfare",
        "operator:type": "government",
        "ref": "1235",
        "@geometry": "center"
      },
      "geometry": {
        "type": "Point",
        "coordinates": [
          76.4895859,
          9.424983
        ]
      },
      "id": "way/906240767"
    },
    {
      "type": "Feature",
      "properties": {
        "@id": "way/908433955",
        "amenity": "hospital",
        "building": "yes",
        "name": "PHC Ettumanoor",
        "@geometry": "center"
      },
      "geometry": {
        "type": "Point",
        "coordinates": [
          76.5936154,
          9.6731288
        ]
      },
      "id": "way/908433955"
    },
    {
      "type": "Feature",
      "properties": {
        "@id": "way/909010453",
        "amenity": "hospital",
        "healthcare": "hospital",
        "name": "doctor's speciality hospital",
        "@geometry": "center"
      },
      "geometry": {
        "type": "Point",
        "coordinates": [
          76.5527609,
          9.5886835
        ]
      },
      "id": "way/909010453"
    },
    {
      "type": "Feature",
      "properties": {
        "@id": "way/909075310",
        "amenity": "hospital",
        "healthcare": "hospital",
        "name": "Pharm care Medical STORE",
        "@geometry": "center"
      },
      "geometry": {
        "type": "Point",
        "coordinates": [
          76.7244657,
          9.4731863
        ]
      },
      "id": "way/909075310"
    },
    {
      "type": "Feature",
      "properties": {
        "@id": "way/909079454",
        "addr:city": "changanasserry",
        "addr:housenumber": "phc thrickodithanam",
        "addr:postcode": "686105",
        "addr:street": "kottamuri",
        "amenity": "hospital",
        "healthcare": "hospital",
        "name": "primary Health Centre, Thrikkodithanam",
        "operator": "Department of Health and Family Welfare",
        "operator:type": "government",
        "ref": "1331",
        "taluk": "changanacherry",
        "@geometry": "center"
      },
      "geometry": {
        "type": "Point",
        "coordinates": [
          76.5694491,
          9.4496435
        ]
      },
      "id": "way/909079454"
    },
    {
      "type": "Feature",
      "properties": {
        "@id": "way/909238665",
        "amenity": "hospital",
        "healthcare": "hospital",
        "name": "Bharath Hospital",
        "@geometry": "center"
      },
      "geometry": {
        "type": "Point",
        "coordinates": [
          76.5196013,
          9.5894658
        ]
      },
      "id": "way/909238665"
    },
    {
      "type": "Feature",
      "properties": {
        "@id": "way/913771041",
        "addr:city": "Ayammannam",
        "addr:postcode": "686105",
        "amenity": "hospital",
        "healthcare": "hospital",
        "healthcare:speciality": "general;dentistry",
        "name": "Grace Medical Center",
        "@geometry": "center"
      },
      "geometry": {
        "type": "Point",
        "coordinates": [
          76.4914965,
          9.6089595
        ]
      },
      "id": "way/913771041"
    },
    {
      "type": "Feature",
      "properties": {
        "@id": "way/921612097",
        "addr:city": "Manarcadu",
        "addr:housenumber": "1378",
        "addr:postcode": "686019",
        "addr:street": "manarcadu bus stand complex",
        "amenity": "hospital",
        "healthcare": "hospital",
        "name": "phc vellor",
        "@geometry": "center"
      },
      "geometry": {
        "type": "Point",
        "coordinates": [
          76.5829297,
          9.5879584
        ]
      },
      "id": "way/921612097"
    },
    {
      "type": "Feature",
      "properties": {
        "@id": "way/922416308",
        "amenity": "hospital",
        "healthcare": "hospital",
        "healthcare:speciality": "government",
        "name": "Primary Health Center, Ambalapuzha North",
        "ref": "4612",
        "@geometry": "center"
      },
      "geometry": {
        "type": "Point",
        "coordinates": [
          76.3759437,
          9.405516
        ]
      },
      "id": "way/922416308"
    },
    {
      "type": "Feature",
      "properties": {
        "@id": "way/922489285",
        "amenity": "hospital",
        "healthcare": "hospital",
        "name": "Dr. Aby's speciality",
        "@geometry": "center"
      },
      "geometry": {
        "type": "Point",
        "coordinates": [
          76.4058187,
          9.4434003
        ]
      },
      "id": "way/922489285"
    },
    {
      "type": "Feature",
      "properties": {
        "@id": "way/922691113",
        "amenity": "hospital",
        "healthcare": "hospital",
        "name": "Taluk Headquarters Hospital Pulinkunnu",
        "operator": "Department of Health and Family Welfare",
        "operator:type": "government",
        "ref": "1233",
        "wikidata": "Q126010974",
        "@geometry": "center"
      },
      "geometry": {
        "type": "Point",
        "coordinates": [
          76.437484,
          9.446027
        ]
      },
      "id": "way/922691113"
    },
    {
      "type": "Feature",
      "properties": {
        "@id": "way/922789447",
        "addr:postcode": "688011",
        "addr:street": "NH47-Palace Road",
        "amenity": "hospital",
        "healthcare": "hospital",
        "healthcare:speciality": "general",
        "name": "General Hospital Alappuzha",
        "operator": "Department of Health and Family Welfare",
        "operator:type": "government",
        "ref": "1214",
        "@geometry": "center"
      },
      "geometry": {
        "type": "Point",
        "coordinates": [
          76.339643,
          9.4908922
        ]
      },
      "id": "way/922789447"
    },
    {
      "type": "Feature",
      "properties": {
        "@id": "way/923149649",
        "addr:city": "Muttom",
        "amenity": "hospital",
        "email": "chcmuttom@gmail.com",
        "healthcare": "hospital",
        "name": "Community Health Center",
        "phone": "+91 486 2255028",
        "website": "https://chcmuttom.com/",
        "@geometry": "center"
      },
      "geometry": {
        "type": "Point",
        "coordinates": [
          76.7449852,
          9.834865
        ]
      },
      "id": "way/923149649"
    },
    {
      "type": "Feature",
      "properties": {
        "@id": "way/929781588",
        "addr:city": "Kaipuzha",
        "amenity": "hospital",
        "healthcare": "hospital",
        "name": "House of Divine Providence Hospital (HDP)",
        "@geometry": "center"
      },
      "geometry": {
        "type": "Point",
        "coordinates": [
          76.5117593,
          9.6703091
        ]
      },
      "id": "way/929781588"
    },
    {
      "type": "Feature",
      "properties": {
        "@id": "way/934229424",
        "addr:city": "changanacherry",
        "addr:housenumber": "Taluk Headquaters hospital",
        "addr:street": "Government Hospital Road",
        "amenity": "hospital",
        "healthcare": "hospital",
        "name": "Taluk Head Quarters Hospital Changanassery",
        "operator": "Department of Health and Family Welfare",
        "operator:type": "government",
        "ref": "1328",
        "@geometry": "center"
      },
      "geometry": {
        "type": "Point",
        "coordinates": [
          76.5394733,
          9.445086
        ]
      },
      "id": "way/934229424"
    },
    {
      "type": "Feature",
      "properties": {
        "@id": "way/934230097",
        "addr:city": "Kottayam",
        "addr:housenumber": "Government Dental College",
        "addr:street": "Medical College Gandhi Nagar Road",
        "amenity": "hospital",
        "healthcare": "hospital",
        "name": "Government Dental College, Kottayam",
        "operator": "Department of Health and Family Welfare",
        "operator:type": "government",
        "ref": "8794",
        "@geometry": "center"
      },
      "geometry": {
        "type": "Point",
        "coordinates": [
          76.5261021,
          9.6318982
        ]
      },
      "id": "way/934230097"
    },
    {
      "type": "Feature",
      "properties": {
        "@id": "way/934947618",
        "amenity": "hospital",
        "healthcare": "hospital",
        "name": "Government Health Centre, Thuruthicad",
        "@geometry": "center"
      },
      "geometry": {
        "type": "Point",
        "coordinates": [
          76.6568939,
          9.4249508
        ]
      },
      "id": "way/934947618"
    },
    {
      "type": "Feature",
      "properties": {
        "@id": "way/936678437",
        "amenity": "hospital",
        "healthcare": "hospital",
        "name": "Community Health Centre, Kanjeettukara",
        "ref": "1208",
        "@geometry": "center"
      },
      "geometry": {
        "type": "Point",
        "coordinates": [
          76.7252301,
          9.3636632
        ]
      },
      "id": "way/936678437"
    },
    {
      "type": "Feature",
      "properties": {
        "@id": "way/936996300",
        "addr:city": "Thodupuzha",
        "addr:district": "Idukki",
        "amenity": "hospital",
        "healthcare": "hospital",
        "name": "Family Health Centre Elamdesam",
        "name:ml": "കുടുംബാരോഗ്യ കേന്ദ്രം ഇളംദേശം",
        "operator": "Government Hospital",
        "operator:type": "government",
        "ref": "1441",
        "@geometry": "center"
      },
      "geometry": {
        "type": "Point",
        "coordinates": [
          76.8024832,
          9.8622381
        ]
      },
      "id": "way/936996300"
    },
    {
      "type": "Feature",
      "properties": {
        "@id": "way/937476872",
        "amenity": "hospital",
        "healthcare": "hospital",
        "name": "Family Health Centre, Kizhakke Othera",
        "ref": "1210",
        "@geometry": "center"
      },
      "geometry": {
        "type": "Point",
        "coordinates": [
          76.6300285,
          9.3552375
        ]
      },
      "id": "way/937476872"
    },
    {
      "type": "Feature",
      "properties": {
        "@id": "way/937479489",
        "addr:city": "Nallanikkunnu",
        "addr:housenumber": "Family Health Centre, Chennerkara",
        "addr:street": "Omalloor Elavumthitta road",
        "amenity": "hospital",
        "healthcare": "hospital",
        "name": "Family Health Centre, Chennerkara",
        "ref": "1151",
        "@geometry": "center"
      },
      "geometry": {
        "type": "Point",
        "coordinates": [
          76.714206,
          9.263477
        ]
      },
      "id": "way/937479489"
    },
    {
      "type": "Feature",
      "properties": {
        "@id": "way/938329858",
        "addr:city": "Cherthala",
        "addr:postcode": "688524",
        "addr:street": "Kuttikattu Junction",
        "amenity": "hospital",
        "healthcare": "hospital",
        "name": "Government Homeo Hospital Kuttikkattu",
        "operator": "Department Of Health",
        "operator:type": "government",
        "phone": "+91-478 281 0744",
        "@geometry": "center"
      },
      "geometry": {
        "type": "Point",
        "coordinates": [
          76.3254809,
          9.6871054
        ]
      },
      "id": "way/938329858"
    },
    {
      "type": "Feature",
      "properties": {
        "@id": "way/938351177",
        "addr:city": "Itithanam",
        "addr:housenumber": "phc vazhappally",
        "addr:postcode": "686106",
        "addr:street": "puthuchira",
        "amenity": "hospital",
        "healthcare": "hospital",
        "name": "Primary Health Centre, Vazhappally",
        "operator": "Department of Health and Family Welfare",
        "operator:type": "government",
        "ref": "1330",
        "taluk": "changanacherry",
        "@geometry": "center"
      },
      "geometry": {
        "type": "Point",
        "coordinates": [
          76.5567329,
          9.4803436
        ]
      },
      "id": "way/938351177"
    },
    {
      "type": "Feature",
      "properties": {
        "@id": "way/938437748",
        "amenity": "hospital",
        "healthcare": "hospital",
        "name": "Hospital Ground",
        "@geometry": "center"
      },
      "geometry": {
        "type": "Point",
        "coordinates": [
          76.3400199,
          9.6817307
        ]
      },
      "id": "way/938437748"
    },
    {
      "type": "Feature",
      "properties": {
        "@id": "way/938866243",
        "addr:street": "Vadavathoor_MRF Road",
        "amenity": "hospital",
        "healthcare": "hospital",
        "name": "ESI Hospital, Vadavathoor",
        "operator": "Employees' State Insurance",
        "operator:short": "ESI",
        "operator:wikidata": "Q3595726",
        "@geometry": "center"
      },
      "geometry": {
        "type": "Point",
        "coordinates": [
          76.5624014,
          9.6011629
        ]
      },
      "id": "way/938866243"
    },
    {
      "type": "Feature",
      "properties": {
        "@id": "way/942925006",
        "addr:city": "Edakkunnam",
        "addr:housenumber": "PHC Parathodu",
        "addr:postcode": "686512",
        "addr:street": "26th mile edakunnam road",
        "amenity": "hospital",
        "emergency": "yes",
        "healthcare": "hospital",
        "healthcare:speciality": "general",
        "name": "Primary Health Centre, Parathodu",
        "operator": "Department of Health and Family Welfare",
        "operator:type": "government",
        "ref": "1356",
        "@geometry": "center"
      },
      "geometry": {
        "type": "Point",
        "coordinates": [
          76.8385502,
          9.5486656
        ]
      },
      "id": "way/942925006"
    },
    {
      "type": "Feature",
      "properties": {
        "@id": "way/943758127",
        "amenity": "hospital",
        "healthcare": "hospital",
        "name": "Holy Ghost Mission Hospital Muttuchira",
        "@geometry": "center"
      },
      "geometry": {
        "type": "Point",
        "coordinates": [
          76.4998303,
          9.757301
        ]
      },
      "id": "way/943758127"
    },
    {
      "type": "Feature",
      "properties": {
        "@id": "way/944779430",
        "amenity": "hospital",
        "healthcare": "hospital",
        "name": "Inter-University Center for Biomedical Research & Superspeciality Hospital",
        "phone": "+914812354464",
        "website": "http://www.iucbr.ac.in/",
        "@geometry": "center"
      },
      "geometry": {
        "type": "Point",
        "coordinates": [
          76.5789743,
          9.575144
        ]
      },
      "id": "way/944779430"
    },
    {
      "type": "Feature",
      "properties": {
        "@id": "way/944779432",
        "amenity": "hospital",
        "healthcare": "hospital",
        "name": "Base Hospital",
        "phone": "+914812374000",
        "@geometry": "center"
      },
      "geometry": {
        "type": "Point",
        "coordinates": [
          76.5780254,
          9.5909027
        ]
      },
      "id": "way/944779432"
    },
    {
      "type": "Feature",
      "properties": {
        "@id": "way/944826759",
        "amenity": "hospital",
        "healthcare": "hospital",
        "healthcare:speciality": "general",
        "name": "Family Health Centre, Viyapuram",
        "ref": "1304",
        "@geometry": "center"
      },
      "geometry": {
        "type": "Point",
        "coordinates": [
          76.4609254,
          9.3250984
        ]
      },
      "id": "way/944826759"
    },
    {
      "type": "Feature",
      "properties": {
        "@id": "way/946231329",
        "amenity": "hospital",
        "healthcare": "hospital",
        "name": "District TB Centre, Kozhencherry",
        "operator": "Department of Health Service",
        "operator:type": "government",
        "ref": "1184",
        "@geometry": "center"
      },
      "geometry": {
        "type": "Point",
        "coordinates": [
          76.7066606,
          9.3352789
        ]
      },
      "id": "way/946231329"
    },
    {
      "type": "Feature",
      "properties": {
        "@id": "way/947218759",
        "addr:city": "kottayam",
        "addr:housenumber": "primary Health Center, Kanakkary",
        "addr:street": "Kanakkary-Sleevapuram Road",
        "amenity": "hospital",
        "healthcare": "hospital",
        "name": "Primary Health Center, Kanakkary",
        "operator": "Department of Health and Family Welfare",
        "operator:type": "government",
        "ref": "1334",
        "@geometry": "center"
      },
      "geometry": {
        "type": "Point",
        "coordinates": [
          76.5481829,
          9.7110522
        ]
      },
      "id": "way/947218759"
    },
    {
      "type": "Feature",
      "properties": {
        "@id": "way/953807920",
        "addr:city": "Chengannur",
        "addr:housenumber": "Oommen's Eye Hospital, Chengannur",
        "addr:postcode": "689121",
        "addr:street": "Temple Road",
        "amenity": "hospital",
        "healthcare": "hospital",
        "healthcare:speciality": "ophthalmology;vaccination",
        "name": "Oommen's Eye Hospital Chengannur",
        "operator": "Private Operator",
        "operator:type": "private",
        "@geometry": "center"
      },
      "geometry": {
        "type": "Point",
        "coordinates": [
          76.6157768,
          9.3210201
        ]
      },
      "id": "way/953807920"
    },
    {
      "type": "Feature",
      "properties": {
        "@id": "way/954901157",
        "amenity": "hospital",
        "healthcare": "hospital",
        "name": "Jmp Medical Centre, Piravom",
        "short_name": "JMP",
        "@geometry": "center"
      },
      "geometry": {
        "type": "Point",
        "coordinates": [
          76.4884878,
          9.8821992
        ]
      },
      "id": "way/954901157"
    },
    {
      "type": "Feature",
      "properties": {
        "@id": "way/954908704",
        "addr:postcode": "689643",
        "amenity": "hospital",
        "healthcare": "hospital",
        "name": "EMS Hospital",
        "@geometry": "center"
      },
      "geometry": {
        "type": "Point",
        "coordinates": [
          76.7334919,
          9.2907943
        ]
      },
      "id": "way/954908704"
    },
    {
      "type": "Feature",
      "properties": {
        "@id": "way/954928218",
        "addr:city": "pathanamthitta",
        "addr:street": "Omallur-Elavumthitta Road",
        "amenity": "hospital",
        "emergency": "yes",
        "healthcare": "hospital",
        "healthcare:speciality": "general",
        "internet_access": "yes",
        "name": "hospital ground",
        "@geometry": "center"
      },
      "geometry": {
        "type": "Point",
        "coordinates": [
          76.7400575,
          9.2442577
        ]
      },
      "id": "way/954928218"
    },
    {
      "type": "Feature",
      "properties": {
        "@id": "way/955203819",
        "amenity": "hospital",
        "healthcare": "hospital",
        "name": "People's Hospital",
        "@geometry": "center"
      },
      "geometry": {
        "type": "Point",
        "coordinates": [
          76.7839234,
          9.2656656
        ]
      },
      "id": "way/955203819"
    },
    {
      "type": "Feature",
      "properties": {
        "@id": "way/955254033",
        "addr:district": "Kottayam",
        "amenity": "hospital",
        "healthcare": "hospital",
        "name": "family health centre panachikkadu",
        "ref": "1316",
        "@geometry": "center"
      },
      "geometry": {
        "type": "Point",
        "coordinates": [
          76.5346724,
          9.5398287
        ]
      },
      "id": "way/955254033"
    },
    {
      "type": "Feature",
      "properties": {
        "@id": "way/959121748",
        "amenity": "hospital",
        "healthcare": "hospital",
        "name": "Coorperative Hospital Kaduthuruthy",
        "@geometry": "center"
      },
      "geometry": {
        "type": "Point",
        "coordinates": [
          76.4935349,
          9.7662544
        ]
      },
      "id": "way/959121748"
    },
    {
      "type": "Feature",
      "properties": {
        "@id": "way/960988484",
        "amenity": "hospital",
        "healthcare": "hospital",
        "name": "Primary Health Centre 24X7, Kottanad",
        "operator": "Department of Health and Family Welfare",
        "operator:type": "government",
        "ref": "1193",
        "@geometry": "center"
      },
      "geometry": {
        "type": "Point",
        "coordinates": [
          76.7391612,
          9.4103386
        ]
      },
      "id": "way/960988484"
    },
    {
      "type": "Feature",
      "properties": {
        "@id": "way/961021554",
        "amenity": "hospital",
        "healthcare": "hospital",
        "name": "Primary Health Centre, Manjinikara",
        "ref": "1154",
        "@geometry": "center"
      },
      "geometry": {
        "type": "Point",
        "coordinates": [
          76.7432262,
          9.2480848
        ]
      },
      "id": "way/961021554"
    },
    {
      "type": "Feature",
      "properties": {
        "@id": "way/961594331",
        "amenity": "hospital",
        "healthcare": "hospital",
        "name": "Primary Health Centre, Meenadom",
        "@geometry": "center"
      },
      "geometry": {
        "type": "Point",
        "coordinates": [
          76.616164,
          9.5515665
        ]
      },
      "id": "way/961594331"
    },
    {
      "type": "Feature",
      "properties": {
        "@id": "way/965560564",
        "amenity": "hospital",
        "healthcare": "hospital",
        "name": "Community Health Centre, Elanthoor",
        "ref": "1150",
        "@geometry": "center"
      },
      "geometry": {
        "type": "Point",
        "coordinates": [
          76.7316321,
          9.299333
        ]
      },
      "id": "way/965560564"
    },
    {
      "type": "Feature",
      "properties": {
        "@id": "way/966928656",
        "amenity": "hospital",
        "healthcare": "hospital",
        "name": "Primary Health Care Puthuperiyaram",
        "ref": "2270",
        "@geometry": "center"
      },
      "geometry": {
        "type": "Point",
        "coordinates": [
          76.6704943,
          9.8990135
        ]
      },
      "id": "way/966928656"
    },
    {
      "type": "Feature",
      "properties": {
        "@id": "way/966945224",
        "amenity": "hospital",
        "healthcare": "hospital",
        "name": "Mercy Hospital Vazhithala",
        "@geometry": "center"
      },
      "geometry": {
        "type": "Point",
        "coordinates": [
          76.6436609,
          9.884372
        ]
      },
      "id": "way/966945224"
    },
    {
      "type": "Feature",
      "properties": {
        "@id": "way/966981610",
        "amenity": "hospital",
        "healthcare": "hospital",
        "name": "Government Veterinary Hospital Puthupariyaram",
        "@geometry": "center"
      },
      "geometry": {
        "type": "Point",
        "coordinates": [
          76.678367,
          9.8993412
        ]
      },
      "id": "way/966981610"
    },
    {
      "type": "Feature",
      "properties": {
        "@id": "way/967283910",
        "amenity": "hospital",
        "healthcare": "hospital",
        "name": "Primary Health Centre, Arakunnam",
        "operator": "Department of Health and Family Welfare",
        "operator:type": "government",
        "ref": "1547",
        "@geometry": "center"
      },
      "geometry": {
        "type": "Point",
        "coordinates": [
          76.4346273,
          9.8859735
        ]
      },
      "id": "way/967283910"
    },
    {
      "type": "Feature",
      "properties": {
        "@id": "way/971290125",
        "amenity": "hospital",
        "healthcare": "hospital",
        "name": "Primary Health Centre, Ranni Pazhavangadi",
        "ref": "1174",
        "@geometry": "center"
      },
      "geometry": {
        "type": "Point",
        "coordinates": [
          76.7977135,
          9.4420873
        ]
      },
      "id": "way/971290125"
    },
    {
      "type": "Feature",
      "properties": {
        "@id": "way/972314916",
        "addr:city": "Thumpamon",
        "addr:housenumber": "Government Ayurveda Hospital , Vijayapuram",
        "addr:postcode": "689502",
        "addr:street": "Anandapally - Thumpamon road",
        "amenity": "hospital",
        "emergency": "no",
        "healthcare": "hospital",
        "healthcare:speciality": "ayurveda",
        "name": "Government Ayurveda Hospital , Vijayapuram",
        "operator": "Government",
        "operator:type": "government",
        "@geometry": "center"
      },
      "geometry": {
        "type": "Point",
        "coordinates": [
          76.7160729,
          9.2091946
        ]
      },
      "id": "way/972314916"
    },
    {
      "type": "Feature",
      "properties": {
        "@id": "way/972333499",
        "addr:city": "Thumpamon",
        "addr:postcode": "689502",
        "addr:street": "Thumpamon- Omalloor Road",
        "amenity": "hospital",
        "emergency": "yes",
        "healthcare": "hospital",
        "healthcare:speciality": "general;vaccination",
        "name": "Community Health Center Thumpamon",
        "operator": "Government",
        "operator:type": "government",
        "ref": "1197",
        "@geometry": "center"
      },
      "geometry": {
        "type": "Point",
        "coordinates": [
          76.7130482,
          9.2243686
        ]
      },
      "id": "way/972333499"
    },
    {
      "type": "Feature",
      "properties": {
        "@id": "way/976363984",
        "amenity": "hospital",
        "healthcare": "hospital",
        "name": "Family Health Center Kanjikkuzhi",
        "ref": "1244",
        "@geometry": "center"
      },
      "geometry": {
        "type": "Point",
        "coordinates": [
          76.3482075,
          9.6438107
        ]
      },
      "id": "way/976363984"
    },
    {
      "type": "Feature",
      "properties": {
        "@id": "way/977137889",
        "amenity": "hospital",
        "healthcare": "hospital",
        "name": "Govt. Ayurveda Dispensary Kanjikkuzhy",
        "@geometry": "center"
      },
      "geometry": {
        "type": "Point",
        "coordinates": [
          76.3370064,
          9.6010294
        ]
      },
      "id": "way/977137889"
    },
    {
      "type": "Feature",
      "properties": {
        "@id": "way/977510521",
        "amenity": "hospital",
        "healthcare": "hospital",
        "name": "E T Achyuthan Memorial Ayurvedic Hospital",
        "name:etymology:wikidata": "Q6095079",
        "@geometry": "center"
      },
      "geometry": {
        "type": "Point",
        "coordinates": [
          76.2980123,
          9.7053722
        ]
      },
      "id": "way/977510521"
    },
    {
      "type": "Feature",
      "properties": {
        "@id": "way/977769798",
        "addr:city": "KARUKACHAL",
        "addr:postcode": "686540",
        "amenity": "hospital",
        "healthcare": "hospital",
        "name": "Royal Medcare centre,Karukachal",
        "@geometry": "center"
      },
      "geometry": {
        "type": "Point",
        "coordinates": [
          76.6393654,
          9.5069277
        ]
      },
      "id": "way/977769798"
    },
    {
      "type": "Feature",
      "properties": {
        "@id": "way/977772580",
        "addr:postcode": "686540",
        "amenity": "hospital",
        "healthcare": "hospital",
        "name": "S J Eye Hospital, Karukachal",
        "@geometry": "center"
      },
      "geometry": {
        "type": "Point",
        "coordinates": [
          76.639816,
          9.5101821
        ]
      },
      "id": "way/977772580"
    },
    {
      "type": "Feature",
      "properties": {
        "@id": "way/977902364",
        "addr:city": "Karukachal",
        "addr:postcode": "686540",
        "amenity": "hospital",
        "healthcare": "hospital",
        "name": "Karunnya Medical Centre and Eye Hospital,Karukachal",
        "@geometry": "center"
      },
      "geometry": {
        "type": "Point",
        "coordinates": [
          76.638531,
          9.5016344
        ]
      },
      "id": "way/977902364"
    },
    {
      "type": "Feature",
      "properties": {
        "@id": "way/980006882",
        "addr:city": "Edappon",
        "addr:postcode": "690529",
        "addr:street": "State highway edappon para",
        "amenity": "hospital",
        "healthcare": "hospital",
        "healthcare:speciality": "general;surgery;cardiology",
        "name": "Josco Multi Speciality Hospital",
        "operator": "Private",
        "operator:type": "private",
        "@geometry": "center"
      },
      "geometry": {
        "type": "Point",
        "coordinates": [
          76.6269331,
          9.2293351
        ]
      },
      "id": "way/980006882"
    },
    {
      "type": "Feature",
      "properties": {
        "@id": "way/980697256",
        "addr:postcode": "690506",
        "amenity": "hospital",
        "healthcare": "hospital",
        "name": "Community Health Care Center",
        "name:ml": "മുതുകുളം ബ്ലോക്ക്‌ പഞ്ചായത്ത്‌ സാമൂഹിക ആരോഗ്യ കേന്ദ്രം",
        "@geometry": "center"
      },
      "geometry": {
        "type": "Point",
        "coordinates": [
          76.4557043,
          9.2170778
        ]
      },
      "id": "way/980697256"
    },
    {
      "type": "Feature",
      "properties": {
        "@id": "way/983261360",
        "amenity": "hospital",
        "healthcare": "hospital",
        "name": "Family Health Centre Elanji",
        "ref": "1559",
        "type": "11",
        "@geometry": "center"
      },
      "geometry": {
        "type": "Point",
        "coordinates": [
          76.5418693,
          9.8298385
        ]
      },
      "id": "way/983261360"
    },
    {
      "type": "Feature",
      "properties": {
        "@id": "way/987341288",
        "amenity": "hospital",
        "healthcare": "hospital",
        "name": "St.John's Hospital",
        "@geometry": "center"
      },
      "geometry": {
        "type": "Point",
        "coordinates": [
          76.475965,
          9.6109024
        ]
      },
      "id": "way/987341288"
    },
    {
      "type": "Feature",
      "properties": {
        "@id": "way/987721201",
        "amenity": "hospital",
        "building": "health care facility",
        "healthcare": "hospital",
        "name": "Primary Health Centre, Cheriyanad",
        "ref": "1267",
        "@geometry": "center"
      },
      "geometry": {
        "type": "Point",
        "coordinates": [
          76.5926506,
          9.2710504
        ]
      },
      "id": "way/987721201"
    },
    {
      "type": "Feature",
      "properties": {
        "@id": "way/990453911",
        "addr:city": "Kulanada",
        "addr:postcode": "689503",
        "addr:street": "Aranmula - Kidangannur road",
        "amenity": "hospital",
        "healthcare": "hospital",
        "healthcare:speciality": "general;vaccination;emergency",
        "name": "Pathanamthitta District Co Operative Hospital",
        "operator": "Government",
        "operator:type": "government",
        "@geometry": "center"
      },
      "geometry": {
        "type": "Point",
        "coordinates": [
          76.6732176,
          9.2431883
        ]
      },
      "id": "way/990453911"
    },
    {
      "type": "Feature",
      "properties": {
        "@id": "way/991396616",
        "addr:city": "Kulanada",
        "addr:postcode": "689503",
        "addr:street": "MC Road",
        "amenity": "hospital",
        "healthcare": "hospital",
        "name": "Primary Health Centre, Kulanada",
        "ref": "1196",
        "@geometry": "center"
      },
      "geometry": {
        "type": "Point",
        "coordinates": [
          76.6706736,
          9.2453896
        ]
      },
      "id": "way/991396616"
    },
    {
      "type": "Feature",
      "properties": {
        "@id": "way/991410553",
        "addr:street": "Kulanada-Omalloor Road",
        "amenity": "hospital",
        "healthcare": "hospital",
        "name": "Changethu Ayurveda Hospital, Thumpamon",
        "name:ml": "ചാങ്ങേത്ത് ആയുർവേദ ആശുപത്രി, തുമ്പമൺ",
        "@geometry": "center"
      },
      "geometry": {
        "type": "Point",
        "coordinates": [
          76.7014338,
          9.2277248
        ]
      },
      "id": "way/991410553"
    },
    {
      "type": "Feature",
      "properties": {
        "@id": "way/993011630",
        "amenity": "hospital",
        "healthcare": "hospital",
        "name": "BM Pharmacy Ayurveda Hospital",
        "@geometry": "center"
      },
      "geometry": {
        "type": "Point",
        "coordinates": [
          76.4872284,
          9.6095635
        ]
      },
      "id": "way/993011630"
    },
    {
      "type": "Feature",
      "properties": {
        "@id": "node/997575962",
        "amenity": "hospital",
        "emergency": "yes",
        "healthcare": "hospital",
        "name": "Little Lourdes Hospital Kidangoor",
        "operator": "Visitation Congregation of the Catholic Archdiocese of Kottayam",
        "operator:type": "private"
      },
      "geometry": {
        "type": "Point",
        "coordinates": [
          76.6117672,
          9.6834087
        ]
      },
      "id": "node/997575962"
    },
    {
      "type": "Feature",
      "properties": {
        "@id": "way/998110331",
        "addr:postcode": "686605",
        "addr:street": "Thalayolaparambu - Peruva - Koothattukulam Road",
        "amenity": "hospital",
        "healthcare": "hospital",
        "name": "Mercy Hospital, Thalayolaparambu",
        "phone": "+914829236131",
        "@geometry": "center"
      },
      "geometry": {
        "type": "Point",
        "coordinates": [
          76.4727721,
          9.7968989
        ]
      },
      "id": "way/998110331"
    },
    {
      "type": "Feature",
      "properties": {
        "@id": "way/1000752992",
        "amenity": "hospital",
        "healthcare": "hospital",
        "healthcare:speciality": "general",
        "name": "Government Ayurveda Hospital Ground,Palai",
        "operator": "Government",
        "@geometry": "center"
      },
      "geometry": {
        "type": "Point",
        "coordinates": [
          76.6746408,
          9.7300622
        ]
      },
      "id": "way/1000752992"
    },
    {
      "type": "Feature",
      "properties": {
        "@id": "way/1001369263",
        "addr:city": "Koothattukulam",
        "addr:housenumber": "Koothattukulam P.O,",
        "addr:postcode": "686662",
        "addr:street": "M C Road",
        "amenity": "hospital",
        "building": "hospital",
        "healthcare": "hospital",
        "name": "Govt.Hospital, Koothattukulam",
        "operator": "Government",
        "@geometry": "center"
      },
      "geometry": {
        "type": "Point",
        "coordinates": [
          76.5963611,
          9.8643778
        ]
      },
      "id": "way/1001369263"
    },
    {
      "type": "Feature",
      "properties": {
        "@id": "way/1001528994",
        "amenity": "hospital",
        "healthcare": "hospital",
        "name": "Bethany Hospital Perunad",
        "@geometry": "center"
      },
      "geometry": {
        "type": "Point",
        "coordinates": [
          76.8608509,
          9.3643408
        ]
      },
      "id": "way/1001528994"
    },
    {
      "type": "Feature",
      "properties": {
        "@id": "way/1003917499",
        "amenity": "hospital",
        "healthcare": "hospital",
        "name": "General Hospital,Palai",
        "operator": "Government",
        "operator:type": "government",
        "@geometry": "center"
      },
      "geometry": {
        "type": "Point",
        "coordinates": [
          76.6805736,
          9.711487
        ]
      },
      "id": "way/1003917499"
    },
    {
      "type": "Feature",
      "properties": {
        "@id": "way/1006182557",
        "amenity": "hospital",
        "name": "Paithrukam Ayurcare Panchakarma Center, Piravom",
        "operator": "private",
        "type": "Ayurvedha",
        "@geometry": "center"
      },
      "geometry": {
        "type": "Point",
        "coordinates": [
          76.4862845,
          9.8768597
        ]
      },
      "id": "way/1006182557"
    },
    {
      "type": "Feature",
      "properties": {
        "@id": "way/1006209456",
        "addr:city": "vizhikkathodu",
        "addr:postcode": "686518",
        "addr:street": "Ponkunnam - KVMS - Erumely Road",
        "amenity": "hospital",
        "healthcare": "hospital",
        "name": "Primary Health Center, Vizhikkathodu",
        "name:ml": "പ്രാഥമിക ആരോഗ്യ കേന്ദ്രം",
        "operator": "Department of Health and Family Welfare",
        "operator:type": "government",
        "ref": "1324",
        "@geometry": "center"
      },
      "geometry": {
        "type": "Point",
        "coordinates": [
          76.8074839,
          9.5172723
        ]
      },
      "id": "way/1006209456"
    },
    {
      "type": "Feature",
      "properties": {
        "@id": "way/1013451582",
        "addr:street": "Road to Paikkad",
        "amenity": "hospital",
        "healthcare": "hospital",
        "name": "Government Homoeo Dispensary, Elackad",
        "@geometry": "center"
      },
      "geometry": {
        "type": "Point",
        "coordinates": [
          76.5971033,
          9.7597581
        ]
      },
      "id": "way/1013451582"
    },
    {
      "type": "Feature",
      "properties": {
        "@id": "way/1015084751",
        "amenity": "hospital",
        "healthcare": "hospital",
        "name": "Community Health Centre, Ramapuram",
        "phone": "+914822263806",
        "@geometry": "center"
      },
      "geometry": {
        "type": "Point",
        "coordinates": [
          76.6626526,
          9.8031954
        ]
      },
      "id": "way/1015084751"
    },
    {
      "type": "Feature",
      "properties": {
        "@id": "way/1016196396",
        "addr:city": "Thattayil",
        "addr:street": "Keerukuzhy - Tholuzham",
        "amenity": "hospital",
        "healthcare": "hospital",
        "name": "Government Ayurveda Dispensary Ward 6 Pandalam Thekkekkara",
        "survey:date": "2021-12-19",
        "@geometry": "center"
      },
      "geometry": {
        "type": "Point",
        "coordinates": [
          76.74176,
          9.2072718
        ]
      },
      "id": "way/1016196396"
    },
    {
      "type": "Feature",
      "properties": {
        "@id": "way/1017492902",
        "addr:city": "Omalloor",
        "addr:street": "Adoor - Vandiperiyar Highway",
        "amenity": "hospital",
        "healthcare": "hospital",
        "name": "Vedagram Ayurveda Hospital",
        "operator": "Private",
        "operator:type": "private",
        "@geometry": "center"
      },
      "geometry": {
        "type": "Point",
        "coordinates": [
          76.757853,
          9.2366219
        ]
      },
      "id": "way/1017492902"
    },
    {
      "type": "Feature",
      "properties": {
        "@id": "way/1017809052",
        "addr:city": "Pandalam",
        "addr:postcode": "689501",
        "addr:street": "pandalam market road",
        "amenity": "hospital",
        "healthcare": "hospital",
        "healthcare:speciality": "general",
        "name": "Parayil SM Hospital",
        "operator": "Private",
        "operator:type": "private",
        "@geometry": "center"
      },
      "geometry": {
        "type": "Point",
        "coordinates": [
          76.676073,
          9.2235769
        ]
      },
      "id": "way/1017809052"
    },
    {
      "type": "Feature",
      "properties": {
        "@id": "way/1018280215",
        "addr:city": "Omalloor",
        "addr:street": "Adoor - Vandiperiyar Highway",
        "amenity": "hospital",
        "healthcare": "hospital",
        "name": "Government Ayurveda Hospital, Omalloor",
        "survey:date": "2022-01-04",
        "@geometry": "center"
      },
      "geometry": {
        "type": "Point",
        "coordinates": [
          76.7637453,
          9.251677
        ]
      },
      "id": "way/1018280215"
    },
    {
      "type": "Feature",
      "properties": {
        "@id": "way/1022330498",
        "addr:city": "Pathanamthitta",
        "addr:postcode": "689645",
        "addr:street": "Pathanamthitta Ring Road",
        "amenity": "hospital",
        "healthcare": "hospital",
        "name": "Muthoot Hospital",
        "@geometry": "center"
      },
      "geometry": {
        "type": "Point",
        "coordinates": [
          76.7900425,
          9.2618973
        ]
      },
      "id": "way/1022330498"
    },
    {
      "type": "Feature",
      "properties": {
        "@id": "way/1024239651",
        "amenity": "hospital",
        "emergency": "yes",
        "healthcare": "hospital",
        "name": "St. Mary's Hospital",
        "website": "https://www.stmaryshospitalthodupuzha.com/",
        "@geometry": "center"
      },
      "geometry": {
        "type": "Point",
        "coordinates": [
          76.7159593,
          9.8923232
        ]
      },
      "id": "way/1024239651"
    },
    {
      "type": "Feature",
      "properties": {
        "@id": "way/1024302345",
        "amenity": "hospital",
        "check_date": "2025-12-30",
        "healthcare": "hospital",
        "name": "Cherupushpam Hospital",
        "@geometry": "center"
      },
      "geometry": {
        "type": "Point",
        "coordinates": [
          76.6893423,
          9.7159356
        ]
      },
      "id": "way/1024302345"
    },
    {
      "type": "Feature",
      "properties": {
        "@id": "node/1026208607",
        "amenity": "hospital",
        "check_date": "2025-02-10",
        "name": "Holy Family Hospital Plassanal"
      },
      "geometry": {
        "type": "Point",
        "coordinates": [
          76.7598364,
          9.7062998
        ]
      },
      "id": "node/1026208607"
    },
    {
      "type": "Feature",
      "properties": {
        "@id": "node/1026823949",
        "amenity": "hospital",
        "comment": "not exact location",
        "name": "Sushrusha Hospital, Kozha Kuravlingad"
      },
      "geometry": {
        "type": "Point",
        "coordinates": [
          76.5677558,
          9.761646
        ]
      },
      "id": "node/1026823949"
    },
    {
      "type": "Feature",
      "properties": {
        "@id": "way/1028584408",
        "amenity": "hospital",
        "healthcare": "hospital",
        "name": "St.Thomas Health Centre, Manimala",
        "@geometry": "center"
      },
      "geometry": {
        "type": "Point",
        "coordinates": [
          76.7503388,
          9.4917525
        ]
      },
      "id": "way/1028584408"
    },
    {
      "type": "Feature",
      "properties": {
        "@id": "way/1033857871",
        "amenity": "hospital",
        "healthcare": "hospital",
        "name": "RR Clinic",
        "@geometry": "center"
      },
      "geometry": {
        "type": "Point",
        "coordinates": [
          76.6648987,
          9.2280471
        ]
      },
      "id": "way/1033857871"
    },
    {
      "type": "Feature",
      "properties": {
        "@id": "way/1053498028",
        "addr:city": "ponkunnam",
        "addr:postcode": "686506",
        "addr:street": "Ponkunnam - KVMS - Erumely Road",
        "amenity": "hospital",
        "emergency": "yes",
        "healthcare": "hospital",
        "healthcare:speciality": "general",
        "name": "Aravinda Hospital (KVMS)",
        "operator": "private",
        "operator:type": "private",
        "@geometry": "center"
      },
      "geometry": {
        "type": "Point",
        "coordinates": [
          76.7641998,
          9.5575616
        ]
      },
      "id": "way/1053498028"
    },
    {
      "type": "Feature",
      "properties": {
        "@id": "way/1053498834",
        "addr:city": "ponkunnam",
        "addr:postcode": "686506",
        "addr:street": "Ponkunnam - KVMS - Erumely Road",
        "amenity": "hospital",
        "healthcare": "hospital",
        "name": "Aravinda Hospital (KVMS)",
        "operator": "private",
        "operator:type": "private",
        "@geometry": "center"
      },
      "geometry": {
        "type": "Point",
        "coordinates": [
          76.7643446,
          9.5579132
        ]
      },
      "id": "way/1053498834"
    },
    {
      "type": "Feature",
      "properties": {
        "@id": "way/1057256720",
        "amenity": "hospital",
        "healthcare": "hospital",
        "name": "Cardinal Speciality Hospital, Cheenkallel",
        "@geometry": "center"
      },
      "geometry": {
        "type": "Point",
        "coordinates": [
          76.5731208,
          9.7954387
        ]
      },
      "id": "way/1057256720"
    },
    {
      "type": "Feature",
      "properties": {
        "@id": "way/1065400514",
        "addr:city": "Mannamplavu",
        "addr:postcode": "686520",
        "addr:street": "Ponkunnam - KVMS - Erumely Road",
        "addr:ward": "18",
        "amenity": "hospital",
        "healthcare": "hospital",
        "name": "Mar Aprem Medical Centre, Chirakkadavu",
        "@geometry": "center"
      },
      "geometry": {
        "type": "Point",
        "coordinates": [
          76.7848525,
          9.5305851
        ]
      },
      "id": "way/1065400514"
    },
    {
      "type": "Feature",
      "properties": {
        "@id": "way/1077455374",
        "addr:city": "Pala",
        "addr:district": "Kottayam",
        "addr:postcode": "686584",
        "addr:state": "State Region",
        "addr:street": "Cherpunkal",
        "address": "Mar Sleeva Medicity Palai\nKezhuvankulam P.O, Cherpunkal Kottayam (Dist.), State Region, India - 686584",
        "alt_name": "Marsleeva medicity",
        "amenity": "hospital",
        "contact:email": "mail@marsleevamedicity.com",
        "description": "A multi-speciality hospital in Pala, Kottayam",
        "emergency": "yes",
        "healthcare": "hospital",
        "loc_name": "Mar sleeva hospital",
        "name": "Mar Sleeva Medicity Pala",
        "name:ml": "മാർ സ്ലീവാ മെഡിസിറ്റി പാലാ",
        "official_name": "Mar Sleeva Medicity Palai",
        "opening_hours": "24/7",
        "phone": "04822359900",
        "reg_name": "Multi speciality hospital Pala",
        "short_name": "Medicity Pala",
        "website": "https://marsleevamedicity.com",
        "@geometry": "center"
      },
      "geometry": {
        "type": "Point",
        "coordinates": [
          76.6440092,
          9.6793229
        ]
      },
      "id": "way/1077455374"
    },
    {
      "type": "Feature",
      "properties": {
        "@id": "way/1079362499",
        "amenity": "hospital",
        "healthcare": "hospital",
        "name": "Thiruvarppu Government Ayurvedic Hospital",
        "@geometry": "center"
      },
      "geometry": {
        "type": "Point",
        "coordinates": [
          76.5023925,
          9.6021891
        ]
      },
      "id": "way/1079362499"
    },
    {
      "type": "Feature",
      "properties": {
        "@id": "way/1079932179",
        "addr:city": "Pannimattom",
        "addr:postcode": "685588",
        "addr:street": "Kumarakom – Cumbammettu – Cumbam Road (Thodupuzha Poomala Route)",
        "amenity": "hospital",
        "contact:phone": "+91-4862276162",
        "description": "X-Ray,ECG,LAb etc",
        "healthcare": "hospital",
        "healthcare:speciality": "general;dentistry;vaccination",
        "name": "Santhinikethana Hospital",
        "@geometry": "center"
      },
      "geometry": {
        "type": "Point",
        "coordinates": [
          76.8279373,
          9.8487272
        ]
      },
      "id": "way/1079932179"
    },
    {
      "type": "Feature",
      "properties": {
        "@id": "way/1083969546",
        "addr:housenumber": "Pandalam",
        "amenity": "hospital",
        "emergency": "yes",
        "healthcare": "hospital",
        "name": "Archana hospital",
        "@geometry": "center"
      },
      "geometry": {
        "type": "Point",
        "coordinates": [
          76.6797385,
          9.2200619
        ]
      },
      "id": "way/1083969546"
    },
    {
      "type": "Feature",
      "properties": {
        "@id": "way/1085756135",
        "amenity": "hospital",
        "healthcare": "hospital",
        "name": "Sreekantapuram hospital",
        "@geometry": "center"
      },
      "geometry": {
        "type": "Point",
        "coordinates": [
          76.5275415,
          9.2510571
        ]
      },
      "id": "way/1085756135"
    },
    {
      "type": "Feature",
      "properties": {
        "@id": "way/1086872143",
        "amenity": "hospital",
        "healthcare": "hospital",
        "name": "Primary Health Centre, Kallara",
        "operator": "DEPARTMENT OF HEALTH SERVICES",
        "operator:type": "government",
        "@geometry": "center"
      },
      "geometry": {
        "type": "Point",
        "coordinates": [
          76.4763109,
          9.7080892
        ]
      },
      "id": "way/1086872143"
    },
    {
      "type": "Feature",
      "properties": {
        "@id": "way/1088330172",
        "amenity": "hospital",
        "healthcare": "hospital",
        "name": "Vaikom Sathyagraha Memmorial Hospital",
        "@geometry": "center"
      },
      "geometry": {
        "type": "Point",
        "coordinates": [
          76.393589,
          9.7440848
        ]
      },
      "id": "way/1088330172"
    },
    {
      "type": "Feature",
      "properties": {
        "@id": "way/1094038446",
        "amenity": "hospital",
        "healthcare": "hospital",
        "name": "Primary Health Centre Kuttoor",
        "@geometry": "center"
      },
      "geometry": {
        "type": "Point",
        "coordinates": [
          76.5886109,
          9.3590648
        ]
      },
      "id": "way/1094038446"
    },
    {
      "type": "Feature",
      "properties": {
        "@id": "way/1095349139",
        "amenity": "hospital",
        "healthcare": "hospital",
        "name": "Manak Hospital Nedumpuram",
        "@geometry": "center"
      },
      "geometry": {
        "type": "Point",
        "coordinates": [
          76.5204977,
          9.3714449
        ]
      },
      "id": "way/1095349139"
    },
    {
      "type": "Feature",
      "properties": {
        "@id": "way/1101549711",
        "addr:city": "Teekoy",
        "addr:postcode": "686580",
        "addr:street": "Erattupetta-Peermade Road",
        "amenity": "hospital",
        "healthcare": "hospital",
        "healthcare:speciality": "general",
        "name": "Goverenment Homeo dispancary Teekoy",
        "operator": "Health department",
        "operator:type": "government",
        "@geometry": "center"
      },
      "geometry": {
        "type": "Point",
        "coordinates": [
          76.8051964,
          9.6984669
        ]
      },
      "id": "way/1101549711"
    },
    {
      "type": "Feature",
      "properties": {
        "@id": "way/1102315968",
        "addr:city": "Chennad",
        "addr:postcode": "686581",
        "addr:street": "Erattupetta - Chennad Road",
        "amenity": "hospital",
        "healthcare": "hospital",
        "healthcare:speciality": "general",
        "name": "Government Homeo Dispensary",
        "@geometry": "center"
      },
      "geometry": {
        "type": "Point",
        "coordinates": [
          76.8060363,
          9.6437631
        ]
      },
      "id": "way/1102315968"
    },
    {
      "type": "Feature",
      "properties": {
        "@id": "way/1107294737",
        "amenity": "hospital",
        "healthcare": "hospital",
        "name": "ECHS Polyclinic Mavelikkara",
        "@geometry": "center"
      },
      "geometry": {
        "type": "Point",
        "coordinates": [
          76.5379365,
          9.2447151
        ]
      },
      "id": "way/1107294737"
    },
    {
      "type": "Feature",
      "properties": {
        "@id": "way/1137795887",
        "amenity": "hospital",
        "healthcare": "hospital",
        "name": "MITERA HOSPITAL",
        "@geometry": "center"
      },
      "geometry": {
        "type": "Point",
        "coordinates": [
          76.5472771,
          9.6476434
        ]
      },
      "id": "way/1137795887"
    },
    {
      "type": "Feature",
      "properties": {
        "@id": "way/1186052759",
        "addr:city": "pallikathodu",
        "addr:street": "Primary Health Centre Pallickathodu. Primary Health Centre, Pallickathodu. Phone : 0481-2551750. Category/Type: PHC Pincode: 686503. Website Policies​ .",
        "amenity": "hospital",
        "building": "yes",
        "healthcare": "hospital",
        "name": "Primary Health Center Pallikathodu",
        "ref": "1351",
        "source": "microsoft/BuildingFootprints",
        "@geometry": "center"
      },
      "geometry": {
        "type": "Point",
        "coordinates": [
          76.6742068,
          9.5955133
        ]
      },
      "id": "way/1186052759"
    },
    {
      "type": "Feature",
      "properties": {
        "@id": "way/1195626889",
        "amenity": "hospital",
        "healthcare": "hospital",
        "name": "Mar Geevarghese Dionysius Memorial Hospital",
        "@geometry": "center"
      },
      "geometry": {
        "type": "Point",
        "coordinates": [
          76.6733204,
          9.5289531
        ]
      },
      "id": "way/1195626889"
    },
    {
      "type": "Feature",
      "properties": {
        "@id": "way/1217984735",
        "addr:city": "Ayarkunnam",
        "addr:street": "Ayarkunnam-Thiruvanchoor Road",
        "amenity": "hospital",
        "building": "yes",
        "name": "Christraj Hospital Ayarkunnam",
        "source": "microsoft/BuildingFootprints",
        "@geometry": "center"
      },
      "geometry": {
        "type": "Point",
        "coordinates": [
          76.6009121,
          9.6333727
        ]
      },
      "id": "way/1217984735"
    },
    {
      "type": "Feature",
      "properties": {
        "@id": "way/1239208363",
        "addr:city": "Cherthala",
        "addr:district": "Alappuzha",
        "addr:street": "KVM - Maruthorvattom Road",
        "amenity": "hospital",
        "emergency": "yes",
        "healthcare": "hospital",
        "name": "K.V.M. Super Speciality Hospital",
        "@geometry": "center"
      },
      "geometry": {
        "type": "Point",
        "coordinates": [
          76.3401037,
          9.6668617
        ]
      },
      "id": "way/1239208363"
    },
    {
      "type": "Feature",
      "properties": {
        "@id": "way/1239209405",
        "addr:district": "Alappuzha",
        "addr:full": "Maruthorvattom Temple Road, Near N. H. 47, Cherthala",
        "addr:postcode": "688539",
        "amenity": "hospital",
        "healthcare": "hospital",
        "name": "Kinder Women's Hospital and Fertility Centre",
        "wikidata": "Q137592848",
        "@geometry": "center"
      },
      "geometry": {
        "type": "Point",
        "coordinates": [
          76.3411979,
          9.6630841
        ]
      },
      "id": "way/1239209405"
    },
    {
      "type": "Feature",
      "properties": {
        "@id": "way/1271075600",
        "addr:district": "Kottayam",
        "addr:full": "P.O Vaikom",
        "addr:postcode": "686602",
        "addr:state": "State Region",
        "amenity": "hospital",
        "healthcare": "hospital",
        "name": "St.Xaviers Hospital",
        "source": "OpenGovernmentData",
        "@geometry": "center"
      },
      "geometry": {
        "type": "Point",
        "coordinates": [
          76.4107367,
          9.7068935
        ]
      },
      "id": "way/1271075600"
    },
    {
      "type": "Feature",
      "properties": {
        "@id": "way/1283805805",
        "amenity": "hospital",
        "healthcare": "hospital",
        "name": "Nedumcheril Hospital",
        "@geometry": "center"
      },
      "geometry": {
        "type": "Point",
        "coordinates": [
          76.7729561,
          9.2957488
        ]
      },
      "id": "way/1283805805"
    },
    {
      "type": "Feature",
      "properties": {
        "@id": "way/1432565567",
        "alt_name": "SHMC Wellness Centre",
        "amenity": "hospital",
        "healthcare": "hospital",
        "name": "SH Medical Centre",
        "short_name": "SHMC",
        "@geometry": "center"
      },
      "geometry": {
        "type": "Point",
        "coordinates": [
          76.430153,
          9.5951191
        ]
      },
      "id": "way/1432565567"
    },
    {
      "type": "Feature",
      "properties": {
        "@id": "way/1434145013",
        "addr:district": "Alappuzha",
        "addr:state": "State Region",
        "amenity": "hospital",
        "emergency": "yes",
        "healthcare": "hospital",
        "name": "Sacred Heart General Hospital",
        "@geometry": "center"
      },
      "geometry": {
        "type": "Point",
        "coordinates": [
          76.3393454,
          9.6620591
        ]
      },
      "id": "way/1434145013"
    },
    {
      "type": "Feature",
      "properties": {
        "@id": "way/1434145014",
        "addr:district": "Alappuzha",
        "amenity": "hospital",
        "healthcare": "hospital",
        "name": "Prathyasa Cancer Hospital",
        "@geometry": "center"
      },
      "geometry": {
        "type": "Point",
        "coordinates": [
          76.3394529,
          9.6643628
        ]
      },
      "id": "way/1434145014"
    },
    {
      "type": "Feature",
      "properties": {
        "@id": "node/1473134118",
        "addr:city": "Alappuzha",
        "addr:district": "Alappuzha",
        "addr:full": "Thathampally",
        "addr:postcode": "688013",
        "addr:state": "State Region",
        "amenity": "hospital",
        "healthcare": "hospital",
        "name": "Sahrudaya Hospital",
        "source": "OpenGovernmentData"
      },
      "geometry": {
        "type": "Point",
        "coordinates": [
          76.3418646,
          9.5053603
        ]
      },
      "id": "node/1473134118"
    },
    {
      "type": "Feature",
      "properties": {
        "@id": "way/1474193487",
        "addr:district": "Alappuzha",
        "addr:full": "Kumarapuram P.O., Haripad",
        "addr:postcode": "690548",
        "addr:state": "State Region",
        "amenity": "hospital",
        "healthcare": "hospital",
        "name": "Huda Trust Hospital",
        "@geometry": "center"
      },
      "geometry": {
        "type": "Point",
        "coordinates": [
          76.4427314,
          9.2830908
        ]
      },
      "id": "way/1474193487"
    },
    {
      "type": "Feature",
      "properties": {
        "@id": "way/1511117287",
        "alt_name": "Konni Medical College",
        "amenity": "hospital",
        "emergency": "yes",
        "healthcare": "hospital",
        "name": "Government Medical College Konni",
        "wikidata": "Q48725507",
        "wikipedia": "en:Government Medical College, Konni",
        "@geometry": "center"
      },
      "geometry": {
        "type": "Point",
        "coordinates": [
          76.8815249,
          9.2258207
        ]
      },
      "id": "way/1511117287"
    },
    {
      "type": "Feature",
      "properties": {
        "@id": "node/1734272535",
        "amenity": "hospital",
        "name": "Govt Ayurvedic Hospital Marangattupilly",
        "name:ml": "ഗവ. ആയുര്‍വേദ ആശുപത്രി മരങ്ങാട്ടുപിള്ളി",
        "source": "Bing"
      },
      "geometry": {
        "type": "Point",
        "coordinates": [
          76.6210694,
          9.7378712
        ]
      },
      "id": "node/1734272535"
    },
    {
      "type": "Feature",
      "properties": {
        "@id": "node/1763921958",
        "amenity": "hospital",
        "healthcare": "hospital",
        "name": "Sacred Heart Hospital, Chakkampuzha",
        "source": "Bing"
      },
      "geometry": {
        "type": "Point",
        "coordinates": [
          76.6517176,
          9.767019
        ]
      },
      "id": "node/1763921958"
    },
    {
      "type": "Feature",
      "properties": {
        "@id": "node/1954307174",
        "amenity": "hospital",
        "emergency": "yes",
        "healthcare": "hospital",
        "name": "Taluk Headquarters Hospital, vaikom",
        "operator": "department of health services",
        "operator:type": "government",
        "phone": "+91-4829-231261"
      },
      "geometry": {
        "type": "Point",
        "coordinates": [
          76.3899657,
          9.7502732
        ]
      },
      "id": "node/1954307174"
    },
    {
      "type": "Feature",
      "properties": {
        "@id": "node/2237102126",
        "amenity": "hospital",
        "name": "Oshana Mount Hospital"
      },
      "geometry": {
        "type": "Point",
        "coordinates": [
          76.7294329,
          9.6893734
        ]
      },
      "id": "node/2237102126"
    },
    {
      "type": "Feature",
      "properties": {
        "@id": "node/2237171901",
        "addr:city": "Moolamattom",
        "addr:postcode": "685589",
        "addr:street": "Thodupuzha Moolamattom",
        "amenity": "hospital",
        "name": "Bishop Vayalil Medical Centre"
      },
      "geometry": {
        "type": "Point",
        "coordinates": [
          76.8455509,
          9.7996017
        ]
      },
      "id": "node/2237171901"
    },
    {
      "type": "Feature",
      "properties": {
        "@id": "node/2555411615",
        "addr:district": "Alappuzha",
        "addr:full": "Edathua",
        "addr:postcode": "689573",
        "addr:state": "State Region",
        "amenity": "hospital",
        "emergency": "yes",
        "name": "Maha Jubilee Memorial Hospital",
        "source": "OpenGovernmentData"
      },
      "geometry": {
        "type": "Point",
        "coordinates": [
          76.478529,
          9.3682137
        ]
      },
      "id": "node/2555411615"
    },
    {
      "type": "Feature",
      "properties": {
        "@id": "node/2595496255",
        "addr:city": "Changanacherry",
        "addr:district": "Kottayam",
        "addr:full": "Chethipuzha, Changanacherry",
        "addr:housename": "Chethipuzha",
        "addr:postcode": "686104",
        "addr:state": "State Region",
        "addr:street": "Chethipuzha, Kurishmoodu Road",
        "amenity": "hospital",
        "contact:fax": "+91 0481-2721584",
        "email": "info@st-thomashospital.org",
        "healthcare": "hospital",
        "healthcare:speciality": "general",
        "name": "St. Thomas Hospital, Chethipuzha",
        "name:ml": "സെന്റ് തോമസ് ആശുപത്രി;ചെത്തിപ്പുഴ",
        "phone": "+91 481 2723952;+91 481 2721797",
        "source": "OpenGovernmentData",
        "website": "http://www.st-thomashospital.net/contact.html"
      },
      "geometry": {
        "type": "Point",
        "coordinates": [
          76.5524968,
          9.4626186
        ]
      },
      "id": "node/2595496255"
    },
    {
      "type": "Feature",
      "properties": {
        "@id": "node/2908539849",
        "addr:district": "Alappuzha",
        "addr:full": "Thattarambalam P.O, Mavelikara",
        "addr:postcode": "690103",
        "addr:state": "State Region",
        "amenity": "hospital",
        "emergency": "yes",
        "name": "V.S.M. Hospital",
        "source": "OpenGovernmentData"
      },
      "geometry": {
        "type": "Point",
        "coordinates": [
          76.5211566,
          9.247826
        ]
      },
      "id": "node/2908539849"
    },
    {
      "type": "Feature",
      "properties": {
        "@id": "node/2910840057",
        "addr:district": "Pathanamthitta",
        "addr:full": "P.B.No-15,Kozhencherry",
        "addr:postcode": "689641",
        "addr:state": "State Region",
        "amenity": "hospital",
        "emergency": "yes",
        "healthcare": "hospital",
        "name": "Poyanil Hospital, Pathanamthitta",
        "source": "OpenGovernmentData"
      },
      "geometry": {
        "type": "Point",
        "coordinates": [
          76.7079349,
          9.3368136
        ]
      },
      "id": "node/2910840057"
    },
    {
      "type": "Feature",
      "properties": {
        "@id": "node/2914441594",
        "addr:district": "Kottayam",
        "addr:full": "Poovarani Post",
        "addr:postcode": "686577",
        "addr:state": "State Region",
        "addr:street": "Pala-Ponkunam Road",
        "amenity": "hospital",
        "beds": "46",
        "check_date": "2025-12-31",
        "healthcare": "hospital",
        "healthcare:speciality": "general;gynaecology;internal",
        "name": "Paika CHC",
        "operator": "DHC",
        "operator:type": "government",
        "source": "OpenGovernmentData",
        "wheelchair": "yes"
      },
      "geometry": {
        "type": "Point",
        "coordinates": [
          76.7245092,
          9.6515945
        ]
      },
      "id": "node/2914441594"
    },
    {
      "type": "Feature",
      "properties": {
        "@id": "node/2921371762",
        "amenity": "hospital",
        "emergency": "yes",
        "healthcare": "hospital",
        "name": "MES Hospital"
      },
      "geometry": {
        "type": "Point",
        "coordinates": [
          76.7843456,
          9.685167
        ]
      },
      "id": "node/2921371762"
    },
    {
      "type": "Feature",
      "properties": {
        "@id": "node/3007217126",
        "amenity": "hospital",
        "name": "Pala Government Hospital Homeo Hospital"
      },
      "geometry": {
        "type": "Point",
        "coordinates": [
          76.6952268,
          9.7159494
        ]
      },
      "id": "node/3007217126"
    },
    {
      "type": "Feature",
      "properties": {
        "@id": "node/3244448704",
        "amenity": "hospital",
        "name": "Mercy Hospital, Chengalam"
      },
      "geometry": {
        "type": "Point",
        "coordinates": [
          76.7076871,
          9.6175954
        ]
      },
      "id": "node/3244448704"
    },
    {
      "type": "Feature",
      "properties": {
        "@id": "node/3400302354",
        "amenity": "hospital",
        "name": "Cardinal Speciallity Hospital"
      },
      "geometry": {
        "type": "Point",
        "coordinates": [
          76.573035,
          9.7955293
        ]
      },
      "id": "node/3400302354"
    },
    {
      "type": "Feature",
      "properties": {
        "@id": "node/3433337203",
        "amenity": "hospital",
        "healthcare": "hospital",
        "name": "Mannam Memorial N.S.S Ayurveda Hospital"
      },
      "geometry": {
        "type": "Point",
        "coordinates": [
          76.62556,
          9.6864654
        ]
      },
      "id": "node/3433337203"
    },
    {
      "type": "Feature",
      "properties": {
        "@id": "node/3555653071",
        "addr:city": "changanacherry",
        "addr:postcode": "686102",
        "addr:street": "MC Road",
        "amenity": "hospital",
        "healthcare": "hospital",
        "healthcare:speciality": "general",
        "name": "NSS Medical Mission Hospital"
      },
      "geometry": {
        "type": "Point",
        "coordinates": [
          76.5437928,
          9.4390911
        ]
      },
      "id": "node/3555653071"
    },
    {
      "type": "Feature",
      "properties": {
        "@id": "node/3804590000",
        "amenity": "hospital",
        "healthcare": "hospital",
        "name": "Community Health Centre Ranni Perunnadu",
        "operator": "Department of Health and Family Welfare",
        "operator:type": "government"
      },
      "geometry": {
        "type": "Point",
        "coordinates": [
          76.8553176,
          9.3678012
        ]
      },
      "id": "node/3804590000"
    },
    {
      "type": "Feature",
      "properties": {
        "@id": "node/3804616180",
        "amenity": "hospital",
        "name": "Bethany Hospital"
      },
      "geometry": {
        "type": "Point",
        "coordinates": [
          76.8609978,
          9.364231
        ]
      },
      "id": "node/3804616180"
    },
    {
      "type": "Feature",
      "properties": {
        "@id": "node/3806218673",
        "amenity": "hospital",
        "name": "Himagiri Diagnostic Central Lab"
      },
      "geometry": {
        "type": "Point",
        "coordinates": [
          76.8634271,
          9.3631319
        ]
      },
      "id": "node/3806218673"
    },
    {
      "type": "Feature",
      "properties": {
        "@id": "node/3806218675",
        "amenity": "hospital",
        "name": "Shalom Dental Clinic"
      },
      "geometry": {
        "type": "Point",
        "coordinates": [
          76.8644609,
          9.3630379
        ]
      },
      "id": "node/3806218675"
    },
    {
      "type": "Feature",
      "properties": {
        "@id": "node/3806322006",
        "amenity": "hospital",
        "name": "Private Homeo Clinic"
      },
      "geometry": {
        "type": "Point",
        "coordinates": [
          76.8315007,
          9.3423654
        ]
      },
      "id": "node/3806322006"
    },
    {
      "type": "Feature",
      "properties": {
        "@id": "node/3809804226",
        "addr:district": "Kottayam",
        "addr:full": "Mukkoottuthara P O",
        "addr:postcode": "686510",
        "addr:state": "State Region",
        "amenity": "hospital",
        "healthcare": "hospital",
        "name": "Assisi Hospital",
        "source": "OpenGovernmentData"
      },
      "geometry": {
        "type": "Point",
        "coordinates": [
          76.8716873,
          9.4487257
        ]
      },
      "id": "node/3809804226"
    },
    {
      "type": "Feature",
      "properties": {
        "@id": "node/3809804246",
        "amenity": "hospital",
        "name": "Kizhakkemuri Homeo Clinic"
      },
      "geometry": {
        "type": "Point",
        "coordinates": [
          76.8777554,
          9.4471923
        ]
      },
      "id": "node/3809804246"
    },
    {
      "type": "Feature",
      "properties": {
        "@id": "node/3810992545",
        "amenity": "hospital",
        "name": "Chembankulam Homeo Clinic"
      },
      "geometry": {
        "type": "Point",
        "coordinates": [
          76.8862156,
          9.534461
        ]
      },
      "id": "node/3810992545"
    },
    {
      "type": "Feature",
      "properties": {
        "@id": "node/3811026553",
        "amenity": "hospital",
        "name": "Devi Clinic"
      },
      "geometry": {
        "type": "Point",
        "coordinates": [
          76.8432551,
          9.3895787
        ]
      },
      "id": "node/3811026553"
    },
    {
      "type": "Feature",
      "properties": {
        "@id": "node/3812199103",
        "amenity": "hospital",
        "name": "Community Health Centre, Vechoochira"
      },
      "geometry": {
        "type": "Point",
        "coordinates": [
          76.8531285,
          9.4248646
        ]
      },
      "id": "node/3812199103"
    },
    {
      "type": "Feature",
      "properties": {
        "@id": "node/3812212603",
        "amenity": "hospital",
        "healthcare": "hospital",
        "name": "Cherupusham hosptial"
      },
      "geometry": {
        "type": "Point",
        "coordinates": [
          76.8780243,
          9.4451429
        ]
      },
      "id": "node/3812212603"
    },
    {
      "type": "Feature",
      "properties": {
        "@id": "node/3951439190",
        "amenity": "hospital",
        "healthcare": "hospital",
        "name": "ആലപ്പുഴ ബീച്ച് ആശുപത്രി",
        "name:en": "Beach Hospital"
      },
      "geometry": {
        "type": "Point",
        "coordinates": [
          76.3201471,
          9.4883171
        ]
      },
      "id": "node/3951439190"
    },
    {
      "type": "Feature",
      "properties": {
        "@id": "node/3984744125",
        "amenity": "hospital",
        "name": "District Ayurveda Hospital"
      },
      "geometry": {
        "type": "Point",
        "coordinates": [
          76.3332043,
          9.4887581
        ]
      },
      "id": "node/3984744125"
    },
    {
      "type": "Feature",
      "properties": {
        "@id": "node/4292150695",
        "addr:street": "Kuruppamthara - Kallara Road",
        "amenity": "hospital",
        "healthcare": "hospital",
        "name": "Divine Hospital"
      },
      "geometry": {
        "type": "Point",
        "coordinates": [
          76.5057396,
          9.7332933
        ]
      },
      "id": "node/4292150695"
    },
    {
      "type": "Feature",
      "properties": {
        "@id": "node/4429344619",
        "amenity": "hospital",
        "name": "Ayurvedic Hospital and Pharmacy"
      },
      "geometry": {
        "type": "Point",
        "coordinates": [
          76.7106796,
          9.8970879
        ]
      },
      "id": "node/4429344619"
    },
    {
      "type": "Feature",
      "properties": {
        "@id": "node/4459396006",
        "addr:city": "attickal",
        "addr:street": "Pala-Ponkunam Road",
        "amenity": "hospital",
        "healthcare": "hospital",
        "healthcare:speciality": "ayurveda",
        "name": "Amala Ayurveda Hospital",
        "operator": "private",
        "operator:type": "private"
      },
      "geometry": {
        "type": "Point",
        "coordinates": [
          76.7494055,
          9.572654
        ]
      },
      "id": "node/4459396006"
    },
    {
      "type": "Feature",
      "properties": {
        "@id": "node/4746991323",
        "addr:postcode": "686634",
        "addr:street": "Kurichithanam - Uzhavoor Road",
        "amenity": "hospital",
        "healthcare": "hospital",
        "name": "K R Narayanan Memorial Government Hospital"
      },
      "geometry": {
        "type": "Point",
        "coordinates": [
          76.611666,
          9.784913
        ]
      },
      "id": "node/4746991323"
    },
    {
      "type": "Feature",
      "properties": {
        "@id": "node/4773912364",
        "amenity": "hospital",
        "name": "Sushalayam Medical Trust Hospital"
      },
      "geometry": {
        "type": "Point",
        "coordinates": [
          76.7311323,
          9.5066247
        ]
      },
      "id": "node/4773912364"
    },
    {
      "type": "Feature",
      "properties": {
        "@id": "node/5518921573",
        "addr:city": "Ramapuram",
        "addr:housenumber": "community health center Ramapuram",
        "addr:postcode": "686576",
        "addr:street": "Ramapuram- Pizhaku road",
        "amenity": "hospital",
        "district": "kottayam",
        "healthcare": "hospital",
        "name": "Community Health Centre Ramapuram",
        "operator": "Department of Health and Family Welfare",
        "operator:type": "government",
        "phone": "+91-4822-263806",
        "ref": "1395",
        "taluk": "meenachil"
      },
      "geometry": {
        "type": "Point",
        "coordinates": [
          76.6623757,
          9.8022635
        ]
      },
      "id": "node/5518921573"
    },
    {
      "type": "Feature",
      "properties": {
        "@id": "node/5860529869",
        "addr:city": "Vaikom",
        "addr:housenumber": "Chemmanakary",
        "addr:postcode": "686143",
        "addr:street": "Akkarappadam",
        "amenity": "hospital",
        "emergency": "yes",
        "healthcare": "hospital",
        "name": "Indo-American Hospital",
        "operator": "ഇന്റോ അമേരിക്കന്‍ ആശുപത്രി",
        "phone": "+914829273281, 273282, 273283",
        "website": "https://www.indoamericanhospital.in/"
      },
      "geometry": {
        "type": "Point",
        "coordinates": [
          76.3769383,
          9.7910482
        ]
      },
      "id": "node/5860529869"
    },
    {
      "type": "Feature",
      "properties": {
        "@id": "node/6296945260",
        "amenity": "hospital",
        "healthcare": "hospital",
        "name": "Chingoli Ayurveda Hospital And Research Centre"
      },
      "geometry": {
        "type": "Point",
        "coordinates": [
          76.4511182,
          9.2510843
        ]
      },
      "id": "node/6296945260"
    },
    {
      "type": "Feature",
      "properties": {
        "@id": "node/6376110767",
        "addr:street": "MC Road",
        "amenity": "hospital",
        "healthcare": "hospital",
        "name": "Medical Trust"
      },
      "geometry": {
        "type": "Point",
        "coordinates": [
          76.6728293,
          9.241286
        ]
      },
      "id": "node/6376110767"
    },
    {
      "type": "Feature",
      "properties": {
        "@id": "node/6552435292",
        "addr:city": "Thidanad",
        "addr:postcode": "686508",
        "addr:street": "Sabarimala - Kodaikkanal Road",
        "amenity": "hospital",
        "healthcare": "hospital",
        "healthcare:speciality": "general",
        "name": "Primary Health Center, Thidanadu",
        "name:ml": "പ്രാഥമികാരോഗ്യ കേന്ദ്രം",
        "operator": "DEPARTMENT OF HEALTH SERVICES",
        "operator:type": "government",
        "phone": "+91-4828-236888"
      },
      "geometry": {
        "type": "Point",
        "coordinates": [
          76.7777115,
          9.6537461
        ]
      },
      "id": "node/6552435292"
    },
    {
      "type": "Feature",
      "properties": {
        "@id": "node/6897439748",
        "addr:district": "Idukki",
        "addr:full": "River View Road, Thodupuzha",
        "addr:postcode": "685584",
        "addr:state": "State Region",
        "amenity": "hospital",
        "contact:phone": "+91 486 2300300",
        "healthcare": "hospital",
        "name": "Chazhikattu Hospital",
        "source": "OpenGovernmentData",
        "website": "https://cmshospital.in/"
      },
      "geometry": {
        "type": "Point",
        "coordinates": [
          76.7098972,
          9.8981551
        ]
      },
      "id": "node/6897439748"
    },
    {
      "type": "Feature",
      "properties": {
        "@id": "node/6897448618",
        "amenity": "hospital",
        "healthcare": "hospital",
        "healthcare:speciality": "ophthalmology",
        "name": "Puthuoorans Eye Care"
      },
      "geometry": {
        "type": "Point",
        "coordinates": [
          76.7021246,
          9.3387925
        ]
      },
      "id": "node/6897448618"
    },
    {
      "type": "Feature",
      "properties": {
        "@id": "node/6897633326",
        "addr:district": "Pathanamthitta",
        "addr:full": "Kozhencherry",
        "addr:postcode": "689647",
        "addr:state": "State Region",
        "amenity": "hospital",
        "healthcare": "hospice",
        "name": "Mulamoottil Eye Hospital",
        "source": "OpenGovernmentData"
      },
      "geometry": {
        "type": "Point",
        "coordinates": [
          76.7071649,
          9.3369232
        ]
      },
      "id": "node/6897633326"
    },
    {
      "type": "Feature",
      "properties": {
        "@id": "node/6908300327",
        "addr:housenumber": "26",
        "addr:street": "residential road",
        "amenity": "hospital",
        "emergency": "ambulance_station",
        "entrance": "yes",
        "healthcare": "hospital",
        "name": "poyyanil",
        "operator": "9695901133"
      },
      "geometry": {
        "type": "Point",
        "coordinates": [
          76.7173845,
          9.339333
        ]
      },
      "id": "node/6908300327"
    },
    {
      "type": "Feature",
      "properties": {
        "@id": "node/6950301012",
        "addr:district": "Pathanamthitta",
        "addr:full": "Kulanada",
        "addr:postcode": "689503",
        "addr:state": "State Region",
        "amenity": "hospital",
        "name": "Medical Trust Hospital, Pathanamthitta",
        "source": "OpenGovernmentData"
      },
      "geometry": {
        "type": "Point",
        "coordinates": [
          76.672098,
          9.2399422
        ]
      },
      "id": "node/6950301012"
    },
    {
      "type": "Feature",
      "properties": {
        "@id": "node/6950309040",
        "addr:district": "Kottayam",
        "addr:full": "Nalukody P. O. , Changanassery",
        "addr:postcode": "686548",
        "addr:state": "State Region",
        "amenity": "hospital",
        "emergency": "yes",
        "healthcare:speciality": "general;ophthalmology;urology;gynaecology;paediatrics;dermatology;orthopaedics;covid19;vaccination",
        "name": "St. Ritas Hospital",
        "operator": "24*7",
        "operator:type": "private",
        "source": "OpenGovernmentData"
      },
      "geometry": {
        "type": "Point",
        "coordinates": [
          76.5610439,
          9.4247684
        ]
      },
      "id": "node/6950309040"
    },
    {
      "type": "Feature",
      "properties": {
        "@id": "node/6950328283",
        "addr:district": "Kottayam",
        "addr:full": "Puthuppaly",
        "addr:postcode": "686011",
        "addr:state": "State Region",
        "amenity": "hospital",
        "healthcare": "hospital",
        "name": "Paret Mar Ivanios Hospital",
        "source": "OpenGovernmentData"
      },
      "geometry": {
        "type": "Point",
        "coordinates": [
          76.5666789,
          9.5531815
        ]
      },
      "id": "node/6950328283"
    },
    {
      "type": "Feature",
      "properties": {
        "@id": "node/6950440200",
        "addr:district": "Alappuzha",
        "addr:full": "Bye Pass Junction, Aroor",
        "addr:postcode": "688534",
        "addr:state": "State Region",
        "amenity": "hospital",
        "name": "Lakshmi Hospital, Alappuzha",
        "source": "OpenGovernmentData"
      },
      "geometry": {
        "type": "Point",
        "coordinates": [
          76.3033573,
          9.8781612
        ]
      },
      "id": "node/6950440200"
    },
    {
      "type": "Feature",
      "properties": {
        "@id": "node/6950451343",
        "addr:district": "Alappuzha",
        "addr:full": "Alacode, Kollakadavu P.O., Cheriyanadu, Chengannur",
        "addr:postcode": "690509",
        "addr:state": "State Region",
        "amenity": "hospital",
        "healthcare": "hospital",
        "name": "Sanjivani Multi-Speciality Hospital",
        "source": "OpenGovernmentData"
      },
      "geometry": {
        "type": "Point",
        "coordinates": [
          76.5961701,
          9.2592241
        ]
      },
      "id": "node/6950451343"
    },
    {
      "type": "Feature",
      "properties": {
        "@id": "node/6950565346",
        "addr:district": "Pathanamthitta",
        "addr:full": "Thiruvalla, Alappuzha",
        "addr:postcode": "689101",
        "addr:state": "State Region",
        "amenity": "hospital",
        "name": "Mary Queens Mission Hospital, Pathanamthitta",
        "source": "OpenGovernmentData"
      },
      "geometry": {
        "type": "Point",
        "coordinates": [
          76.5739265,
          9.3834711
        ]
      },
      "id": "node/6950565346"
    },
    {
      "type": "Feature",
      "properties": {
        "@id": "node/6950634292",
        "addr:district": "Alappuzha",
        "addr:full": "C.A. Road, Pallippuram",
        "addr:postcode": "688541",
        "addr:state": "State Region",
        "amenity": "hospital",
        "healthcare": "hospital",
        "name": "St. Thomas Hospital",
        "source": "OpenGovernmentData"
      },
      "geometry": {
        "type": "Point",
        "coordinates": [
          76.363125,
          9.7543567
        ]
      },
      "id": "node/6950634292"
    },
    {
      "type": "Feature",
      "properties": {
        "@id": "node/6950692885",
        "addr:district": "Alappuzha",
        "addr:full": "Ambalpuzha",
        "addr:postcode": "688561",
        "addr:state": "State Region",
        "amenity": "hospital",
        "name": "Ursula Hospital (Tsunami Project Only)",
        "source": "OpenGovernmentData"
      },
      "geometry": {
        "type": "Point",
        "coordinates": [
          76.353406,
          9.3828254
        ]
      },
      "id": "node/6950692885"
    },
    {
      "type": "Feature",
      "properties": {
        "@id": "node/6950708015",
        "addr:district": "Kottayam",
        "addr:full": "Pothy, Thalayolaparambu",
        "addr:postcode": "686605",
        "addr:state": "State Region",
        "amenity": "hospital",
        "name": "Mercy Hospital, Kottayam",
        "source": "OpenGovernmentData"
      },
      "geometry": {
        "type": "Point",
        "coordinates": [
          76.4727294,
          9.7971313
        ]
      },
      "id": "node/6950708015"
    },
    {
      "type": "Feature",
      "properties": {
        "@id": "node/6950802221",
        "addr:district": "Alappuzha",
        "addr:full": "Muttathiparambu, Cherthala",
        "addr:postcode": "688524",
        "addr:state": "State Region",
        "amenity": "hospital",
        "healthcare": "hospital",
        "name": "Prathyasa Msgr Joseph Kandathil Memorial Cancer Research Centre",
        "source": "OpenGovernmentData"
      },
      "geometry": {
        "type": "Point",
        "coordinates": [
          76.3394773,
          9.6641387
        ]
      },
      "id": "node/6950802221"
    },
    {
      "type": "Feature",
      "properties": {
        "@id": "node/6951071184",
        "addr:district": "Alappuzha",
        "addr:full": "Cherthala Road, X-Ray Junction, Cherthala",
        "addr:postcode": "688524",
        "addr:state": "State Region",
        "alt_name": "SNMM Hospital",
        "amenity": "hospital",
        "contact:phone": "+91-478-2813687; +91-478-2822366",
        "healthcare": "hospital",
        "name": "Sree Narayana Medical Mission Hospital",
        "source": "OpenGovernmentData",
        "website": "http://snmmhospital.org"
      },
      "geometry": {
        "type": "Point",
        "coordinates": [
          76.3413481,
          9.6744309
        ]
      },
      "id": "node/6951071184"
    },
    {
      "type": "Feature",
      "properties": {
        "@id": "node/6951073215",
        "addr:district": "Pathanamthitta",
        "addr:full": "St Peter Junction",
        "addr:postcode": "689645",
        "addr:state": "State Region",
        "amenity": "hospital",
        "name": "Sabitha Eye Care Hospital",
        "source": "OpenGovernmentData"
      },
      "geometry": {
        "type": "Point",
        "coordinates": [
          76.7771394,
          9.2669123
        ]
      },
      "id": "node/6951073215"
    },
    {
      "type": "Feature",
      "properties": {
        "@id": "node/6951073228",
        "addr:district": "Alappuzha",
        "addr:full": "North Of Town Hall, Haripad",
        "addr:postcode": "690514",
        "addr:state": "State Region",
        "amenity": "hospital",
        "name": "Chaithanya Eye Hospital",
        "source": "OpenGovernmentData"
      },
      "geometry": {
        "type": "Point",
        "coordinates": [
          76.4601365,
          9.2781277
        ]
      },
      "id": "node/6951073228"
    },
    {
      "type": "Feature",
      "properties": {
        "@id": "node/6951330441",
        "addr:district": "Pathanamthitta",
        "addr:full": "Pandalam",
        "addr:postcode": "689501",
        "addr:state": "State Region",
        "amenity": "hospital",
        "name": "Nss Medical Mission Hospital",
        "source": "OpenGovernmentData"
      },
      "geometry": {
        "type": "Point",
        "coordinates": [
          76.6775968,
          9.2158074
        ]
      },
      "id": "node/6951330441"
    },
    {
      "type": "Feature",
      "properties": {
        "@id": "node/6951426302",
        "addr:district": "Alappuzha",
        "addr:full": "Kattoor, Kalavoor",
        "addr:postcode": "688522",
        "addr:state": "State Region",
        "amenity": "hospital",
        "name": "St. Michael's Hospital",
        "source": "OpenGovernmentData"
      },
      "geometry": {
        "type": "Point",
        "coordinates": [
          76.3100179,
          9.565097
        ]
      },
      "id": "node/6951426302"
    },
    {
      "type": "Feature",
      "properties": {
        "@id": "node/6951443873",
        "addr:district": "Alappuzha",
        "addr:full": "Green Gardens",
        "addr:postcode": "688524",
        "addr:state": "State Region",
        "amenity": "hospital",
        "healthcare": "hospital",
        "name": "Sacred Heart General Hospital",
        "source": "OpenGovernmentData"
      },
      "geometry": {
        "type": "Point",
        "coordinates": [
          76.3391393,
          9.6622164
        ]
      },
      "id": "node/6951443873"
    },
    {
      "type": "Feature",
      "properties": {
        "@id": "node/6952987890",
        "addr:district": "Alappuzha",
        "addr:full": "Thakazhy, Alleppy",
        "addr:postcode": "688562",
        "addr:state": "State Region",
        "amenity": "hospital",
        "name": "R.B.M. Hospital",
        "source": "OpenGovernmentData"
      },
      "geometry": {
        "type": "Point",
        "coordinates": [
          76.4142774,
          9.3733805
        ]
      },
      "id": "node/6952987890"
    },
    {
      "type": "Feature",
      "properties": {
        "@id": "node/6953359547",
        "addr:district": "Kottayam",
        "addr:full": "Kozha P.O.",
        "addr:postcode": "686633",
        "addr:state": "State Region",
        "amenity": "hospital",
        "name": "Chaithanya Trust Hospital",
        "source": "OpenGovernmentData"
      },
      "geometry": {
        "type": "Point",
        "coordinates": [
          76.5646622,
          9.7620569
        ]
      },
      "id": "node/6953359547"
    },
    {
      "type": "Feature",
      "properties": {
        "@id": "node/6953393406",
        "addr:district": "Kottayam",
        "addr:full": "Mangalam Plaza,Baker Junction",
        "addr:postcode": "686001",
        "addr:state": "State Region",
        "amenity": "hospital",
        "fax": "2563508",
        "healthcare": "hospital",
        "name": "Mangalam Hospitals Pvt. Ltd.",
        "source": "OpenGovernmentData"
      },
      "geometry": {
        "type": "Point",
        "coordinates": [
          76.5218132,
          9.5929891
        ]
      },
      "id": "node/6953393406"
    },
    {
      "type": "Feature",
      "properties": {
        "@id": "node/6953604499",
        "addr:district": "Pathanamthitta",
        "addr:full": "Thazhevettipuram",
        "addr:postcode": "689645",
        "addr:state": "State Region",
        "amenity": "hospital",
        "name": "Changethu Bhaskaran Nair Memorial Hospital",
        "source": "OpenGovernmentData"
      },
      "geometry": {
        "type": "Point",
        "coordinates": [
          76.7925515,
          9.2721432
        ]
      },
      "id": "node/6953604499"
    },
    {
      "type": "Feature",
      "properties": {
        "@id": "node/6953738963",
        "addr:district": "Kottayam",
        "addr:full": "Kuravilangad P.O",
        "addr:postcode": "686633",
        "addr:state": "State Region",
        "amenity": "hospital",
        "name": "St. Vincent Hospital",
        "source": "OpenGovernmentData"
      },
      "geometry": {
        "type": "Point",
        "coordinates": [
          76.5629818,
          9.751363
        ]
      },
      "id": "node/6953738963"
    },
    {
      "type": "Feature",
      "properties": {
        "@id": "node/6953984017",
        "addr:district": "Kottayam",
        "addr:full": "Sreerangom Road, Champakkara P.O",
        "addr:postcode": "686540",
        "addr:state": "State Region",
        "amenity": "hospital",
        "name": "Sreerangom C.V.N. Kalari Chikilsakendram",
        "source": "OpenGovernmentData"
      },
      "geometry": {
        "type": "Point",
        "coordinates": [
          76.6289359,
          9.5113473
        ]
      },
      "id": "node/6953984017"
    },
    {
      "type": "Feature",
      "properties": {
        "@id": "node/6954043473",
        "addr:district": "Pathanamthitta",
        "addr:full": "International Complex, Tiruvilla",
        "addr:postcode": "689101",
        "addr:state": "State Region",
        "amenity": "hospital",
        "name": "Eye Microsurgery and Laser Centre",
        "source": "OpenGovernmentData"
      },
      "geometry": {
        "type": "Point",
        "coordinates": [
          76.5771022,
          9.3845084
        ]
      },
      "id": "node/6954043473"
    },
    {
      "type": "Feature",
      "properties": {
        "@id": "node/6954407619",
        "addr:district": "Kottayam",
        "addr:full": "Managed By S.P. M Society, Edakkunnam",
        "addr:postcode": "686512",
        "addr:state": "State Region",
        "amenity": "hospital",
        "name": "High Range Hospital",
        "source": "OpenGovernmentData"
      },
      "geometry": {
        "type": "Point",
        "coordinates": [
          76.831955,
          9.5711366
        ]
      },
      "id": "node/6954407619"
    },
    {
      "type": "Feature",
      "properties": {
        "@id": "node/6956419976",
        "addr:block": "Edamaruku",
        "addr:city": "Edamaruku",
        "addr:country": "IN",
        "addr:district": "Kottayam",
        "addr:full": "Edamaruk Post",
        "addr:postcode": "686652",
        "addr:state": "State Region",
        "addr:street": "Sabarimala - Kodaikkanal Road",
        "amenity": "hospital",
        "beds": "24",
        "building": "hospital",
        "email": "chcedamaruku@gmail.com",
        "healthcare": "hospital",
        "name": "Community Health Centre, Edamaruku",
        "opening_hours": "24/7",
        "operator": "Department of Health Services",
        "operator:type": "government",
        "phone": "+91-4822-220101",
        "ref": "1376",
        "source": "OpenGovernmentData",
        "taluk": "meenachil"
      },
      "geometry": {
        "type": "Point",
        "coordinates": [
          76.7601045,
          9.7567292
        ]
      },
      "id": "node/6956419976"
    },
    {
      "type": "Feature",
      "properties": {
        "@id": "node/6956559041",
        "addr:city": "Madukkumoodu",
        "addr:district": "Kottayam",
        "addr:full": "I E Nagar P.O., Madukkamoodu, Changanassery",
        "addr:postcode": "686106",
        "addr:state": "State Region",
        "addr:street": "Changanassery- Vazhoor Road",
        "amenity": "hospital",
        "name": "C.N.K. Hospital (P) Ltd.",
        "operator:type": "private",
        "phone": "+91-481 2722888",
        "source": "OpenGovernmentData"
      },
      "geometry": {
        "type": "Point",
        "coordinates": [
          76.5655781,
          9.4647194
        ]
      },
      "id": "node/6956559041"
    },
    {
      "type": "Feature",
      "properties": {
        "@id": "node/6956664907",
        "addr:district": "Alappuzha",
        "addr:full": "Karuvatta, Haripad",
        "addr:postcode": "690514",
        "addr:state": "State Region",
        "amenity": "hospital",
        "healthcare": "hospital",
        "name": "Deepa Hospital",
        "source": "OpenGovernmentData"
      },
      "geometry": {
        "type": "Point",
        "coordinates": [
          76.4338401,
          9.3023083
        ]
      },
      "id": "node/6956664907"
    },
    {
      "type": "Feature",
      "properties": {
        "@id": "node/6956933058",
        "addr:district": "Pathanamthitta",
        "addr:full": "Kadamanitta Road",
        "addr:postcode": "689645",
        "addr:state": "State Region",
        "amenity": "hospital",
        "name": "Geo Medical Trust Superspeciality Hospital",
        "source": "OpenGovernmentData"
      },
      "geometry": {
        "type": "Point",
        "coordinates": [
          76.7852779,
          9.2661784
        ]
      },
      "id": "node/6956933058"
    },
    {
      "type": "Feature",
      "properties": {
        "@id": "node/6957131525",
        "addr:district": "Alappuzha",
        "addr:full": "A. C Road",
        "addr:postcode": "689573",
        "addr:state": "State Region",
        "amenity": "hospital",
        "name": "Lourdes Hospital, Alappuzha",
        "source": "OpenGovernmentData"
      },
      "geometry": {
        "type": "Point",
        "coordinates": [
          76.4530474,
          9.3627948
        ]
      },
      "id": "node/6957131525"
    },
    {
      "type": "Feature",
      "properties": {
        "@id": "node/6957195092",
        "addr:district": "Alappuzha",
        "addr:full": "Kandiyoor, Mavelikara",
        "addr:postcode": "690103",
        "addr:state": "State Region",
        "amenity": "hospital",
        "name": "Sreekantapuram Hospital",
        "source": "OpenGovernmentData",
        "website": "https://skphospital.in/"
      },
      "geometry": {
        "type": "Point",
        "coordinates": [
          76.5274398,
          9.2511194
        ]
      },
      "id": "node/6957195092"
    },
    {
      "type": "Feature",
      "properties": {
        "@id": "node/6957220100",
        "addr:district": "Pathanamthitta",
        "addr:full": "P O Box No.2, Angadi, Ranni",
        "addr:postcode": "689674",
        "addr:state": "State Region",
        "amenity": "hospital",
        "name": "Ranny Mar Thoma Medical Mission Hospital",
        "source": "OpenGovernmentData"
      },
      "geometry": {
        "type": "Point",
        "coordinates": [
          76.7802367,
          9.3843047
        ]
      },
      "id": "node/6957220100"
    },
    {
      "type": "Feature",
      "properties": {
        "@id": "node/6957448257",
        "addr:district": "Pathanamthitta",
        "addr:full": "Kottathur, Eraviteroor",
        "addr:postcode": "689542",
        "addr:state": "State Region",
        "amenity": "hospital",
        "name": "Kottakkattu Medicare Hospital",
        "operator": "Department of Health and Family Welfare",
        "operator:type": "private",
        "source": "OpenGovernmentData"
      },
      "geometry": {
        "type": "Point",
        "coordinates": [
          76.6443975,
          9.3836418
        ]
      },
      "id": "node/6957448257"
    },
    {
      "type": "Feature",
      "properties": {
        "@id": "node/6957462164",
        "addr:district": "Alappuzha",
        "addr:full": "Mavelikara",
        "addr:postcode": "690101",
        "addr:state": "State Region",
        "amenity": "hospital",
        "healthcare": "hospital",
        "name": "Vrindavan Ayurveda Nursing Home",
        "source": "OpenGovernmentData"
      },
      "geometry": {
        "type": "Point",
        "coordinates": [
          76.5402782,
          9.2481835
        ]
      },
      "id": "node/6957462164"
    },
    {
      "type": "Feature",
      "properties": {
        "@id": "node/6957927308",
        "addr:district": "Alappuzha",
        "addr:full": "Arthunkal P.O., Cherthala",
        "addr:postcode": "688530",
        "addr:state": "State Region",
        "amenity": "hospital",
        "name": "St. Sebastian Visitation Hospital",
        "source": "OpenGovernmentData"
      },
      "geometry": {
        "type": "Point",
        "coordinates": [
          76.2994594,
          9.6583942
        ]
      },
      "id": "node/6957927308"
    },
    {
      "type": "Feature",
      "properties": {
        "@id": "node/6965674580",
        "addr:district": "Kottayam",
        "addr:full": "Union Club Road, Karapuzha",
        "addr:postcode": "686003",
        "addr:state": "State Region",
        "amenity": "hospital",
        "healthcare": "hospital",
        "name": "Vasan Eye Care Hospital, Kottayam",
        "source": "OpenGovernmentData"
      },
      "geometry": {
        "type": "Point",
        "coordinates": [
          76.5141112,
          9.5850417
        ]
      },
      "id": "node/6965674580"
    },
    {
      "type": "Feature",
      "properties": {
        "@id": "node/6965686396",
        "addr:district": "Kottayam",
        "addr:full": "Azad Road, Thirunakkara",
        "addr:postcode": "686009",
        "addr:state": "State Region",
        "amenity": "hospital",
        "healthcare": "hospital",
        "name": "Bhavana Hospital",
        "source": "OpenGovernmentData"
      },
      "geometry": {
        "type": "Point",
        "coordinates": [
          76.519078,
          9.5882941
        ]
      },
      "id": "node/6965686396"
    },
    {
      "type": "Feature",
      "properties": {
        "@id": "node/6965686401",
        "addr:district": "Alappuzha",
        "addr:full": "Near Indian Oil Petrol Pump, Poochakkal P.O.",
        "addr:postcode": "688526",
        "addr:state": "State Region",
        "amenity": "hospital",
        "healthcare": "hospital",
        "name": "C.K.V. Hospital",
        "source": "OpenGovernmentData"
      },
      "geometry": {
        "type": "Point",
        "coordinates": [
          76.3533926,
          9.8023738
        ]
      },
      "id": "node/6965686401"
    },
    {
      "type": "Feature",
      "properties": {
        "@id": "node/6965686435",
        "addr:district": "Kottayam",
        "addr:full": "Erattupeta",
        "addr:postcode": "686122",
        "addr:state": "State Region",
        "amenity": "hospital",
        "healthcare": "hospital",
        "name": "Medicare Childrens Hospital",
        "source": "OpenGovernmentData"
      },
      "geometry": {
        "type": "Point",
        "coordinates": [
          76.7785422,
          9.6848139
        ]
      },
      "id": "node/6965686435"
    },
    {
      "type": "Feature",
      "properties": {
        "@id": "node/6965686445",
        "addr:city": "Koottickal",
        "addr:district": "Kottayam",
        "addr:full": "Koottickal Post",
        "addr:postcode": "686514",
        "addr:state": "State Region",
        "addr:street": "thalunkal road",
        "amenity": "hospital",
        "beds": "38",
        "email": "chckoottickal@gmail.com",
        "healthcare": "hospital",
        "name": "Community Health Centre, Koottickal",
        "operator": "Department of Health Services",
        "operator:type": "government",
        "phone": "+91-4828284612",
        "ref": "1354",
        "source": "OpenGovernmentData"
      },
      "geometry": {
        "type": "Point",
        "coordinates": [
          76.8855683,
          9.5850298
        ]
      },
      "id": "node/6965686445"
    },
    {
      "type": "Feature",
      "properties": {
        "@id": "node/6966301653",
        "addr:district": "Pathanamthitta",
        "addr:full": "Angadi P.O,Ranny",
        "addr:postcode": "689674",
        "addr:state": "State Region",
        "amenity": "hospital",
        "name": "Menathottam Hospital",
        "source": "OpenGovernmentData"
      },
      "geometry": {
        "type": "Point",
        "coordinates": [
          76.774018,
          9.3819428
        ]
      },
      "id": "node/6966301653"
    },
    {
      "type": "Feature",
      "properties": {
        "@id": "node/6966379104",
        "addr:district": "Alappuzha",
        "addr:full": "Pambatheeram, Puthencavu P.O., Chenganuur",
        "addr:postcode": "689123",
        "addr:state": "State Region",
        "amenity": "hospital",
        "healthcare": "hospital",
        "name": "Pambatheeram Ayurvedic Hospital",
        "source": "OpenGovernmentData",
        "website": "https://pambatheeram.in/"
      },
      "geometry": {
        "type": "Point",
        "coordinates": [
          76.6220614,
          9.3259274
        ]
      },
      "id": "node/6966379104"
    },
    {
      "type": "Feature",
      "properties": {
        "@id": "node/6966475960",
        "addr:district": "Alappuzha",
        "addr:full": "Puthenkodickal, Nadakavu, Mavelikara",
        "addr:postcode": "690101",
        "addr:state": "State Region",
        "amenity": "hospital",
        "healthcare": "hospital",
        "name": "P.M. Hospital, Kallumala",
        "source": "OpenGovernmentData"
      },
      "geometry": {
        "type": "Point",
        "coordinates": [
          76.5555802,
          9.2377396
        ]
      },
      "id": "node/6966475960"
    },
    {
      "type": "Feature",
      "properties": {
        "@id": "node/6992832208",
        "amenity": "hospital",
        "healthcare": "hospital",
        "name": "Chithira Medical Centre"
      },
      "geometry": {
        "type": "Point",
        "coordinates": [
          76.6058142,
          9.6338743
        ]
      },
      "id": "node/6992832208"
    },
    {
      "type": "Feature",
      "properties": {
        "@id": "node/7079663947",
        "addr:street": "Kottayam-Kozhencherry Highway",
        "amenity": "hospital",
        "healthcare": "hospital",
        "name": "Navayoga Sidha Ayurvedhic Hospital"
      },
      "geometry": {
        "type": "Point",
        "coordinates": [
          76.5858722,
          9.5410317
        ]
      },
      "id": "node/7079663947"
    },
    {
      "type": "Feature",
      "properties": {
        "@id": "node/7142093822",
        "amenity": "hospital",
        "emergency": "yes",
        "healthcare": "hospital",
        "name": "Muthoot hospital"
      },
      "geometry": {
        "type": "Point",
        "coordinates": [
          76.7894214,
          9.2617109
        ]
      },
      "id": "node/7142093822"
    },
    {
      "type": "Feature",
      "properties": {
        "@id": "node/7142179791",
        "amenity": "hospital",
        "healthcare": "hospital",
        "name": "Muthoot hospital kozhenchery"
      },
      "geometry": {
        "type": "Point",
        "coordinates": [
          76.71081,
          9.3379347
        ]
      },
      "id": "node/7142179791"
    },
    {
      "type": "Feature",
      "properties": {
        "@id": "node/7168846321",
        "amenity": "hospital",
        "description": "Government Homeo Hospital Thiruvalla",
        "healthcare": "hospital",
        "name": "Government Homeo Hospital Thiruvalla"
      },
      "geometry": {
        "type": "Point",
        "coordinates": [
          76.5791647,
          9.3978158
        ]
      },
      "id": "node/7168846321"
    },
    {
      "type": "Feature",
      "properties": {
        "@id": "node/7171102463",
        "amenity": "hospital",
        "healthcare": "hospital",
        "name": "Thaluk hospital Mallappally"
      },
      "geometry": {
        "type": "Point",
        "coordinates": [
          76.6416995,
          9.4556311
        ]
      },
      "id": "node/7171102463"
    },
    {
      "type": "Feature",
      "properties": {
        "@id": "node/7201164042",
        "amenity": "hospital",
        "healthcare": "hospital",
        "name": "Govt ayurvedic hospital"
      },
      "geometry": {
        "type": "Point",
        "coordinates": [
          76.6459398,
          9.5353989
        ]
      },
      "id": "node/7201164042"
    },
    {
      "type": "Feature",
      "properties": {
        "@id": "node/7206435081",
        "amenity": "hospital",
        "healthcare": "hospital",
        "name": "Welfast Hospital"
      },
      "geometry": {
        "type": "Point",
        "coordinates": [
          76.5605304,
          9.5902208
        ]
      },
      "id": "node/7206435081"
    },
    {
      "type": "Feature",
      "properties": {
        "@id": "node/7210879749",
        "addr:district": "Alappuzha",
        "addr:full": "Mulakuza, Chengannur",
        "addr:postcode": "689505",
        "addr:state": "State Region",
        "amenity": "hospital",
        "contact:phone": "+91-479-2463000",
        "healthcare": "hospital",
        "name": "Century Hospital",
        "source": "OpenGovernmentData",
        "website": "http://centuryhospital.org/"
      },
      "geometry": {
        "type": "Point",
        "coordinates": [
          76.6353629,
          9.30483
        ]
      },
      "id": "node/7210879749"
    },
    {
      "type": "Feature",
      "properties": {
        "@id": "node/7210942966",
        "addr:district": "Alappuzha",
        "addr:full": "Near Private Bus Stand, Nadakavu Road",
        "addr:postcode": "688524",
        "addr:state": "State Region",
        "amenity": "hospital",
        "healthcare": "hospital",
        "name": "Sree Venkateswara Hospital",
        "source": "OpenGovernmentData"
      },
      "geometry": {
        "type": "Point",
        "coordinates": [
          76.3393219,
          9.6866321
        ]
      },
      "id": "node/7210942966"
    },
    {
      "type": "Feature",
      "properties": {
        "@id": "node/7213432319",
        "addr:district": "Alappuzha",
        "addr:full": "Cherthala",
        "addr:postcode": "688524",
        "addr:state": "State Region",
        "amenity": "hospital",
        "healthcare": "hospital",
        "name": "Royal Eye Clinic",
        "source": "OpenGovernmentData"
      },
      "geometry": {
        "type": "Point",
        "coordinates": [
          76.3399319,
          9.6808215
        ]
      },
      "id": "node/7213432319"
    },
    {
      "type": "Feature",
      "properties": {
        "@id": "node/7213540053",
        "addr:block": "Arunoottimangalam",
        "addr:city": "Arunoottimangalam",
        "addr:country": "IN",
        "addr:district": "Kottayam",
        "addr:full": "Near SBI, Arunoottimangalam",
        "addr:postcode": "686612",
        "addr:state": "State Region",
        "addr:street": "Kaduthuruthy Road",
        "admin_level": "5",
        "amenity": "hospital",
        "beds": "24",
        "email": "chcarmangalam@rediffmail.com",
        "healthcare": "centre",
        "name": "Community Health Centre, Arunoottimangalam",
        "opening_hours": "24/7",
        "operator": "Department of Health Services",
        "operator:type": "government",
        "phone": "+91-4829-252376",
        "ref": "1392",
        "short_name": "CHC, Arunoottimangalam",
        "source": "OpenGovernmentData",
        "taluk": "vaikom"
      },
      "geometry": {
        "type": "Point",
        "coordinates": [
          76.4972535,
          9.800549
        ]
      },
      "id": "node/7213540053"
    },
    {
      "type": "Feature",
      "properties": {
        "@id": "node/7214225745",
        "amenity": "hospital",
        "healthcare": "hospital",
        "name": "Ayurvedic State Region Massage"
      },
      "geometry": {
        "type": "Point",
        "coordinates": [
          76.5602806,
          9.5482078
        ]
      },
      "id": "node/7214225745"
    },
    {
      "type": "Feature",
      "properties": {
        "@id": "node/7222991640",
        "amenity": "hospital",
        "healthcare": "hospital",
        "name": "Inter University Centre For BioMedical Research & Superspeciality Hospital"
      },
      "geometry": {
        "type": "Point",
        "coordinates": [
          76.5795496,
          9.5760936
        ]
      },
      "id": "node/7222991640"
    },
    {
      "type": "Feature",
      "properties": {
        "@id": "node/7305318401",
        "amenity": "hospital",
        "healthcare": "hospital",
        "healthcare:speciality": "general",
        "name": "Merrittus Clinic"
      },
      "geometry": {
        "type": "Point",
        "coordinates": [
          76.6109187,
          9.6717506
        ]
      },
      "id": "node/7305318401"
    },
    {
      "type": "Feature",
      "properties": {
        "@id": "node/7305318406",
        "amenity": "hospital",
        "healthcare": "hospital",
        "name": "Goverment Ayurveda Hospital"
      },
      "geometry": {
        "type": "Point",
        "coordinates": [
          76.6091838,
          9.6656715
        ]
      },
      "id": "node/7305318406"
    },
    {
      "type": "Feature",
      "properties": {
        "@id": "node/7305318416",
        "amenity": "hospital",
        "healthcare": "hospital",
        "name": "Dr. Abhilash-Pulmanologist"
      },
      "geometry": {
        "type": "Point",
        "coordinates": [
          76.6075292,
          9.6830728
        ]
      },
      "id": "node/7305318416"
    },
    {
      "type": "Feature",
      "properties": {
        "@id": "node/7305457462",
        "amenity": "hospital",
        "healthcare": "hospital",
        "name": "life line hospital"
      },
      "geometry": {
        "type": "Point",
        "coordinates": [
          76.5243049,
          9.5166515
        ]
      },
      "id": "node/7305457462"
    },
    {
      "type": "Feature",
      "properties": {
        "@id": "node/7309643866",
        "addr:city": "ranni",
        "addr:housenumber": "devi hospital",
        "addr:postcode": "689711",
        "addr:street": "Athikayam Bridge",
        "amenity": "hospital",
        "healthcare": "hospital",
        "name": "devi hospital"
      },
      "geometry": {
        "type": "Point",
        "coordinates": [
          76.8414072,
          9.3866587
        ]
      },
      "id": "node/7309643866"
    },
    {
      "type": "Feature",
      "properties": {
        "@id": "node/7309646725",
        "addr:city": "ranni",
        "addr:housenumber": "Babu memorial hospital",
        "addr:postcode": "689711",
        "addr:street": "athikayam",
        "amenity": "hospital",
        "healthcare": "hospital",
        "name": "Babu memorial hospital"
      },
      "geometry": {
        "type": "Point",
        "coordinates": [
          76.8451317,
          9.3882289
        ]
      },
      "id": "node/7309646725"
    },
    {
      "type": "Feature",
      "properties": {
        "@id": "node/7318600195",
        "amenity": "hospital",
        "healthcare": "hospital",
        "name": "Fatima Mission Hospital"
      },
      "geometry": {
        "type": "Point",
        "coordinates": [
          76.6676195,
          9.6493746
        ]
      },
      "id": "node/7318600195"
    },
    {
      "type": "Feature",
      "properties": {
        "@id": "node/7318711519",
        "addr:city": "Velloor",
        "addr:postcode": "686610",
        "amenity": "hospital",
        "healthcare": "hospital",
        "name": "HNL Hospital Newsprint Nagar"
      },
      "geometry": {
        "type": "Point",
        "coordinates": [
          76.4686308,
          9.8332375
        ]
      },
      "id": "node/7318711519"
    },
    {
      "type": "Feature",
      "properties": {
        "@id": "node/7321039579",
        "amenity": "hospital",
        "healthcare": "hospital",
        "name": "Life Scan Kanjirapally"
      },
      "geometry": {
        "type": "Point",
        "coordinates": [
          76.813828,
          9.5573806
        ]
      },
      "id": "node/7321039579"
    },
    {
      "type": "Feature",
      "properties": {
        "@id": "node/7321062727",
        "addr:district": "Kottayam",
        "addr:full": "Kanjirappally, Kottayam",
        "addr:postcode": "686507",
        "addr:state": "State Region",
        "amenity": "hospital",
        "healthcare": "hospital",
        "name": "M. A. M. Hospital",
        "source": "Local Knowledge"
      },
      "geometry": {
        "type": "Point",
        "coordinates": [
          76.7918023,
          9.5608861
        ]
      },
      "id": "node/7321062727"
    },
    {
      "type": "Feature",
      "properties": {
        "@id": "node/7322347271",
        "amenity": "hospital",
        "healthcare": "hospital",
        "healthcare:speciality": "homeopathy",
        "name": "Chettiyamkunnel Homeo Home"
      },
      "geometry": {
        "type": "Point",
        "coordinates": [
          76.4850303,
          9.8730194
        ]
      },
      "id": "node/7322347271"
    },
    {
      "type": "Feature",
      "properties": {
        "@id": "node/7328865353",
        "amenity": "hospital",
        "healthcare": "hospital",
        "name": "Holy Cross Hospital & Mental Health Centre"
      },
      "geometry": {
        "type": "Point",
        "coordinates": [
          76.8240278,
          9.5326806
        ]
      },
      "id": "node/7328865353"
    },
    {
      "type": "Feature",
      "properties": {
        "@id": "node/7331395380",
        "amenity": "hospital",
        "healthcare": "hospital",
        "name": "Veterinary Hospital"
      },
      "geometry": {
        "type": "Point",
        "coordinates": [
          76.5500144,
          9.8882827
        ]
      },
      "id": "node/7331395380"
    },
    {
      "type": "Feature",
      "properties": {
        "@id": "node/7331417960",
        "amenity": "hospital",
        "healthcare": "hospital",
        "name": "Familyy Health Centre, Thirumarady",
        "operator": "Department of Health and Family Welfare",
        "operator:type": "government",
        "ref": "1560"
      },
      "geometry": {
        "type": "Point",
        "coordinates": [
          76.5510551,
          9.8885997
        ]
      },
      "id": "node/7331417960"
    },
    {
      "type": "Feature",
      "properties": {
        "@id": "node/7332043581",
        "amenity": "hospital",
        "healthcare": "hospital",
        "name": "BM Pharmacy Ayurveda Hospital"
      },
      "geometry": {
        "type": "Point",
        "coordinates": [
          76.487332,
          9.6095583
        ]
      },
      "id": "node/7332043581"
    },
    {
      "type": "Feature",
      "properties": {
        "@id": "node/7333017825",
        "amenity": "hospital",
        "healthcare": "hospital",
        "name": "Gov ayurveda Dispensary"
      },
      "geometry": {
        "type": "Point",
        "coordinates": [
          76.6150454,
          9.443765
        ]
      },
      "id": "node/7333017825"
    },
    {
      "type": "Feature",
      "properties": {
        "@id": "node/7333813276",
        "amenity": "hospital",
        "healthcare": "hospital",
        "name": "sree narayana hosp"
      },
      "geometry": {
        "type": "Point",
        "coordinates": [
          76.522083,
          9.5265188
        ]
      },
      "id": "node/7333813276"
    },
    {
      "type": "Feature",
      "properties": {
        "@id": "node/7333913403",
        "amenity": "hospital",
        "healthcare": "hospital",
        "name": "Community Health Centre, Sachivothampuram"
      },
      "geometry": {
        "type": "Point",
        "coordinates": [
          76.5265692,
          9.5081482
        ]
      },
      "id": "node/7333913403"
    },
    {
      "type": "Feature",
      "properties": {
        "@id": "node/7334036499",
        "amenity": "hospital",
        "healthcare": "hospital",
        "name": "Chirayu Ayurvedic Speciality Clinic And Treatment Centre"
      },
      "geometry": {
        "type": "Point",
        "coordinates": [
          76.5073309,
          9.6130151
        ]
      },
      "id": "node/7334036499"
    },
    {
      "type": "Feature",
      "properties": {
        "@id": "node/7334186802",
        "amenity": "hospital",
        "healthcare": "hospital",
        "name": "Dr. Joy's Hospital"
      },
      "geometry": {
        "type": "Point",
        "coordinates": [
          76.6825887,
          9.5588133
        ]
      },
      "id": "node/7334186802"
    },
    {
      "type": "Feature",
      "properties": {
        "@id": "node/7334462990",
        "amenity": "hospital",
        "healthcare": "hospital",
        "name": "Govt. Homeo Dispensary"
      },
      "geometry": {
        "type": "Point",
        "coordinates": [
          76.5751056,
          9.8072764
        ]
      },
      "id": "node/7334462990"
    },
    {
      "type": "Feature",
      "properties": {
        "@id": "node/7334477117",
        "addr:city": "Mundakayam",
        "addr:postcode": "686513",
        "amenity": "hospital",
        "healthcare": "hospital",
        "name": "Government General Hospital, Mundakayam",
        "name:ml": "സർക്കാർ ജനറൽ ആശുപത്രി, മുണ്ടക്കയം",
        "operator": "Government",
        "operator:type": "government"
      },
      "geometry": {
        "type": "Point",
        "coordinates": [
          76.8836271,
          9.5368485
        ]
      },
      "id": "node/7334477117"
    },
    {
      "type": "Feature",
      "properties": {
        "@id": "node/7334649038",
        "addr:city": "alapra",
        "addr:housenumber": "Anugraha Clinical Care",
        "addr:postcode": "686547",
        "addr:street": "alapra chunkpaara",
        "amenity": "hospital",
        "healthcare": "hospital",
        "name": "Anugraha Clinical Care"
      },
      "geometry": {
        "type": "Point",
        "coordinates": [
          76.7460892,
          9.4518951
        ]
      },
      "id": "node/7334649038"
    },
    {
      "type": "Feature",
      "properties": {
        "@id": "node/7334649107",
        "addr:city": "alapra",
        "addr:housenumber": "Sherina Hospital",
        "addr:postcode": "686547",
        "addr:street": "chunkapara",
        "amenity": "hospital",
        "healthcare": "hospital",
        "name": "Sherina Hospital"
      },
      "geometry": {
        "type": "Point",
        "coordinates": [
          76.7471418,
          9.4516289
        ]
      },
      "id": "node/7334649107"
    },
    {
      "type": "Feature",
      "properties": {
        "@id": "node/7334920765",
        "amenity": "hospital",
        "healthcare": "hospital",
        "name": "santhi medical center"
      },
      "geometry": {
        "type": "Point",
        "coordinates": [
          76.6649448,
          9.5103009
        ]
      },
      "id": "node/7334920765"
    },
    {
      "type": "Feature",
      "properties": {
        "@id": "node/7334978817",
        "amenity": "hospital",
        "healthcare": "hospital",
        "name": "Cosy medical center"
      },
      "geometry": {
        "type": "Point",
        "coordinates": [
          76.6640024,
          9.5095467
        ]
      },
      "id": "node/7334978817"
    },
    {
      "type": "Feature",
      "properties": {
        "@id": "node/7335062720",
        "amenity": "hospital",
        "healthcare": "hospital",
        "name": "Mangalam Hospital"
      },
      "geometry": {
        "type": "Point",
        "coordinates": [
          76.8268274,
          9.5720959
        ]
      },
      "id": "node/7335062720"
    },
    {
      "type": "Feature",
      "properties": {
        "@id": "node/7335084490",
        "amenity": "hospital",
        "healthcare": "hospital",
        "name": "Parathode Goverment Homoeo Dispensary"
      },
      "geometry": {
        "type": "Point",
        "coordinates": [
          76.8272815,
          9.5708188
        ]
      },
      "id": "node/7335084490"
    },
    {
      "type": "Feature",
      "properties": {
        "@id": "node/7335175623",
        "amenity": "hospital",
        "healthcare": "hospital",
        "name": "mannarkad medicals"
      },
      "geometry": {
        "type": "Point",
        "coordinates": [
          76.5212198,
          9.5911294
        ]
      },
      "id": "node/7335175623"
    },
    {
      "type": "Feature",
      "properties": {
        "@id": "node/7335224636",
        "addr:street": "Changanassery - Vazhoor Road",
        "amenity": "hospital",
        "healthcare": "hospital",
        "name": "Devivilasam hospital"
      },
      "geometry": {
        "type": "Point",
        "coordinates": [
          76.6385908,
          9.5132583
        ]
      },
      "id": "node/7335224636"
    },
    {
      "type": "Feature",
      "properties": {
        "@id": "node/7339878595",
        "amenity": "hospital",
        "healthcare": "hospital",
        "healthcare:speciality": "general",
        "name": "mercy hospital",
        "operator": "dr mersy",
        "operator:type": "private"
      },
      "geometry": {
        "type": "Point",
        "coordinates": [
          76.6401674,
          9.5046678
        ]
      },
      "id": "node/7339878595"
    },
    {
      "type": "Feature",
      "properties": {
        "@id": "node/7339878600",
        "amenity": "hospital",
        "healthcare": "hospital",
        "name": "lakshmi hospital",
        "operator": "radhamani doctor",
        "operator:type": "private"
      },
      "geometry": {
        "type": "Point",
        "coordinates": [
          76.7025226,
          9.5125332
        ]
      },
      "id": "node/7339878600"
    },
    {
      "type": "Feature",
      "properties": {
        "@id": "node/7340257347",
        "addr:housenumber": "Vellikkara, Kumbanad, Pathanamthitta, State Region 689547",
        "amenity": "hospital",
        "healthcare": "hospital",
        "name": "Fellowship Mission Hospital"
      },
      "geometry": {
        "type": "Point",
        "coordinates": [
          76.6558072,
          9.3714085
        ]
      },
      "id": "node/7340257347"
    },
    {
      "type": "Feature",
      "properties": {
        "@id": "node/7340455409",
        "amenity": "hospital",
        "healthcare": "hospital",
        "name": "Primary Health Centre, Kozhuvanal",
        "operator": "Department of Health and Family Welfare",
        "operator:type": "government",
        "ref": "1381"
      },
      "geometry": {
        "type": "Point",
        "coordinates": [
          76.6678907,
          9.6722435
        ]
      },
      "id": "node/7340455409"
    },
    {
      "type": "Feature",
      "properties": {
        "@id": "node/7342449699",
        "amenity": "hospital",
        "healthcare": "hospital",
        "name": "Janatha Hospital"
      },
      "geometry": {
        "type": "Point",
        "coordinates": [
          76.6908698,
          9.7138197
        ]
      },
      "id": "node/7342449699"
    },
    {
      "type": "Feature",
      "properties": {
        "@id": "node/7342465550",
        "amenity": "hospital",
        "healthcare": "hospital",
        "name": "Chempakasseril Ayurveda Hospital"
      },
      "geometry": {
        "type": "Point",
        "coordinates": [
          76.6908054,
          9.7147688
        ]
      },
      "id": "node/7342465550"
    },
    {
      "type": "Feature",
      "properties": {
        "@id": "node/7349841881",
        "amenity": "hospital",
        "healthcare": "hospital",
        "name": "Cedar Hospital"
      },
      "geometry": {
        "type": "Point",
        "coordinates": [
          76.6793569,
          9.8465959
        ]
      },
      "id": "node/7349841881"
    },
    {
      "type": "Feature",
      "properties": {
        "@id": "node/7350053051",
        "addr:city": "Pathanamthitta",
        "addr:housenumber": "St Luke's Hospital",
        "addr:postcode": "689645",
        "addr:street": "Ring Road",
        "amenity": "hospital",
        "emergency": "yes",
        "healthcare": "hospital",
        "healthcare:speciality": "general",
        "name": "St Luke's Hospital"
      },
      "geometry": {
        "type": "Point",
        "coordinates": [
          76.7882983,
          9.2639197
        ]
      },
      "id": "node/7350053051"
    },
    {
      "type": "Feature",
      "properties": {
        "@id": "node/7353831393",
        "addr:city": "Pathanamthitta",
        "addr:postcode": "689645",
        "amenity": "hospital",
        "healthcare": "hospital",
        "healthcare:speciality": "general",
        "name": "ഗവ. ജനറൽ ആശുപത്രി, പത്തനംതിട്ട",
        "name:en": "Government General Hospital Pathanamthitta",
        "operator": "Government"
      },
      "geometry": {
        "type": "Point",
        "coordinates": [
          76.7817394,
          9.2662465
        ]
      },
      "id": "node/7353831393"
    },
    {
      "type": "Feature",
      "properties": {
        "@id": "node/7353863397",
        "addr:city": "Pathanamthitta",
        "addr:housenumber": "Rishi Ayurveda Hospital & Research Centre",
        "addr:postcode": "689645",
        "addr:street": "Pathanamthitta-Kadamanitta Road",
        "amenity": "hospital",
        "healthcare": "hospital",
        "healthcare:speciality": "ayurveda",
        "name": "Rishi Ayurveda Hospital & Research Centre"
      },
      "geometry": {
        "type": "Point",
        "coordinates": [
          76.7838824,
          9.266265
        ]
      },
      "id": "node/7353863397"
    },
    {
      "type": "Feature",
      "properties": {
        "@id": "node/7366221323",
        "amenity": "hospital",
        "emergency": "yes",
        "healthcare": "hospital",
        "healthcare:speciality": "general",
        "name": "Veda Hospital"
      },
      "geometry": {
        "type": "Point",
        "coordinates": [
          76.7551449,
          9.2390049
        ]
      },
      "id": "node/7366221323"
    },
    {
      "type": "Feature",
      "properties": {
        "@id": "node/7366376234",
        "amenity": "hospital",
        "healthcare": "hospital",
        "name": "Mount Zion Medical Centre"
      },
      "geometry": {
        "type": "Point",
        "coordinates": [
          76.7628935,
          9.255492
        ]
      },
      "id": "node/7366376234"
    },
    {
      "type": "Feature",
      "properties": {
        "@id": "node/7366411087",
        "addr:city": "Thiruvalla",
        "addr:postcode": "689101",
        "addr:street": "Thiruvalla - Kumbazha road",
        "amenity": "hospital",
        "healthcare": "hospital",
        "healthcare:speciality": "ophthalmology",
        "name": "Eye Micro Surgery & Laser Centre"
      },
      "geometry": {
        "type": "Point",
        "coordinates": [
          76.5783815,
          9.387167
        ]
      },
      "id": "node/7366411087"
    },
    {
      "type": "Feature",
      "properties": {
        "@id": "node/7372982940",
        "amenity": "hospital",
        "healthcare": "hospital",
        "name": "Thottapally PHC",
        "operator": "DEPARTMENT OF HEALTH SERVICES",
        "operator:type": "government",
        "phone": "+91-4772297369"
      },
      "geometry": {
        "type": "Point",
        "coordinates": [
          76.3809759,
          9.3175292
        ]
      },
      "id": "node/7372982940"
    },
    {
      "type": "Feature",
      "properties": {
        "@id": "node/7388884440",
        "amenity": "hospital",
        "healthcare": "hospital",
        "name": "Government Ayurveda Hospital"
      },
      "geometry": {
        "type": "Point",
        "coordinates": [
          76.5088789,
          9.8631711
        ]
      },
      "id": "node/7388884440"
    },
    {
      "type": "Feature",
      "properties": {
        "@id": "node/7389666374",
        "amenity": "hospital",
        "healthcare": "hospital",
        "name": "Appachy Vaidyans Ayurveda Hospital"
      },
      "geometry": {
        "type": "Point",
        "coordinates": [
          76.5462956,
          9.8298065
        ]
      },
      "id": "node/7389666374"
    },
    {
      "type": "Feature",
      "properties": {
        "@id": "node/7389824428",
        "amenity": "hospital",
        "healthcare": "hospital",
        "name": "Veterinary Hospital Marangoli"
      },
      "geometry": {
        "type": "Point",
        "coordinates": [
          76.5341916,
          9.8104486
        ]
      },
      "id": "node/7389824428"
    },
    {
      "type": "Feature",
      "properties": {
        "@id": "node/7394794779",
        "amenity": "hospital",
        "healthcare": "hospital",
        "name": "Govt. Homeo Dispensary"
      },
      "geometry": {
        "type": "Point",
        "coordinates": [
          76.519195,
          9.8339194
        ]
      },
      "id": "node/7394794779"
    },
    {
      "type": "Feature",
      "properties": {
        "@id": "node/7398406177",
        "amenity": "hospital",
        "healthcare": "hospital",
        "name": "puttani physiotherapy centre Pala"
      },
      "geometry": {
        "type": "Point",
        "coordinates": [
          76.6708746,
          9.7119788
        ]
      },
      "id": "node/7398406177"
    },
    {
      "type": "Feature",
      "properties": {
        "@id": "node/7448260413",
        "addr:city": "Moonnilavu",
        "addr:postcode": "686586",
        "addr:street": "Kalatthukkadavu - Moonnilavu Road",
        "amenity": "hospital",
        "healthcare": "hospital",
        "healthcare:speciality": "general",
        "name": "homeo hospital"
      },
      "geometry": {
        "type": "Point",
        "coordinates": [
          76.7839545,
          9.7473433
        ]
      },
      "id": "node/7448260413"
    },
    {
      "type": "Feature",
      "properties": {
        "@id": "node/7452246751",
        "addr:city": "kottayam",
        "amenity": "hospital",
        "healthcare": "hospital",
        "name": "Bishop Jacob Memorial Hospital"
      },
      "geometry": {
        "type": "Point",
        "coordinates": [
          76.5159146,
          9.5331376
        ]
      },
      "id": "node/7452246751"
    },
    {
      "type": "Feature",
      "properties": {
        "@id": "node/7462053145",
        "amenity": "hospital",
        "description": "VAIDYASHALA",
        "healthcare": "hospital",
        "name": "Arya Vaidyashala"
      },
      "geometry": {
        "type": "Point",
        "coordinates": [
          76.756177,
          9.564595
        ]
      },
      "id": "node/7462053145"
    },
    {
      "type": "Feature",
      "properties": {
        "@id": "node/7463788136",
        "addr:city": "Perunna, Changanacherry",
        "addr:postcode": "686101",
        "addr:street": "KSRTC Bus Stand Perunna",
        "amenity": "hospital",
        "healthcare": "hospital",
        "name": "Santhigiri Ayurveda And Sidha Vaidhyasala"
      },
      "geometry": {
        "type": "Point",
        "coordinates": [
          76.5453272,
          9.44285
        ]
      },
      "id": "node/7463788136"
    },
    {
      "type": "Feature",
      "properties": {
        "@id": "node/7464548385",
        "addr:city": "chennithala",
        "addr:postcode": "690105",
        "addr:street": "thattarambalam-mannar rd.",
        "amenity": "hospital",
        "healthcare": "hospital",
        "healthcare:speciality": "general",
        "name": "govt.ayurvedic hospital branch"
      },
      "geometry": {
        "type": "Point",
        "coordinates": [
          76.5245847,
          9.2875754
        ]
      },
      "id": "node/7464548385"
    },
    {
      "type": "Feature",
      "properties": {
        "@id": "node/7465462011",
        "amenity": "hospital",
        "healthcare": "hospital",
        "name": "National Homeopathy Research Institute In Mental Health"
      },
      "geometry": {
        "type": "Point",
        "coordinates": [
          76.533211,
          9.5069186
        ]
      },
      "id": "node/7465462011"
    },
    {
      "type": "Feature",
      "properties": {
        "@id": "node/7465462023",
        "amenity": "hospital",
        "healthcare": "hospital",
        "name": "Homeo research centre"
      },
      "geometry": {
        "type": "Point",
        "coordinates": [
          76.5328824,
          9.5068743
        ]
      },
      "id": "node/7465462023"
    },
    {
      "type": "Feature",
      "properties": {
        "@id": "node/7465540883",
        "amenity": "hospital",
        "healthcare": "hospital",
        "name": "PMH Chanaganacherry"
      },
      "geometry": {
        "type": "Point",
        "coordinates": [
          76.5401004,
          9.4398009
        ]
      },
      "id": "node/7465540883"
    },
    {
      "type": "Feature",
      "properties": {
        "@id": "node/7467043878",
        "addr:city": "Eraviperoor",
        "addr:postcode": "689542",
        "amenity": "hospital",
        "healthcare": "hospital",
        "name": "St. Marys Mission Hospital Eraviperoor"
      },
      "geometry": {
        "type": "Point",
        "coordinates": [
          76.6433007,
          9.3830495
        ]
      },
      "id": "node/7467043878"
    },
    {
      "type": "Feature",
      "properties": {
        "@id": "node/7467388341",
        "amenity": "hospital",
        "healthcare": "hospital",
        "name": "Government Hospital"
      },
      "geometry": {
        "type": "Point",
        "coordinates": [
          76.4157952,
          9.840361
        ]
      },
      "id": "node/7467388341"
    },
    {
      "type": "Feature",
      "properties": {
        "@id": "node/7470343861",
        "amenity": "hospital",
        "healthcare": "hospital",
        "name": "paid ward"
      },
      "geometry": {
        "type": "Point",
        "coordinates": [
          76.5688656,
          9.3787973
        ]
      },
      "id": "node/7470343861"
    },
    {
      "type": "Feature",
      "properties": {
        "@id": "node/7471801434",
        "addr:city": "Thottakkadu,Kottayam",
        "addr:postcode": "68600539",
        "addr:street": "Thottakkadu-Kangazha Road",
        "amenity": "hospital",
        "healthcare": "hospital",
        "healthcare:speciality": "dentist",
        "name": "Sarga Dental Clinic"
      },
      "geometry": {
        "type": "Point",
        "coordinates": [
          76.6158053,
          9.5373818
        ]
      },
      "id": "node/7471801434"
    },
    {
      "type": "Feature",
      "properties": {
        "@id": "node/7472020238",
        "addr:city": "Puthuppally,Kottayam",
        "addr:postcode": "686011",
        "addr:street": "Kottayam-Puthuppally Road",
        "amenity": "hospital",
        "healthcare": "hospital",
        "name": "Government Ayurveda Hospital,Kaitheppalam"
      },
      "geometry": {
        "type": "Point",
        "coordinates": [
          76.5829381,
          9.5420562
        ]
      },
      "id": "node/7472020238"
    },
    {
      "type": "Feature",
      "properties": {
        "@id": "node/7472842839",
        "amenity": "hospital",
        "healthcare": "hospital",
        "name": "Co-operative hospital,Koothattukulam"
      },
      "geometry": {
        "type": "Point",
        "coordinates": [
          76.5964085,
          9.8616687
        ]
      },
      "id": "node/7472842839"
    },
    {
      "type": "Feature",
      "properties": {
        "@id": "node/7473663474",
        "addr:city": "Ettumanur,Kottayam",
        "addr:postcode": "686631",
        "addr:street": "MC Road",
        "amenity": "hospital",
        "healthcare": "hospital",
        "name": "Vimala Hospital"
      },
      "geometry": {
        "type": "Point",
        "coordinates": [
          76.5539569,
          9.6644481
        ]
      },
      "id": "node/7473663474"
    },
    {
      "type": "Feature",
      "properties": {
        "@id": "node/7474000808",
        "amenity": "hospital",
        "healthcare": "hospital",
        "name": "Government Homeo Dispensary, Thalayolaparambu"
      },
      "geometry": {
        "type": "Point",
        "coordinates": [
          76.429162,
          9.7744131
        ]
      },
      "id": "node/7474000808"
    },
    {
      "type": "Feature",
      "properties": {
        "@id": "node/7474352430",
        "addr:city": "Ettumanur,Kottayam",
        "addr:postcode": "686631",
        "addr:street": "MC Road",
        "amenity": "hospital",
        "healthcare": "hospital",
        "name": "Dream Clinic"
      },
      "geometry": {
        "type": "Point",
        "coordinates": [
          76.5533634,
          9.6639731
        ]
      },
      "id": "node/7474352430"
    },
    {
      "type": "Feature",
      "properties": {
        "@id": "node/7474352455",
        "addr:city": "Ettumanur,Kottayam",
        "addr:postcode": "686631",
        "addr:street": "Police Station Road",
        "amenity": "hospital",
        "healthcare": "hospital",
        "name": "Government Homeo Hospital Ettumanoor"
      },
      "geometry": {
        "type": "Point",
        "coordinates": [
          76.55779,
          9.6712344
        ]
      },
      "id": "node/7474352455"
    },
    {
      "type": "Feature",
      "properties": {
        "@id": "node/7474352475",
        "addr:city": "Ettumanoor,Kottayam",
        "addr:postcode": "686631",
        "addr:street": "Ettumanoor - Athirampuzha Road",
        "amenity": "hospital",
        "healthcare": "hospital",
        "name": "Nediyakalayil Homoeopathic Clinic"
      },
      "geometry": {
        "type": "Point",
        "coordinates": [
          76.5521534,
          9.6688898
        ]
      },
      "id": "node/7474352475"
    },
    {
      "type": "Feature",
      "properties": {
        "@id": "node/7474352528",
        "amenity": "hospital",
        "healthcare": "hospital",
        "name": "KMCH Center"
      },
      "geometry": {
        "type": "Point",
        "coordinates": [
          76.5608919,
          9.6702443
        ]
      },
      "id": "node/7474352528"
    },
    {
      "type": "Feature",
      "properties": {
        "@id": "node/7474352538",
        "addr:city": "Ettumanur,Kottayam",
        "addr:postcode": "686631",
        "addr:street": "Ettumanur-Pala Road",
        "amenity": "hospital",
        "healthcare": "hospital",
        "name": "Sankara Homeo Clinic"
      },
      "geometry": {
        "type": "Point",
        "coordinates": [
          76.5619896,
          9.6710561
        ]
      },
      "id": "node/7474352538"
    },
    {
      "type": "Feature",
      "properties": {
        "@id": "node/7474352561",
        "addr:city": "Ettumanoor, Kottayam",
        "addr:postcode": "686631",
        "addr:street": "Ayarkkunnam-Ettumanoor Road",
        "amenity": "hospital",
        "healthcare": "hospital",
        "name": "Mannalil Ayurveda Hospital"
      },
      "geometry": {
        "type": "Point",
        "coordinates": [
          76.5767684,
          9.657364
        ]
      },
      "id": "node/7474352561"
    },
    {
      "type": "Feature",
      "properties": {
        "@id": "node/7474994417",
        "addr:city": "Kannukulam, Ettumanur",
        "addr:postcode": "686008",
        "addr:street": "Ottakappilmavu-Kannukulam Rd",
        "amenity": "hospital",
        "healthcare": "hospital",
        "name": "Peace Hill Care Home"
      },
      "geometry": {
        "type": "Point",
        "coordinates": [
          76.5365009,
          9.6401023
        ]
      },
      "id": "node/7474994417"
    },
    {
      "type": "Feature",
      "properties": {
        "@id": "node/7476606029",
        "addr:city": "Kottayam",
        "addr:postcode": "686001",
        "addr:street": "KK Road",
        "amenity": "hospital",
        "healthcare": "hospital",
        "name": "F. R. U. District Hospital Kottayam"
      },
      "geometry": {
        "type": "Point",
        "coordinates": [
          76.5266508,
          9.5895038
        ]
      },
      "id": "node/7476606029"
    },
    {
      "type": "Feature",
      "properties": {
        "@id": "node/7476606120",
        "addr:city": "Kottayam",
        "addr:postcode": "686001",
        "addr:street": "Azad Lane",
        "amenity": "hospital",
        "healthcare": "hospital",
        "name": "Bharath Hospital"
      },
      "geometry": {
        "type": "Point",
        "coordinates": [
          76.5195727,
          9.5894925
        ]
      },
      "id": "node/7476606120"
    },
    {
      "type": "Feature",
      "properties": {
        "@id": "node/7476686884",
        "addr:city": "Cherthala",
        "addr:postcode": "688526",
        "addr:street": "Panavally",
        "amenity": "hospital",
        "healthcare": "hospital",
        "name": "Primary Health Centre Panvally",
        "operator": "Department of Health and Family Welfare",
        "operator:type": "government",
        "phone": "+91-4782524299",
        "ref": "1263"
      },
      "geometry": {
        "type": "Point",
        "coordinates": [
          76.3533699,
          9.8082995
        ]
      },
      "id": "node/7476686884"
    },
    {
      "type": "Feature",
      "properties": {
        "@id": "node/7476785398",
        "amenity": "hospital",
        "healthcare": "hospital",
        "name": "Primary Health Center Arakulam",
        "operator": "DEPARTMENT OF HEALTH SERVICES",
        "operator:type": "government",
        "ref": "1397"
      },
      "geometry": {
        "type": "Point",
        "coordinates": [
          76.8236302,
          9.8129298
        ]
      },
      "id": "node/7476785398"
    },
    {
      "type": "Feature",
      "properties": {
        "@id": "node/7476906009",
        "addr:city": "kottayam",
        "addr:postcode": "686001",
        "addr:street": "Kottayam - Medical College Bypass Road",
        "amenity": "hospital",
        "healthcare": "hospital",
        "name": "Kooplicat Ayurveda Hospital"
      },
      "geometry": {
        "type": "Point",
        "coordinates": [
          76.5162159,
          9.5964625
        ]
      },
      "id": "node/7476906009"
    },
    {
      "type": "Feature",
      "properties": {
        "@id": "node/7476906025",
        "addr:city": "Varissery, Kottayam",
        "addr:postcode": "686017",
        "addr:street": "Pullarikunnu Road",
        "amenity": "hospital",
        "healthcare": "hospital",
        "healthcare:speciality": "general",
        "name": "Susrusha Hospital"
      },
      "geometry": {
        "type": "Point",
        "coordinates": [
          76.514049,
          9.6066287
        ]
      },
      "id": "node/7476906025"
    },
    {
      "type": "Feature",
      "properties": {
        "@id": "node/7477007323",
        "addr:city": "Nagampadam, Kottayam",
        "addr:postcode": "686001",
        "addr:street": "Medical Center road",
        "amenity": "hospital",
        "healthcare": "hospital",
        "healthcare:speciality": "general",
        "name": "S H Medical Center",
        "name:ml": "എസ് എച്ച് മെഡിക്കൽ സെന്റർ ആശുപത്രി",
        "operator": "Sacred Heart Congregation",
        "wheelchair": "yes"
      },
      "geometry": {
        "type": "Point",
        "coordinates": [
          76.5297677,
          9.5943409
        ]
      },
      "id": "node/7477007323"
    },
    {
      "type": "Feature",
      "properties": {
        "@id": "node/7477007338",
        "addr:city": "Puthenangady, Kottayam",
        "addr:postcode": "686001",
        "addr:street": "Temple Road",
        "amenity": "hospital",
        "healthcare": "hospital",
        "name": "City Hospital,kottayam"
      },
      "geometry": {
        "type": "Point",
        "coordinates": [
          76.5171836,
          9.5891575
        ]
      },
      "id": "node/7477007338"
    },
    {
      "type": "Feature",
      "properties": {
        "@id": "node/7477811163",
        "amenity": "hospital",
        "emergency": "yes",
        "healthcare": "hospital",
        "name": "Community Health Centre Kurathikadu",
        "operator": "Department of Health and Family Welfare",
        "operator:type": "government",
        "phone": "+91-479 2328476",
        "ref": "1288"
      },
      "geometry": {
        "type": "Point",
        "coordinates": [
          76.5600777,
          9.2065797
        ]
      },
      "id": "node/7477811163"
    },
    {
      "type": "Feature",
      "properties": {
        "@id": "node/7477888917",
        "amenity": "hospital",
        "emergency": "yes",
        "healthcare": "hospital",
        "name": "Commuity Health Centre Pandanadu",
        "operator": "Department of Health and Family Welfare",
        "operator:type": "government",
        "phone": "+91-479 2466678",
        "ref": "1274"
      },
      "geometry": {
        "type": "Point",
        "coordinates": [
          76.5732287,
          9.3264202
        ]
      },
      "id": "node/7477888917"
    },
    {
      "type": "Feature",
      "properties": {
        "@id": "node/7477932543",
        "amenity": "hospital",
        "email": "molcmannar@gmail.com",
        "emergency": "yes",
        "healthcare": "hospital",
        "name": "Community Health Centre Mannar",
        "operator": "Department of Health and Family Welfare",
        "operator:type": "government",
        "phone": "+91-479 2313920"
      },
      "geometry": {
        "type": "Point",
        "coordinates": [
          76.5325707,
          9.312983
        ]
      },
      "id": "node/7477932543"
    },
    {
      "type": "Feature",
      "properties": {
        "@id": "node/7477933847",
        "amenity": "hospital",
        "email": "motkmchc@gmail.com",
        "emergency": "yes",
        "healthcare": "hospital",
        "name": "CHC Thanneermukkom",
        "operator": "Department of Health Services",
        "operator:type": "government",
        "phone": "+91-478 2584404"
      },
      "geometry": {
        "type": "Point",
        "coordinates": [
          76.3932861,
          9.676436
        ]
      },
      "id": "node/7477933847"
    },
    {
      "type": "Feature",
      "properties": {
        "@id": "node/7478050450",
        "amenity": "hospital",
        "emergency": "yes",
        "healthcare": "hospital",
        "name": "Community Health Centre, Ambalapuzha",
        "operator": "Department of Health and Family Welfare",
        "operator:type": "government",
        "phone": "+91-477 2272129"
      },
      "geometry": {
        "type": "Point",
        "coordinates": [
          76.3542936,
          9.3842458
        ]
      },
      "id": "node/7478050450"
    },
    {
      "type": "Feature",
      "properties": {
        "@id": "node/7478071899",
        "amenity": "hospital",
        "email": "chcchempumpuram@gmail.com",
        "healthcare": "hospital",
        "name": "Community Health Centre Chempupuram",
        "operator": "Department of Health and Family Welfare",
        "operator:type": "government",
        "phone": "+91-477 2736318",
        "ref": "1242"
      },
      "geometry": {
        "type": "Point",
        "coordinates": [
          76.3844786,
          9.4211517
        ]
      },
      "id": "node/7478071899"
    },
    {
      "type": "Feature",
      "properties": {
        "@id": "node/7479233246",
        "amenity": "hospital",
        "healthcare": "hospital",
        "name": "Community Health Centre Kanjeettukara",
        "operator": "Department of Health and Family Welfare",
        "operator:type": "government"
      },
      "geometry": {
        "type": "Point",
        "coordinates": [
          76.7213885,
          9.3688868
        ]
      },
      "id": "node/7479233246"
    },
    {
      "type": "Feature",
      "properties": {
        "@id": "node/7480010403",
        "amenity": "hospital",
        "healthcare": "hospital",
        "name": "Primary Health Centre, Manjinikara"
      },
      "geometry": {
        "type": "Point",
        "coordinates": [
          76.7432256,
          9.2480949
        ]
      },
      "id": "node/7480010403"
    },
    {
      "type": "Feature",
      "properties": {
        "@id": "node/7480338616",
        "amenity": "hospital",
        "description": "Vasan Eye Care Hospital",
        "healthcare": "hospital",
        "name": "Vasan Eye Care Hospital"
      },
      "geometry": {
        "type": "Point",
        "coordinates": [
          76.5761553,
          9.3793096
        ]
      },
      "id": "node/7480338616"
    },
    {
      "type": "Feature",
      "properties": {
        "@id": "node/7480493361",
        "amenity": "hospital",
        "healthcare": "hospital",
        "name": "holy family dental clinic Plassanal Thalappalam"
      },
      "geometry": {
        "type": "Point",
        "coordinates": [
          76.7599701,
          9.7063819
        ]
      },
      "id": "node/7480493361"
    },
    {
      "type": "Feature",
      "properties": {
        "@id": "node/7481839534",
        "amenity": "hospital",
        "healthcare": "hospital",
        "name": "Primary Health Centre, Poochapra",
        "operator": "Department of Health and Family Welfare",
        "operator:type": "government",
        "ref": "1399"
      },
      "geometry": {
        "type": "Point",
        "coordinates": [
          76.8499311,
          9.8269673
        ]
      },
      "id": "node/7481839534"
    },
    {
      "type": "Feature",
      "properties": {
        "@id": "node/7482414753",
        "addr:city": "changanacherry, Kottayam",
        "addr:postcode": "686101",
        "addr:street": "MC Road",
        "amenity": "hospital",
        "healthcare": "hospital",
        "name": "Samaritan Medical Centre"
      },
      "geometry": {
        "type": "Point",
        "coordinates": [
          76.541557,
          9.4451139
        ]
      },
      "id": "node/7482414753"
    },
    {
      "type": "Feature",
      "properties": {
        "@id": "node/7484012234",
        "amenity": "hospital",
        "healthcare": "hospital",
        "name": "Goldenflower hospital"
      },
      "geometry": {
        "type": "Point",
        "coordinates": [
          76.347376,
          9.5671949
        ]
      },
      "id": "node/7484012234"
    },
    {
      "type": "Feature",
      "properties": {
        "@id": "node/7484140022",
        "amenity": "hospital",
        "healthcare": "hospital",
        "name": "Pulse Hospital"
      },
      "geometry": {
        "type": "Point",
        "coordinates": [
          76.4130342,
          9.2924432
        ]
      },
      "id": "node/7484140022"
    },
    {
      "type": "Feature",
      "properties": {
        "@id": "node/7485497905",
        "amenity": "hospital",
        "email": "karuvattaphc@gmail.com",
        "emergency": "yes",
        "healthcare": "hospital",
        "name": "PHC Karuvatta",
        "operator": "Department of Health Services",
        "operator:type": "government",
        "phone": "+91-4792491934"
      },
      "geometry": {
        "type": "Point",
        "coordinates": [
          76.4256842,
          9.3076613
        ]
      },
      "id": "node/7485497905"
    },
    {
      "type": "Feature",
      "properties": {
        "@id": "node/7485511255",
        "amenity": "hospital",
        "email": "chcedathua@gmail.com",
        "emergency": "yes",
        "healthcare": "hospital",
        "name": "Chc Edathuva",
        "operator": "04772210750",
        "operator:type": "government"
      },
      "geometry": {
        "type": "Point",
        "coordinates": [
          76.4773317,
          9.3650487
        ]
      },
      "id": "node/7485511255"
    },
    {
      "type": "Feature",
      "properties": {
        "@id": "node/7485523160",
        "REF": "1300",
        "amenity": "hospital",
        "email": "chcmuthukulam@gmail.com",
        "emergency": "yes",
        "healthcare": "hospital",
        "name": "Community Health Centre Muthukulam",
        "operator": "Department of Health Services",
        "operator:type": "government",
        "phone": "+91-4792472193",
        "ref": "1300"
      },
      "geometry": {
        "type": "Point",
        "coordinates": [
          76.4555065,
          9.2170633
        ]
      },
      "id": "node/7485523160"
    },
    {
      "type": "Feature",
      "properties": {
        "@id": "node/7485626460",
        "amenity": "hospital",
        "email": "chcveliyanadu@gmail.com",
        "emergency": "yes",
        "healthcare": "hospital",
        "name": "Chc Veliyanad",
        "operator": "Department of Health Services",
        "operator:type": "government",
        "phone": "+91-477 2753228"
      },
      "geometry": {
        "type": "Point",
        "coordinates": [
          76.4697604,
          9.4511953
        ]
      },
      "id": "node/7485626460"
    },
    {
      "type": "Feature",
      "properties": {
        "@id": "node/7488509993",
        "amenity": "hospital",
        "healthcare": "hospital",
        "name": "Primary Health Center Aryad"
      },
      "geometry": {
        "type": "Point",
        "coordinates": [
          76.3313657,
          9.5434328
        ]
      },
      "id": "node/7488509993"
    },
    {
      "type": "Feature",
      "properties": {
        "@id": "node/7488886308",
        "amenity": "hospital",
        "healthcare": "hospital",
        "name": "Veeyapuram Primary Health Centre",
        "operator": "DEPARTMENT OF HEALTH SERVICES",
        "operator:type": "government",
        "phone": "+91-4792318533"
      },
      "geometry": {
        "type": "Point",
        "coordinates": [
          76.4609577,
          9.3251314
        ]
      },
      "id": "node/7488886308"
    },
    {
      "type": "Feature",
      "properties": {
        "@id": "node/7488986775",
        "addr:city": "Nattakom",
        "addr:housenumber": "PHC Nattakom",
        "addr:postcode": "686013",
        "addr:street": "Mariyappally P O,MC Road",
        "amenity": "hospital",
        "healthcare": "hospital",
        "name": "Primary Health Centre, Nattakom",
        "operator": "Department of Health and Family Welfare",
        "operator:type": "government",
        "phone": "+91-481-2362299",
        "ref": "1315"
      },
      "geometry": {
        "type": "Point",
        "coordinates": [
          76.5103986,
          9.5457468
        ]
      },
      "id": "node/7488986775"
    },
    {
      "type": "Feature",
      "properties": {
        "@id": "node/7489670957",
        "amenity": "hospital",
        "healthcare": "hospital",
        "name": "Primary Health Center Thazhakkara",
        "operator": "Department Of Health Services",
        "operator:type": "government",
        "phone": "+91-4792357370",
        "ref": "1285"
      },
      "geometry": {
        "type": "Point",
        "coordinates": [
          76.5883876,
          9.2358173
        ]
      },
      "id": "node/7489670957"
    },
    {
      "type": "Feature",
      "properties": {
        "@id": "node/7490006270",
        "addr:street": "Erattupetta - Kanjirapally Road",
        "amenity": "hospital",
        "healthcare": "hospital",
        "name": "Government Hospital Erattupetta"
      },
      "geometry": {
        "type": "Point",
        "coordinates": [
          76.7727665,
          9.6844377
        ]
      },
      "id": "node/7490006270"
    },
    {
      "type": "Feature",
      "properties": {
        "@id": "node/7491705412",
        "addr:city": "Kumarakom",
        "addr:postcode": "686563",
        "addr:street": "Kottayam - Kumarakom Road",
        "amenity": "hospital",
        "healthcare": "hospital",
        "name": "Kumarakom Government Homeo Dispensary"
      },
      "geometry": {
        "type": "Point",
        "coordinates": [
          76.4351543,
          9.5919548
        ]
      },
      "id": "node/7491705412"
    },
    {
      "type": "Feature",
      "properties": {
        "@id": "node/7494953066",
        "addr:city": "Kumarakom",
        "addr:postcode": "686563",
        "addr:street": "Kumarakom Attipeedika Rd",
        "amenity": "hospital",
        "healthcare": "hospital",
        "name": "Santhi General & Children's Hospital"
      },
      "geometry": {
        "type": "Point",
        "coordinates": [
          76.4372243,
          9.5913275
        ]
      },
      "id": "node/7494953066"
    },
    {
      "type": "Feature",
      "properties": {
        "@id": "node/7497361107",
        "addr:city": "Kottayam",
        "addr:postcode": "686020",
        "addr:street": "Illickal - Thiruvarppu Road",
        "amenity": "hospital",
        "emergency": "yes",
        "healthcare": "hospital",
        "name": "Primary Health Centre, Thiruvarppu",
        "operator": "department of health services",
        "operator:type": "government",
        "ref": "1318"
      },
      "geometry": {
        "type": "Point",
        "coordinates": [
          76.4777964,
          9.5811036
        ]
      },
      "id": "node/7497361107"
    },
    {
      "type": "Feature",
      "properties": {
        "@id": "node/7499012357",
        "addr:city": "Kumarakom",
        "addr:postcode": "686563",
        "addr:street": "Chirathara Rd",
        "amenity": "hospital",
        "healthcare": "hospital",
        "name": "Health Sub Centre"
      },
      "geometry": {
        "type": "Point",
        "coordinates": [
          76.4374361,
          9.5993681
        ]
      },
      "id": "node/7499012357"
    },
    {
      "type": "Feature",
      "properties": {
        "@id": "node/7499118779",
        "addr:city": "Kattakayam, Kumarakom",
        "addr:postcode": "686563",
        "addr:street": "Puthen Road",
        "amenity": "hospital",
        "healthcare": "hospital",
        "name": "Mayura Ayurvedic Centre"
      },
      "geometry": {
        "type": "Point",
        "coordinates": [
          76.4355103,
          9.6042446
        ]
      },
      "id": "node/7499118779"
    },
    {
      "type": "Feature",
      "properties": {
        "@id": "node/7500717665",
        "amenity": "hospital",
        "healthcare": "hospital",
        "name": "Ayurveda Consultancy"
      },
      "geometry": {
        "type": "Point",
        "coordinates": [
          76.7538238,
          9.2306482
        ]
      },
      "id": "node/7500717665"
    },
    {
      "type": "Feature",
      "properties": {
        "@id": "node/7503213862",
        "amenity": "hospital",
        "healthcare": "hospital",
        "name": "Anil Kumar. V. G Acupressure Therapist"
      },
      "geometry": {
        "type": "Point",
        "coordinates": [
          76.4799195,
          9.6962425
        ]
      },
      "id": "node/7503213862"
    },
    {
      "type": "Feature",
      "properties": {
        "@id": "node/7505570589",
        "amenity": "hospital",
        "healthcare": "hospital",
        "name": "PHC Kumarapuram"
      },
      "geometry": {
        "type": "Point",
        "coordinates": [
          76.4271629,
          9.2838174
        ]
      },
      "id": "node/7505570589"
    },
    {
      "type": "Feature",
      "properties": {
        "@id": "node/7509296667",
        "amenity": "hospital",
        "healthcare": "hospital",
        "name": "Neethi Medicals"
      },
      "geometry": {
        "type": "Point",
        "coordinates": [
          76.7989206,
          9.2799683
        ]
      },
      "id": "node/7509296667"
    },
    {
      "type": "Feature",
      "properties": {
        "@id": "node/7515032181",
        "amenity": "hospital",
        "healthcare": "hospital",
        "name": "Veterinary Hospital"
      },
      "geometry": {
        "type": "Point",
        "coordinates": [
          76.7524689,
          9.2299109
        ]
      },
      "id": "node/7515032181"
    },
    {
      "type": "Feature",
      "properties": {
        "@id": "node/7633227515",
        "addr:city": "Nalukody",
        "addr:postcode": "686548",
        "addr:street": "thengana naalukodi",
        "amenity": "hospital",
        "healthcare": "hospital",
        "healthcare:speciality": "homeopathy",
        "name": "Homeo clinic"
      },
      "geometry": {
        "type": "Point",
        "coordinates": [
          76.5626912,
          9.4221378
        ]
      },
      "id": "node/7633227515"
    },
    {
      "type": "Feature",
      "properties": {
        "@id": "node/7726160803",
        "addr:district": "Idukki",
        "addr:full": "Thodupuzha Poomala Road, Alakode",
        "addr:postcode": "685588",
        "addr:state": "State Region",
        "amenity": "hospital",
        "name": "Nagarjuna Herbal Concentrates Ltd",
        "source": "Local Knowledge"
      },
      "geometry": {
        "type": "Point",
        "coordinates": [
          76.7642846,
          9.8846083
        ]
      },
      "id": "node/7726160803"
    },
    {
      "type": "Feature",
      "properties": {
        "@id": "node/7726160805",
        "addr:district": "Idukki",
        "addr:full": "Thudanganadu, Muttom",
        "addr:postcode": "685587",
        "addr:state": "State Region",
        "amenity": "hospital",
        "name": "Ranigiri Hospital",
        "source": "Local Knowledge"
      },
      "geometry": {
        "type": "Point",
        "coordinates": [
          76.7275633,
          9.8253385
        ]
      },
      "id": "node/7726160805"
    },
    {
      "type": "Feature",
      "properties": {
        "@id": "node/7726160807",
        "addr:district": "Idukki",
        "addr:full": "Thodupuzha",
        "addr:postcode": "685584",
        "addr:state": "State Region",
        "amenity": "hospital",
        "name": "Alphonsa Eye Hospital",
        "source": "Local Knowledge"
      },
      "geometry": {
        "type": "Point",
        "coordinates": [
          76.7207429,
          9.8959616
        ]
      },
      "id": "node/7726160807"
    },
    {
      "type": "Feature",
      "properties": {
        "@id": "node/7726160808",
        "addr:district": "Idukki",
        "addr:full": "Manakkadu Road, Thodupuzha",
        "addr:postcode": "685584",
        "addr:state": "State Region",
        "amenity": "hospital",
        "name": "Kunnathupara",
        "source": "Local Knowledge"
      },
      "geometry": {
        "type": "Point",
        "coordinates": [
          76.7070228,
          9.8963645
        ]
      },
      "id": "node/7726160808"
    },
    {
      "type": "Feature",
      "properties": {
        "@id": "node/7726160809",
        "addr:district": "Idukki",
        "addr:full": "Vazhithala",
        "addr:postcode": "685583",
        "addr:state": "State Region",
        "amenity": "hospital",
        "name": "Mary Matha Hospital",
        "source": "Local Knowledge"
      },
      "geometry": {
        "type": "Point",
        "coordinates": [
          76.6419549,
          9.8827732
        ]
      },
      "id": "node/7726160809"
    },
    {
      "type": "Feature",
      "properties": {
        "@id": "node/7726160824",
        "addr:district": "Idukki",
        "addr:full": "Muttom",
        "addr:postcode": "685587",
        "addr:state": "State Region",
        "amenity": "hospital",
        "healthcare": "hospital",
        "name": "MM Hospital",
        "source": "Local Knowledge"
      },
      "geometry": {
        "type": "Point",
        "coordinates": [
          76.746572,
          9.837925
        ]
      },
      "id": "node/7726160824"
    },
    {
      "type": "Feature",
      "properties": {
        "@id": "node/7726160834",
        "addr:district": "Idukki",
        "addr:full": "Thodupuzha",
        "addr:postcode": "685584",
        "addr:state": "State Region",
        "amenity": "hospital",
        "name": "Dhanwanthari Hospital",
        "source": "Local Knowledge"
      },
      "geometry": {
        "type": "Point",
        "coordinates": [
          76.698284,
          9.8873409
        ]
      },
      "id": "node/7726160834"
    },
    {
      "type": "Feature",
      "properties": {
        "@id": "node/7726160836",
        "addr:district": "Idukki",
        "addr:full": "Pannimattom, Thodupuzha Poomala Road, Velliyamattom",
        "addr:postcode": "685588",
        "addr:state": "State Region",
        "amenity": "hospital",
        "name": "Marian Hospital",
        "source": "Local Knowledge"
      },
      "geometry": {
        "type": "Point",
        "coordinates": [
          76.8313142,
          9.8467377
        ]
      },
      "id": "node/7726160836"
    },
    {
      "type": "Feature",
      "properties": {
        "@id": "node/7726160838",
        "addr:district": "Idukki",
        "addr:full": "Muttom",
        "addr:postcode": "685587",
        "addr:state": "State Region",
        "amenity": "hospital",
        "healthcare": "hospital",
        "name": "Chirackal Atreya Ayurveda Hospital",
        "source": "Local Knowledge"
      },
      "geometry": {
        "type": "Point",
        "coordinates": [
          76.7451993,
          9.8363323
        ]
      },
      "id": "node/7726160838"
    },
    {
      "type": "Feature",
      "properties": {
        "@id": "node/7726160849",
        "addr:district": "Idukki",
        "addr:full": "Idukki Road, Thodupuzha",
        "addr:postcode": "685584",
        "addr:state": "State Region",
        "amenity": "hospital",
        "healthcare": "hospital",
        "name": "Fathima Eye Care Hospital",
        "source": "Local Knowledge"
      },
      "geometry": {
        "type": "Point",
        "coordinates": [
          76.7149988,
          9.8909884
        ]
      },
      "id": "node/7726160849"
    },
    {
      "type": "Feature",
      "properties": {
        "@id": "node/7726160857",
        "addr:district": "Idukki",
        "addr:full": "Gandhi Square, Thodupuzha",
        "addr:postcode": "685584",
        "addr:state": "State Region",
        "amenity": "hospital",
        "name": "Vazhuthanapallil Homoeo Hospital",
        "source": "Local Knowledge"
      },
      "geometry": {
        "type": "Point",
        "coordinates": [
          76.710972,
          9.8970122
        ]
      },
      "id": "node/7726160857"
    },
    {
      "type": "Feature",
      "properties": {
        "@id": "node/7726235656",
        "addr:district": "Ernakulam",
        "addr:full": "Chellanam",
        "addr:postcode": "682008",
        "addr:state": "State Region",
        "amenity": "hospital",
        "name": "Cortina Hospital",
        "source": "Local Knowledge"
      },
      "geometry": {
        "type": "Point",
        "coordinates": [
          76.271747,
          9.827676
        ]
      },
      "id": "node/7726235656"
    },
    {
      "type": "Feature",
      "properties": {
        "@id": "node/7726235657",
        "addr:district": "Ernakulam",
        "addr:full": "Koothattukulam",
        "addr:postcode": "686662",
        "addr:state": "State Region",
        "amenity": "hospital",
        "name": "Sentrum Hospital",
        "source": "Local Knowledge"
      },
      "geometry": {
        "type": "Point",
        "coordinates": [
          76.594933,
          9.862033
        ]
      },
      "id": "node/7726235657"
    },
    {
      "type": "Feature",
      "properties": {
        "@id": "node/7726235686",
        "addr:district": "Ernakulam",
        "addr:full": "Kannamaly",
        "addr:postcode": "682008",
        "addr:state": "State Region",
        "amenity": "hospital",
        "name": "St. Joseph's Hospital",
        "source": "Local Knowledge"
      },
      "geometry": {
        "type": "Point",
        "coordinates": [
          76.265615,
          9.874805
        ]
      },
      "id": "node/7726235686"
    },
    {
      "type": "Feature",
      "properties": {
        "@id": "node/7730161906",
        "addr:district": "Alappuzha",
        "addr:full": "Chengannur",
        "addr:postcode": "689122",
        "addr:state": "State Region",
        "amenity": "hospital",
        "healthcare": "hospital",
        "name": "Cherian Memorial St. Lukes Hospital",
        "source": "Local Knowledge"
      },
      "geometry": {
        "type": "Point",
        "coordinates": [
          76.623438,
          9.307432
        ]
      },
      "id": "node/7730161906"
    },
    {
      "type": "Feature",
      "properties": {
        "@id": "node/7730161910",
        "addr:district": "Alappuzha",
        "addr:full": "Kaithavana",
        "addr:postcode": "688003",
        "addr:state": "State Region",
        "amenity": "hospital",
        "healthcare": "hospital",
        "name": "Sreerudra Ayurveda Multi Speciality Hospital",
        "source": "Local Knowledge"
      },
      "geometry": {
        "type": "Point",
        "coordinates": [
          76.3442588,
          9.4712222
        ]
      },
      "id": "node/7730161910"
    },
    {
      "type": "Feature",
      "properties": {
        "@id": "node/7730161912",
        "addr:district": "Alappuzha",
        "addr:full": "Ambalapuzha",
        "addr:postcode": "688561",
        "addr:state": "State Region",
        "amenity": "hospital",
        "name": "Bkm Hospital",
        "source": "Local Knowledge"
      },
      "geometry": {
        "type": "Point",
        "coordinates": [
          76.3570638,
          9.3783095
        ]
      },
      "id": "node/7730161912"
    },
    {
      "type": "Feature",
      "properties": {
        "@id": "node/7730161915",
        "addr:district": "Alappuzha",
        "addr:full": "Krishnapuram - Mavelikkara Road, Pallarimangalam, Thekkekara",
        "addr:postcode": "690510",
        "addr:state": "State Region",
        "amenity": "hospital",
        "healthcare": "hospital",
        "name": "RTM Hospital",
        "source": "Local Knowledge"
      },
      "geometry": {
        "type": "Point",
        "coordinates": [
          76.53632,
          9.211348
        ]
      },
      "id": "node/7730161915"
    },
    {
      "type": "Feature",
      "properties": {
        "@id": "node/7730161921",
        "addr:district": "Alappuzha",
        "addr:full": "Beachward, Near Alappuzha Railway",
        "addr:postcode": "680012",
        "addr:state": "State Region",
        "amenity": "hospital",
        "healthcare": "hospital",
        "name": "ESI Hospital",
        "source": "Local Knowledge"
      },
      "geometry": {
        "type": "Point",
        "coordinates": [
          76.3223502,
          9.4804431
        ]
      },
      "id": "node/7730161921"
    },
    {
      "type": "Feature",
      "properties": {
        "@id": "node/7730161924",
        "addr:district": "Alappuzha",
        "addr:full": "Thottappally, Purakkad",
        "addr:postcode": "688561",
        "addr:state": "State Region",
        "amenity": "hospital",
        "name": "Mathery Hospital",
        "source": "Local Knowledge"
      },
      "geometry": {
        "type": "Point",
        "coordinates": [
          76.377683,
          9.3252402
        ]
      },
      "id": "node/7730161924"
    },
    {
      "type": "Feature",
      "properties": {
        "@id": "node/7730161936",
        "addr:city": "Alappuzha",
        "addr:district": "Alappuzha",
        "addr:full": "Mangalam, Kanjiramchira",
        "addr:postcode": "688007",
        "addr:state": "State Region",
        "addr:street": "Mangalam",
        "amenity": "hospital",
        "description": "Public Health Centre",
        "healthcare": "hospital",
        "name": "Urban Primary Health Centre, Mangalam",
        "source": "Local Knowledge"
      },
      "geometry": {
        "type": "Point",
        "coordinates": [
          76.3200821,
          9.5118877
        ]
      },
      "id": "node/7730161936"
    },
    {
      "type": "Feature",
      "properties": {
        "@id": "node/7730161938",
        "addr:district": "Alappuzha",
        "addr:full": "Near Vettakaran Junction, Vattapally",
        "addr:postcode": "688012",
        "addr:state": "State Region",
        "amenity": "hospital",
        "healthcare": "hospital",
        "name": "Aby's Speciality",
        "source": "Local Knowledge"
      },
      "geometry": {
        "type": "Point",
        "coordinates": [
          76.3258079,
          9.4823961
        ]
      },
      "id": "node/7730161938"
    },
    {
      "type": "Feature",
      "properties": {
        "@id": "node/7730161944",
        "addr:district": "Alappuzha",
        "addr:full": "Ambalapuzha",
        "addr:postcode": "688561",
        "addr:state": "State Region",
        "amenity": "hospital",
        "name": "Surya Hospital",
        "source": "Local Knowledge"
      },
      "geometry": {
        "type": "Point",
        "coordinates": [
          76.3576134,
          9.3842583
        ]
      },
      "id": "node/7730161944"
    },
    {
      "type": "Feature",
      "properties": {
        "@id": "node/7730161949",
        "addr:district": "Alappuzha",
        "addr:full": "Kizhakke Nada, Chengannur",
        "addr:postcode": "689121",
        "addr:state": "State Region",
        "amenity": "hospital",
        "healthcare": "hospital",
        "name": "Indukantham Ayurveda Hospital and Panchakarma Centre",
        "source": "Local Knowledge"
      },
      "geometry": {
        "type": "Point",
        "coordinates": [
          76.616173,
          9.324931
        ]
      },
      "id": "node/7730161949"
    },
    {
      "type": "Feature",
      "properties": {
        "@id": "node/7730161953",
        "addr:district": "Alappuzha",
        "addr:full": "Vadackal",
        "addr:postcode": "688003",
        "addr:state": "State Region",
        "amenity": "hospital",
        "name": "Matha Ayurvedic Hospital",
        "source": "Local Knowledge"
      },
      "geometry": {
        "type": "Point",
        "coordinates": [
          76.331265,
          9.4659426
        ]
      },
      "id": "node/7730161953"
    },
    {
      "type": "Feature",
      "properties": {
        "@id": "node/7730161954",
        "addr:district": "Alappuzha",
        "addr:full": "Parumala",
        "addr:postcode": "689626",
        "addr:state": "State Region",
        "amenity": "hospital",
        "name": "Government Homeo Hospital",
        "source": "Local Knowledge"
      },
      "geometry": {
        "type": "Point",
        "coordinates": [
          76.5547331,
          9.3313585
        ]
      },
      "id": "node/7730161954"
    },
    {
      "type": "Feature",
      "properties": {
        "@id": "node/7730161955",
        "addr:city": "Aroor",
        "addr:district": "Alappuzha",
        "addr:full": "Chandiroor",
        "addr:postcode": "688547",
        "addr:state": "State Region",
        "addr:street": "Chandiroor Bridge Road, Near St.Marys Church",
        "amenity": "hospital",
        "contact:phone": "+91-4782872782",
        "healthcare": "hospital",
        "name": "Mission Hospital",
        "source": "Local Knowledge"
      },
      "geometry": {
        "type": "Point",
        "coordinates": [
          76.3079554,
          9.8488868
        ]
      },
      "id": "node/7730161955"
    },
    {
      "type": "Feature",
      "properties": {
        "@id": "node/7730161956",
        "addr:city": "Chengannur",
        "addr:district": "Alappuzha",
        "addr:full": "Chengannur",
        "addr:postcode": "689122",
        "addr:state": "State Region",
        "amenity": "hospital",
        "description": "Department of Oral and Maxillofacial Surgery",
        "emergency": "yes",
        "healthcare": "hospital",
        "healthcare:speciality": "orthodontics;clinic;dentist",
        "name": "Dental World",
        "source": "Local Knowledge"
      },
      "geometry": {
        "type": "Point",
        "coordinates": [
          76.6233053,
          9.3075822
        ]
      },
      "id": "node/7730161956"
    },
    {
      "type": "Feature",
      "properties": {
        "@id": "node/7730161959",
        "addr:district": "Alappuzha",
        "addr:full": "Punnapra",
        "addr:postcode": "688003",
        "addr:state": "State Region",
        "amenity": "hospital",
        "healthcare": "hospital",
        "name": "Assisi Hospital",
        "source": "Local Knowledge"
      },
      "geometry": {
        "type": "Point",
        "coordinates": [
          76.3355474,
          9.4494025
        ]
      },
      "id": "node/7730161959"
    },
    {
      "type": "Feature",
      "properties": {
        "@id": "node/7730161961",
        "addr:district": "Alappuzha",
        "addr:postcode": "689121",
        "addr:state": "State Region",
        "amenity": "hospital",
        "name": "Kottakkal Arya Vaidya Sala",
        "source": "Local Knowledge"
      },
      "geometry": {
        "type": "Point",
        "coordinates": [
          76.6191255,
          9.3195434
        ]
      },
      "id": "node/7730161961"
    },
    {
      "type": "Feature",
      "properties": {
        "@id": "node/7730161965",
        "addr:district": "Alappuzha",
        "addr:full": "Cherthala South",
        "addr:postcode": "688582",
        "addr:state": "State Region",
        "amenity": "hospital",
        "name": "Sugunan Vydhyar",
        "source": "Local Knowledge"
      },
      "geometry": {
        "type": "Point",
        "coordinates": [
          76.3093341,
          9.6384064
        ]
      },
      "id": "node/7730161965"
    },
    {
      "type": "Feature",
      "properties": {
        "@id": "node/7730161966",
        "addr:district": "Alappuzha",
        "addr:full": "Poomkavu",
        "addr:postcode": "688008",
        "addr:state": "State Region",
        "amenity": "hospital",
        "name": "Centre for Asthma and Allergy",
        "source": "Local Knowledge"
      },
      "geometry": {
        "type": "Point",
        "coordinates": [
          76.3273685,
          9.5221238
        ]
      },
      "id": "node/7730161966"
    },
    {
      "type": "Feature",
      "properties": {
        "@id": "node/7730161968",
        "addr:district": "Alappuzha",
        "addr:full": "Aroor, Kochi",
        "addr:postcode": "688534",
        "addr:state": "State Region",
        "amenity": "hospital",
        "name": "Our Lady of Mercy Hospital",
        "source": "Local Knowledge"
      },
      "geometry": {
        "type": "Point",
        "coordinates": [
          76.3033526,
          9.8778836
        ]
      },
      "id": "node/7730161968"
    },
    {
      "type": "Feature",
      "properties": {
        "@id": "node/7730161969",
        "addr:district": "Alappuzha",
        "addr:full": "Vyasapuram Road, Thalavady, Vyasapuram",
        "addr:postcode": "688521",
        "addr:state": "State Region",
        "amenity": "hospital",
        "name": "Nalanda Hospital",
        "source": "Local Knowledge"
      },
      "geometry": {
        "type": "Point",
        "coordinates": [
          76.3404512,
          9.5294275
        ]
      },
      "id": "node/7730161969"
    },
    {
      "type": "Feature",
      "properties": {
        "@id": "node/7730161970",
        "addr:district": "Alappuzha",
        "addr:full": "Budhanoor",
        "addr:postcode": "689624",
        "addr:state": "State Region",
        "amenity": "hospital",
        "name": "Ayush Public Health Centre",
        "source": "Local Knowledge"
      },
      "geometry": {
        "type": "Point",
        "coordinates": [
          76.5624121,
          9.3055693
        ]
      },
      "id": "node/7730161970"
    },
    {
      "type": "Feature",
      "properties": {
        "@id": "node/7730161971",
        "addr:district": "Alappuzha",
        "addr:full": "Mithrakari",
        "addr:postcode": "689595",
        "addr:state": "State Region",
        "amenity": "hospital",
        "healthcare": "hospital",
        "name": "Primary Health Center Muttar",
        "ref": "1238",
        "source": "Local Knowledge"
      },
      "geometry": {
        "type": "Point",
        "coordinates": [
          76.475457,
          9.412204
        ]
      },
      "id": "node/7730161971"
    },
    {
      "type": "Feature",
      "properties": {
        "@id": "node/7730161972",
        "addr:district": "Alappuzha",
        "addr:full": "Venmoney Chengannur Road, Venmony",
        "addr:postcode": "689509",
        "addr:state": "State Region",
        "amenity": "hospital",
        "healthcare": "hospital",
        "name": "St. Mary's Hospital",
        "source": "Local Knowledge"
      },
      "geometry": {
        "type": "Point",
        "coordinates": [
          76.613666,
          9.24355
        ]
      },
      "id": "node/7730161972"
    },
    {
      "type": "Feature",
      "properties": {
        "@id": "node/7730161973",
        "addr:district": "Alappuzha",
        "addr:full": "Ambalakkadavu, Mannanchery",
        "addr:postcode": "688538",
        "addr:state": "State Region",
        "amenity": "hospital",
        "healthcare": "hospital",
        "name": "Palmshade Hospital",
        "source": "Local Knowledge"
      },
      "geometry": {
        "type": "Point",
        "coordinates": [
          76.355492,
          9.576261
        ]
      },
      "id": "node/7730161973"
    },
    {
      "type": "Feature",
      "properties": {
        "@id": "node/7730161975",
        "addr:district": "Alappuzha",
        "addr:full": "Piralassery, Nikarumpuram, Mulakuzha",
        "addr:postcode": "689122",
        "addr:state": "State Region",
        "amenity": "hospital",
        "name": "Pavanatma Ayurveda Hospital",
        "source": "Local Knowledge"
      },
      "geometry": {
        "type": "Point",
        "coordinates": [
          76.6354983,
          9.3123758
        ]
      },
      "id": "node/7730161975"
    },
    {
      "type": "Feature",
      "properties": {
        "@id": "node/7730161979",
        "addr:district": "Alappuzha",
        "addr:full": "Pazhaveedu",
        "addr:postcode": "688009",
        "addr:state": "State Region",
        "amenity": "hospital",
        "name": "Pazhaveedu Medical Care",
        "source": "Local Knowledge"
      },
      "geometry": {
        "type": "Point",
        "coordinates": [
          76.3440956,
          9.4787201
        ]
      },
      "id": "node/7730161979"
    },
    {
      "type": "Feature",
      "properties": {
        "@id": "node/7730161980",
        "addr:district": "Alappuzha",
        "addr:full": "Budhanoor",
        "addr:postcode": "689624",
        "addr:state": "State Region",
        "amenity": "hospital",
        "name": "Ayurveda Hospital",
        "source": "Local Knowledge"
      },
      "geometry": {
        "type": "Point",
        "coordinates": [
          76.5646828,
          9.3100276
        ]
      },
      "id": "node/7730161980"
    },
    {
      "type": "Feature",
      "properties": {
        "@id": "node/7730161983",
        "addr:district": "Alappuzha",
        "addr:full": "Edathua, Kuttanad Taluk",
        "addr:postcode": "689573",
        "addr:state": "State Region",
        "amenity": "hospital",
        "name": "Kariparampil Hospital",
        "source": "Local Knowledge"
      },
      "geometry": {
        "type": "Point",
        "coordinates": [
          76.4806853,
          9.3660789
        ]
      },
      "id": "node/7730161983"
    },
    {
      "type": "Feature",
      "properties": {
        "@id": "node/7730161984",
        "addr:district": "Alappuzha",
        "addr:full": "Ambalapuzha Railway Station Road, Ambalapuzha",
        "addr:postcode": "688561",
        "addr:state": "State Region",
        "amenity": "hospital",
        "name": "VNM Hospital",
        "source": "Local Knowledge"
      },
      "geometry": {
        "type": "Point",
        "coordinates": [
          76.373188,
          9.3830646
        ]
      },
      "id": "node/7730161984"
    },
    {
      "type": "Feature",
      "properties": {
        "@id": "node/7730161985",
        "addr:city": "Alappuzha",
        "addr:district": "Alappuzha",
        "addr:full": "Moonnatiinmugham, Kuppapuram",
        "addr:postcode": "688006",
        "addr:state": "State Region",
        "addr:street": "Nehrutrophy",
        "amenity": "hospital",
        "description": "Urban Primary Health Centre",
        "healthcare": "hospital",
        "name": "Urban Primary Health Centre, Nehrutrophy",
        "source": "Local Knowledge"
      },
      "geometry": {
        "type": "Point",
        "coordinates": [
          76.360736,
          9.508863
        ]
      },
      "id": "node/7730161985"
    },
    {
      "type": "Feature",
      "properties": {
        "@id": "node/7730161986",
        "addr:district": "Alappuzha",
        "addr:full": "Kavunkal, Mannancherry",
        "addr:postcode": "688538",
        "addr:state": "State Region",
        "amenity": "hospital",
        "name": "We One Hospital",
        "source": "Local Knowledge"
      },
      "geometry": {
        "type": "Point",
        "coordinates": [
          76.3506992,
          9.5833352
        ]
      },
      "id": "node/7730161986"
    },
    {
      "type": "Feature",
      "properties": {
        "@id": "node/7730161988",
        "addr:district": "Alappuzha",
        "addr:full": "Ambalapuzha",
        "addr:postcode": "688561",
        "addr:state": "State Region",
        "amenity": "hospital",
        "name": "Dr. Jaya's Sreepadam Ayurveda Panchakarma Hospital",
        "source": "Local Knowledge"
      },
      "geometry": {
        "type": "Point",
        "coordinates": [
          76.356014,
          9.3849904
        ]
      },
      "id": "node/7730161988"
    },
    {
      "type": "Feature",
      "properties": {
        "@id": "node/7730161989",
        "addr:district": "Alappuzha",
        "addr:full": "Thalavady",
        "addr:postcode": "689112",
        "addr:state": "State Region",
        "amenity": "hospital",
        "name": "Dr. Atma Gopi Memorial Hospital",
        "source": "Local Knowledge"
      },
      "geometry": {
        "type": "Point",
        "coordinates": [
          76.5096581,
          9.3733249
        ]
      },
      "id": "node/7730161989"
    },
    {
      "type": "Feature",
      "properties": {
        "@id": "node/7730161990",
        "addr:district": "Alappuzha",
        "addr:full": "Kidangara",
        "addr:postcode": "686102",
        "addr:state": "State Region",
        "amenity": "hospital",
        "description": "Community Health Centre",
        "healthcare": "hospital",
        "name": "Community Health Centre Kurathikad",
        "operator": "Department of Health and Family Welfare",
        "operator:type": "government",
        "source": "Local Knowledge"
      },
      "geometry": {
        "type": "Point",
        "coordinates": [
          76.4894555,
          9.4251591
        ]
      },
      "id": "node/7730161990"
    },
    {
      "type": "Feature",
      "properties": {
        "@id": "node/7730161994",
        "addr:district": "Alappuzha",
        "addr:full": "Danapady - Kayamkulam Road, Karthikapally",
        "addr:postcode": "690516",
        "addr:state": "State Region",
        "amenity": "hospital",
        "name": "Government Ayurveda Hospital",
        "source": "Local Knowledge"
      },
      "geometry": {
        "type": "Point",
        "coordinates": [
          76.4508107,
          9.2558926
        ]
      },
      "id": "node/7730161994"
    },
    {
      "type": "Feature",
      "properties": {
        "@id": "node/7730161998",
        "addr:district": "Alappuzha",
        "addr:full": "Haripad",
        "addr:postcode": "690514",
        "addr:state": "State Region",
        "amenity": "hospital",
        "healthcare": "hospital",
        "healthcare:speciality": "general;chiropractic;gynaecology;ophthalmology;paediatrics;surgery;radiology;cardiology",
        "name": "Carecraft Hospital",
        "source": "Local Knowledge",
        "wheelchair": "yes"
      },
      "geometry": {
        "type": "Point",
        "coordinates": [
          76.439414,
          9.284486
        ]
      },
      "id": "node/7730161998"
    },
    {
      "type": "Feature",
      "properties": {
        "@id": "node/7730162000",
        "addr:district": "Alappuzha",
        "addr:full": "Haripad",
        "addr:postcode": "690548",
        "addr:state": "State Region",
        "amenity": "hospital",
        "name": "Deepa Hospital",
        "source": "Local Knowledge"
      },
      "geometry": {
        "type": "Point",
        "coordinates": [
          76.4405647,
          9.2834853
        ]
      },
      "id": "node/7730162000"
    },
    {
      "type": "Feature",
      "properties": {
        "@id": "node/7730162001",
        "addr:district": "Alappuzha",
        "addr:full": "Vellakkinar",
        "addr:postcode": "688011",
        "addr:state": "State Region",
        "amenity": "hospital",
        "name": "Mathery Trust Hospital",
        "source": "Local Knowledge"
      },
      "geometry": {
        "type": "Point",
        "coordinates": [
          76.3380375,
          9.4909243
        ]
      },
      "id": "node/7730162001"
    },
    {
      "type": "Feature",
      "properties": {
        "@id": "node/7730429690",
        "addr:district": "Pathanamthitta",
        "addr:full": "Kozhencherry",
        "addr:postcode": "689643",
        "addr:state": "State Region",
        "amenity": "hospital",
        "name": "Healing Mission Hospital",
        "source": "Local Knowledge"
      },
      "geometry": {
        "type": "Point",
        "coordinates": [
          76.7093358,
          9.3138735
        ]
      },
      "id": "node/7730429690"
    },
    {
      "type": "Feature",
      "properties": {
        "@id": "node/7730429691",
        "addr:district": "Pathanamthitta",
        "addr:full": "Kozhencherry",
        "addr:postcode": "689641",
        "addr:state": "State Region",
        "amenity": "hospital",
        "name": "Chackalayil Ayurveda Paramparya Sidha Marma Hospital",
        "source": "Local Knowledge"
      },
      "geometry": {
        "type": "Point",
        "coordinates": [
          76.7110966,
          9.3320455
        ]
      },
      "id": "node/7730429691"
    },
    {
      "type": "Feature",
      "properties": {
        "@id": "node/7730429694",
        "addr:district": "Pathanamthitta",
        "addr:full": "Thadiyoor",
        "addr:postcode": "689545",
        "addr:state": "State Region",
        "amenity": "hospital",
        "healthcare": "hospital",
        "name": "DMC Hospital",
        "source": "Local Knowledge"
      },
      "geometry": {
        "type": "Point",
        "coordinates": [
          76.7098688,
          9.3830055
        ]
      },
      "id": "node/7730429694"
    },
    {
      "type": "Feature",
      "properties": {
        "@id": "node/7730429698",
        "addr:district": "Pathanamthitta",
        "addr:full": "Pathanamthitta",
        "addr:postcode": "689645",
        "addr:state": "State Region",
        "amenity": "hospital",
        "name": "Ahalia Eye Hospital",
        "source": "Local Knowledge"
      },
      "geometry": {
        "type": "Point",
        "coordinates": [
          76.7835319,
          9.2629217
        ]
      },
      "id": "node/7730429698"
    },
    {
      "type": "Feature",
      "properties": {
        "@id": "node/7730429701",
        "addr:district": "Pathanamthitta",
        "addr:full": "Kollam -Theni Highway, Thirumoolapuram, Thiruvalla",
        "addr:postcode": "689115",
        "addr:state": "State Region",
        "amenity": "hospital",
        "name": "Sanjivini Multi Speciality Hospital",
        "source": "Local Knowledge"
      },
      "geometry": {
        "type": "Point",
        "coordinates": [
          76.5849997,
          9.3644796
        ]
      },
      "id": "node/7730429701"
    },
    {
      "type": "Feature",
      "properties": {
        "@id": "node/7730429703",
        "addr:district": "Pathanamthitta",
        "addr:full": "Pandalam",
        "addr:postcode": "689501",
        "addr:state": "State Region",
        "amenity": "hospital",
        "name": "Parayil SM Hospital",
        "source": "Local Knowledge"
      },
      "geometry": {
        "type": "Point",
        "coordinates": [
          76.6798195,
          9.2252172
        ]
      },
      "id": "node/7730429703"
    },
    {
      "type": "Feature",
      "properties": {
        "@id": "node/7730429709",
        "addr:district": "Pathanamthitta",
        "addr:full": "Eraviperoor",
        "addr:postcode": "689542",
        "addr:state": "State Region",
        "amenity": "hospital",
        "name": "St.Mary's Mission Hospital",
        "source": "Local Knowledge"
      },
      "geometry": {
        "type": "Point",
        "coordinates": [
          76.6135965,
          9.3743835
        ]
      },
      "id": "node/7730429709"
    },
    {
      "type": "Feature",
      "properties": {
        "@id": "node/7730429711",
        "addr:district": "Pathanamthitta",
        "addr:full": "Maramon",
        "addr:state": "State Region",
        "amenity": "hospital",
        "name": "Mulavoor Ayurveda and Panchakarma Hospital",
        "source": "Local Knowledge"
      },
      "geometry": {
        "type": "Point",
        "coordinates": [
          76.7022601,
          9.3387783
        ]
      },
      "id": "node/7730429711"
    },
    {
      "type": "Feature",
      "properties": {
        "@id": "node/7730429713",
        "addr:district": "Pathanamthitta",
        "addr:full": "Kozhencherry",
        "addr:postcode": "689641",
        "addr:state": "State Region",
        "amenity": "hospital",
        "name": "Ayurdhama Ayurvedic Hospital & Research Centre",
        "source": "Local Knowledge"
      },
      "geometry": {
        "type": "Point",
        "coordinates": [
          76.7050838,
          9.3360133
        ]
      },
      "id": "node/7730429713"
    },
    {
      "type": "Feature",
      "properties": {
        "@id": "node/7730429717",
        "addr:district": "Pathanamthitta",
        "addr:full": "Chethomkara, Ranni",
        "addr:postcode": "689673",
        "addr:state": "State Region",
        "amenity": "hospital",
        "name": "Dr. Basheer Ayurvedic Hospital",
        "source": "Local Knowledge"
      },
      "geometry": {
        "type": "Point",
        "coordinates": [
          76.7936493,
          9.3933557
        ]
      },
      "id": "node/7730429717"
    },
    {
      "type": "Feature",
      "properties": {
        "@id": "node/7730429718",
        "addr:district": "Pathanamthitta",
        "addr:full": "Ranni",
        "addr:postcode": "689673",
        "addr:state": "State Region",
        "amenity": "hospital",
        "name": "Anantha Homoeo Hospital",
        "source": "Local Knowledge"
      },
      "geometry": {
        "type": "Point",
        "coordinates": [
          76.7883923,
          9.3857899
        ]
      },
      "id": "node/7730429718"
    },
    {
      "type": "Feature",
      "properties": {
        "@id": "node/7730429719",
        "addr:district": "Pathanamthitta",
        "addr:full": "Kozhencherry",
        "addr:postcode": "689641",
        "addr:state": "State Region",
        "amenity": "hospital",
        "name": "Children's Hospital",
        "source": "Local Knowledge"
      },
      "geometry": {
        "type": "Point",
        "coordinates": [
          76.709533,
          9.337278
        ]
      },
      "id": "node/7730429719"
    },
    {
      "type": "Feature",
      "properties": {
        "@id": "node/7730429725",
        "addr:district": "Pathanamthitta",
        "addr:full": "Anjanam, Thymala, Manjadi Pathanamthitta, Thiruvalla",
        "addr:postcode": "689105",
        "addr:state": "State Region",
        "amenity": "hospital",
        "name": "Sudarshanam Ayurveda Eye Hospital & Panchakarma Centre",
        "source": "Local Knowledge"
      },
      "geometry": {
        "type": "Point",
        "coordinates": [
          76.5876723,
          9.3789602
        ]
      },
      "id": "node/7730429725"
    },
    {
      "type": "Feature",
      "properties": {
        "@id": "node/7730429726",
        "addr:district": "Pathanamthitta",
        "addr:full": "Ramanchira",
        "addr:postcode": "689101",
        "addr:state": "State Region",
        "amenity": "hospital",
        "name": "Nakkada Mission Hospital",
        "source": "Local Knowledge"
      },
      "geometry": {
        "type": "Point",
        "coordinates": [
          76.5716902,
          9.3896939
        ]
      },
      "id": "node/7730429726"
    },
    {
      "type": "Feature",
      "properties": {
        "@id": "node/7730429734",
        "addr:district": "Pathanamthitta",
        "addr:full": "Mallappally",
        "addr:postcode": "689587",
        "addr:state": "State Region",
        "amenity": "hospital",
        "healthcare": "hospital",
        "name": "Rev. George Matthen Medical Mission Hospital",
        "source": "Local Knowledge",
        "wikidata": "Q48729714"
      },
      "geometry": {
        "type": "Point",
        "coordinates": [
          76.6645794,
          9.4456346
        ]
      },
      "id": "node/7730429734"
    },
    {
      "type": "Feature",
      "properties": {
        "@id": "node/7730429735",
        "addr:district": "Pathanamthitta",
        "addr:full": "Aranmula - Pandalam Road, Kidangannoor",
        "addr:postcode": "689514",
        "addr:state": "State Region",
        "amenity": "hospital",
        "name": "S.H Hospital",
        "source": "Local Knowledge"
      },
      "geometry": {
        "type": "Point",
        "coordinates": [
          76.6879772,
          9.2965613
        ]
      },
      "id": "node/7730429735"
    },
    {
      "type": "Feature",
      "properties": {
        "@id": "node/7730429738",
        "addr:district": "Pathanamthitta",
        "addr:full": "Aranmula",
        "addr:postcode": "689533",
        "addr:state": "State Region",
        "amenity": "hospital",
        "name": "Excel Hospital",
        "source": "Local Knowledge"
      },
      "geometry": {
        "type": "Point",
        "coordinates": [
          76.6840648,
          9.3247384
        ]
      },
      "id": "node/7730429738"
    },
    {
      "type": "Feature",
      "properties": {
        "@id": "node/7730429739",
        "addr:district": "Pathanamthitta",
        "addr:full": "Kozhencherry",
        "addr:postcode": "689654",
        "addr:state": "State Region",
        "amenity": "hospital",
        "name": "Dinachakra Hospital",
        "source": "Local Knowledge"
      },
      "geometry": {
        "type": "Point",
        "coordinates": [
          76.7086757,
          9.3293528
        ]
      },
      "id": "node/7730429739"
    },
    {
      "type": "Feature",
      "properties": {
        "@id": "node/7730429741",
        "addr:district": "Pathanamthitta",
        "addr:full": "Ayroor",
        "addr:postcode": "689611",
        "addr:state": "State Region",
        "amenity": "hospital",
        "name": "SS Hospital Polyclinic",
        "source": "Local Knowledge"
      },
      "geometry": {
        "type": "Point",
        "coordinates": [
          76.7382844,
          9.3536657
        ]
      },
      "id": "node/7730429741"
    },
    {
      "type": "Feature",
      "properties": {
        "@id": "node/7730429742",
        "addr:district": "Pathanamthitta",
        "addr:full": "Thiruvalla",
        "addr:postcode": "689101",
        "addr:state": "State Region",
        "amenity": "hospital",
        "name": "Rishi Ayurveda Hospital",
        "source": "Local Knowledge"
      },
      "geometry": {
        "type": "Point",
        "coordinates": [
          76.5681186,
          9.378322
        ]
      },
      "id": "node/7730429742"
    },
    {
      "type": "Feature",
      "properties": {
        "@id": "node/7730429743",
        "addr:district": "Pathanamthitta",
        "addr:full": "Eraviperoor",
        "addr:postcode": "689541",
        "addr:state": "State Region",
        "amenity": "hospital",
        "name": "Vallamkulam Hospital",
        "source": "Local Knowledge"
      },
      "geometry": {
        "type": "Point",
        "coordinates": [
          76.6205491,
          9.3856306
        ]
      },
      "id": "node/7730429743"
    },
    {
      "type": "Feature",
      "properties": {
        "@id": "node/7730429745",
        "addr:district": "Pathanamthitta",
        "addr:full": "Parackathanam, Kottenkudy",
        "addr:postcode": "689586",
        "addr:state": "State Region",
        "amenity": "hospital",
        "name": "Rev. W.C. Cherian Memorial Hospital",
        "source": "Local Knowledge"
      },
      "geometry": {
        "type": "Point",
        "coordinates": [
          76.6904559,
          9.4306383
        ]
      },
      "id": "node/7730429745"
    },
    {
      "type": "Feature",
      "properties": {
        "@id": "node/7730429746",
        "addr:district": "Pathanamthitta",
        "addr:full": "Pathanamthitta",
        "addr:postcode": "689668",
        "addr:state": "State Region",
        "amenity": "hospital",
        "name": "Nedumcheril Hospital",
        "source": "Local Knowledge"
      },
      "geometry": {
        "type": "Point",
        "coordinates": [
          76.7730422,
          9.2957419
        ]
      },
      "id": "node/7730429746"
    },
    {
      "type": "Feature",
      "properties": {
        "@id": "node/7730429747",
        "addr:district": "Pathanamthitta",
        "addr:full": "Oonnukal",
        "addr:postcode": "689647",
        "addr:state": "State Region",
        "amenity": "hospital",
        "name": "Dinachakra Hospital",
        "source": "Local Knowledge"
      },
      "geometry": {
        "type": "Point",
        "coordinates": [
          76.7272669,
          9.2556197
        ]
      },
      "id": "node/7730429747"
    },
    {
      "type": "Feature",
      "properties": {
        "@id": "node/7730429751",
        "addr:district": "Pathanamthitta",
        "addr:full": "Kozhencherry",
        "addr:postcode": "689641",
        "addr:state": "State Region",
        "amenity": "hospital",
        "name": "Immanuel Homeo Hospital",
        "source": "Local Knowledge"
      },
      "geometry": {
        "type": "Point",
        "coordinates": [
          76.7085442,
          9.3374136
        ]
      },
      "id": "node/7730429751"
    },
    {
      "type": "Feature",
      "properties": {
        "@id": "node/7730429754",
        "addr:district": "Pathanamthitta",
        "addr:full": "Pandalam",
        "addr:postcode": "689501",
        "addr:state": "State Region",
        "amenity": "hospital",
        "healthcare": "hospital",
        "name": "CT Rafa Hospital",
        "source": "Local Knowledge"
      },
      "geometry": {
        "type": "Point",
        "coordinates": [
          76.6830783,
          9.2245276
        ]
      },
      "id": "node/7730429754"
    },
    {
      "type": "Feature",
      "properties": {
        "@id": "node/7730429757",
        "addr:district": "Pathanamthitta",
        "addr:full": "Pathanamthitta",
        "addr:postcode": "689645",
        "addr:state": "State Region",
        "amenity": "hospital",
        "name": "Good Samaritan Hospital",
        "source": "Local Knowledge"
      },
      "geometry": {
        "type": "Point",
        "coordinates": [
          76.784102,
          9.2642644
        ]
      },
      "id": "node/7730429757"
    },
    {
      "type": "Feature",
      "properties": {
        "@id": "node/7730429760",
        "addr:district": "Pathanamthitta",
        "addr:full": "Ranni",
        "addr:postcode": "689673",
        "addr:state": "State Region",
        "amenity": "hospital",
        "name": "Aswini Ayurveda Hospital",
        "source": "Local Knowledge"
      },
      "geometry": {
        "type": "Point",
        "coordinates": [
          76.792458,
          9.38241
        ]
      },
      "id": "node/7730429760"
    },
    {
      "type": "Feature",
      "properties": {
        "@id": "node/7733212382",
        "addr:district": "Kottayam",
        "addr:full": "Mannam Road, Changanassery",
        "addr:postcode": "686102",
        "addr:state": "State Region",
        "amenity": "hospital",
        "name": "Sree Sankara Ayurveda Vaidyashala",
        "source": "Local Knowledge"
      },
      "geometry": {
        "type": "Point",
        "coordinates": [
          76.5478009,
          9.4390089
        ]
      },
      "id": "node/7733212382"
    },
    {
      "type": "Feature",
      "properties": {
        "@id": "node/7733212383",
        "addr:district": "Kottayam",
        "addr:postcode": "686016",
        "addr:state": "State Region",
        "amenity": "hospital",
        "healthcare": "hospital",
        "name": "Chaithanya Eye Hospital & Research Institute",
        "source": "Local Knowledge"
      },
      "geometry": {
        "type": "Point",
        "coordinates": [
          76.5433612,
          9.632354
        ]
      },
      "id": "node/7733212383"
    },
    {
      "type": "Feature",
      "properties": {
        "@id": "node/7733212386",
        "addr:district": "Kottayam",
        "addr:full": "Pariyaram, Puthuppally",
        "addr:postcode": "686021",
        "addr:state": "State Region",
        "amenity": "hospital",
        "healthcare": "hospital",
        "name": "Leela Hospital",
        "source": "Local Knowledge"
      },
      "geometry": {
        "type": "Point",
        "coordinates": [
          76.5977549,
          9.5432932
        ]
      },
      "id": "node/7733212386"
    },
    {
      "type": "Feature",
      "properties": {
        "@id": "node/7733212387",
        "addr:district": "Kottayam",
        "addr:full": "Koothrapally, Karukachal",
        "addr:postcode": "686540",
        "addr:state": "State Region",
        "amenity": "hospital",
        "name": "Sreeshylam Ayurveda Hospital",
        "source": "Local Knowledge"
      },
      "geometry": {
        "type": "Point",
        "coordinates": [
          76.6297089,
          9.4971955
        ]
      },
      "id": "node/7733212387"
    },
    {
      "type": "Feature",
      "properties": {
        "@id": "node/7733212388",
        "addr:district": "Kottayam",
        "addr:full": "Vadavathoor",
        "addr:postcode": "686010",
        "addr:state": "State Region",
        "amenity": "hospital",
        "healthcare": "hospital",
        "name": "ESI Hospital",
        "operator": "Employees' State Insurance",
        "operator:short": "ESI",
        "operator:wikidata": "Q3595726",
        "source": "Local Knowledge"
      },
      "geometry": {
        "type": "Point",
        "coordinates": [
          76.5639493,
          9.598346
        ]
      },
      "id": "node/7733212388"
    },
    {
      "type": "Feature",
      "properties": {
        "@id": "node/7733212389",
        "addr:district": "Kottayam",
        "addr:full": "Mundakayam",
        "addr:postcode": "686513",
        "addr:state": "State Region",
        "amenity": "hospital",
        "healthcare": "hospital",
        "name": "New Vision Eye Hospital",
        "source": "Local Knowledge"
      },
      "geometry": {
        "type": "Point",
        "coordinates": [
          76.8867104,
          9.5370226
        ]
      },
      "id": "node/7733212389"
    },
    {
      "type": "Feature",
      "properties": {
        "@id": "node/7733212390",
        "addr:district": "Kottayam",
        "addr:full": "Mundakayam Varikani",
        "addr:postcode": "686513",
        "addr:state": "State Region",
        "amenity": "hospital",
        "name": "Kalapurackal Ayurveda Hospital",
        "source": "Local Knowledge"
      },
      "geometry": {
        "type": "Point",
        "coordinates": [
          76.8879558,
          9.5363278
        ]
      },
      "id": "node/7733212390"
    },
    {
      "type": "Feature",
      "properties": {
        "@id": "node/7733212391",
        "addr:district": "Kottayam",
        "addr:full": "Kottayam",
        "addr:postcode": "686542",
        "addr:state": "State Region",
        "amenity": "hospital",
        "name": "Agappe Hospital",
        "source": "Local Knowledge"
      },
      "geometry": {
        "type": "Point",
        "coordinates": [
          76.658183,
          9.489888
        ]
      },
      "id": "node/7733212391"
    },
    {
      "type": "Feature",
      "properties": {
        "@id": "node/7733212393",
        "addr:district": "Kottayam",
        "addr:full": "Kuzhimattom",
        "addr:postcode": "686532",
        "addr:state": "State Region",
        "amenity": "hospital",
        "name": "State Region State Homeo Medical College and Hospital",
        "source": "Local Knowledge"
      },
      "geometry": {
        "type": "Point",
        "coordinates": [
          76.533903,
          9.5095851
        ]
      },
      "id": "node/7733212393"
    },
    {
      "type": "Feature",
      "properties": {
        "@id": "node/7733212395",
        "addr:district": "Kottayam",
        "addr:full": "Kottayam - Kumily Road, Vadavathoor",
        "addr:postcode": "686010",
        "addr:state": "State Region",
        "amenity": "hospital",
        "healthcare": "hospital",
        "name": "JK Hospital",
        "source": "Local Knowledge"
      },
      "geometry": {
        "type": "Point",
        "coordinates": [
          76.5611036,
          9.5914418
        ]
      },
      "id": "node/7733212395"
    },
    {
      "type": "Feature",
      "properties": {
        "@id": "node/7733212397",
        "addr:district": "Kottayam",
        "addr:full": "Muthiramala Chelakompu Road",
        "addr:postcode": "686542",
        "addr:state": "State Region",
        "amenity": "hospital",
        "name": "Rev. Koshy Chavanickamannil Memorial Hospital",
        "source": "Local Knowledge"
      },
      "geometry": {
        "type": "Point",
        "coordinates": [
          76.6581762,
          9.4899142
        ]
      },
      "id": "node/7733212397"
    },
    {
      "type": "Feature",
      "properties": {
        "@id": "node/7733212402",
        "addr:district": "Kottayam",
        "addr:full": "Kottayam, Mundakayam",
        "addr:postcode": "686513",
        "addr:state": "State Region",
        "amenity": "hospital",
        "name": "Peoples Hospital",
        "source": "Local Knowledge"
      },
      "geometry": {
        "type": "Point",
        "coordinates": [
          76.8826989,
          9.5389051
        ]
      },
      "id": "node/7733212402"
    },
    {
      "type": "Feature",
      "properties": {
        "@id": "node/7733212408",
        "addr:district": "Kottayam",
        "addr:full": "Changanassery",
        "addr:postcode": "686101",
        "addr:state": "State Region",
        "amenity": "hospital",
        "name": "Christeena Eye Hospital",
        "source": "Local Knowledge"
      },
      "geometry": {
        "type": "Point",
        "coordinates": [
          76.5390835,
          9.4462593
        ]
      },
      "id": "node/7733212408"
    },
    {
      "type": "Feature",
      "properties": {
        "@id": "node/7733212409",
        "addr:district": "Kottayam",
        "addr:full": "Stadium Road, Changanassery",
        "addr:postcode": "686101",
        "addr:state": "State Region",
        "amenity": "hospital",
        "name": "Unnithan's Ayurveda Hospital and Research Centre",
        "source": "Local Knowledge"
      },
      "geometry": {
        "type": "Point",
        "coordinates": [
          76.538677,
          9.4434046
        ]
      },
      "id": "node/7733212409"
    },
    {
      "type": "Feature",
      "properties": {
        "@id": "node/7733212414",
        "addr:district": "Kottayam",
        "addr:full": "Changanassery - Vazhoor Road",
        "addr:postcode": "686101",
        "addr:state": "State Region",
        "amenity": "hospital",
        "name": "The Homoeopathic Multi Speciality Hospital & Research Centre",
        "source": "Local Knowledge"
      },
      "geometry": {
        "type": "Point",
        "coordinates": [
          76.5418552,
          9.4473148
        ]
      },
      "id": "node/7733212414"
    },
    {
      "type": "Feature",
      "properties": {
        "@id": "node/7733212415",
        "addr:district": "Kottayam",
        "addr:full": "Cheruthuruthy, Thuruthy, Vazhappally",
        "addr:postcode": "686535",
        "addr:state": "State Region",
        "amenity": "hospital",
        "name": "St. Jude Hospital",
        "source": "Local Knowledge"
      },
      "geometry": {
        "type": "Point",
        "coordinates": [
          76.514694,
          9.479214
        ]
      },
      "id": "node/7733212415"
    },
    {
      "type": "Feature",
      "properties": {
        "@id": "node/7733212417",
        "addr:district": "Kottayam",
        "addr:full": "Kothala",
        "addr:postcode": "686502",
        "addr:state": "State Region",
        "amenity": "hospital",
        "healthcare": "hospital",
        "name": "Government Ayurvedic Hospital",
        "source": "Local Knowledge"
      },
      "geometry": {
        "type": "Point",
        "coordinates": [
          76.6604848,
          9.5752936
        ]
      },
      "id": "node/7733212417"
    },
    {
      "type": "Feature",
      "properties": {
        "@id": "node/7733212424",
        "addr:district": "Kottayam",
        "addr:full": "Poonjar Town Road, Poonjar",
        "addr:postcode": "686582",
        "addr:state": "State Region",
        "amenity": "hospital",
        "name": "Gejo Hospital",
        "source": "Local Knowledge"
      },
      "geometry": {
        "type": "Point",
        "coordinates": [
          76.813853,
          9.675235
        ]
      },
      "id": "node/7733212424"
    },
    {
      "type": "Feature",
      "properties": {
        "@id": "node/7733212428",
        "addr:district": "Kottayam",
        "addr:full": "Vaikom",
        "addr:postcode": "686606",
        "addr:state": "State Region",
        "amenity": "hospital",
        "name": "Indo American Hospital",
        "source": "Local Knowledge"
      },
      "geometry": {
        "type": "Point",
        "coordinates": [
          76.3925812,
          9.7216807
        ]
      },
      "id": "node/7733212428"
    },
    {
      "type": "Feature",
      "properties": {
        "@id": "node/7733212429",
        "addr:district": "Kottayam",
        "addr:full": "Perunna, Changanassery, Perunna",
        "addr:postcode": "686102",
        "addr:state": "State Region",
        "amenity": "hospital",
        "name": "Amba Ayurveda Hospital",
        "source": "Local Knowledge"
      },
      "geometry": {
        "type": "Point",
        "coordinates": [
          76.5431334,
          9.4329244
        ]
      },
      "id": "node/7733212429"
    },
    {
      "type": "Feature",
      "properties": {
        "@id": "node/7733212430",
        "addr:district": "Kottayam",
        "addr:full": "Karikkattoor",
        "addr:postcode": "686544",
        "addr:state": "State Region",
        "amenity": "hospital",
        "name": "Beth Hesdha Naturopathic Hospital",
        "source": "Local Knowledge"
      },
      "geometry": {
        "type": "Point",
        "coordinates": [
          76.7622196,
          9.4854622
        ]
      },
      "id": "node/7733212430"
    },
    {
      "type": "Feature",
      "properties": {
        "@id": "node/7733212433",
        "addr:district": "Kottayam",
        "addr:full": "Chingavanam",
        "addr:postcode": "686532",
        "addr:state": "State Region",
        "amenity": "hospital",
        "healthcare": "hospital",
        "name": "Jacobs Hospital",
        "source": "Local Knowledge"
      },
      "geometry": {
        "type": "Point",
        "coordinates": [
          76.52692,
          9.515702
        ]
      },
      "id": "node/7733212433"
    },
    {
      "type": "Feature",
      "properties": {
        "@id": "node/7733212439",
        "addr:district": "Kottayam",
        "addr:full": "Aruvithura, Erattupetta",
        "addr:postcode": "686121",
        "addr:state": "State Region",
        "amenity": "hospital",
        "healthcare": "hospital",
        "name": "Thekkekara Hospital",
        "source": "Local Knowledge"
      },
      "geometry": {
        "type": "Point",
        "coordinates": [
          76.778112,
          9.684611
        ]
      },
      "id": "node/7733212439"
    },
    {
      "type": "Feature",
      "properties": {
        "@id": "node/7787296373",
        "addr:city": "PANDALAM",
        "amenity": "hospital",
        "emergency": "yes",
        "healthcare": "hospital",
        "name": "Casuality"
      },
      "geometry": {
        "type": "Point",
        "coordinates": [
          76.680248,
          9.2153603
        ]
      },
      "id": "node/7787296373"
    },
    {
      "type": "Feature",
      "properties": {
        "@id": "node/7804782145",
        "addr:city": "Vadasserikkara",
        "addr:postcode": "689662",
        "addr:street": "Adoor - Vandiperiyar Highway",
        "amenity": "hospital",
        "healthcare": "hospital",
        "name": "Vadasserikara Government Ayurveda Hospital"
      },
      "geometry": {
        "type": "Point",
        "coordinates": [
          76.8311128,
          9.3418609
        ]
      },
      "id": "node/7804782145"
    },
    {
      "type": "Feature",
      "properties": {
        "@id": "node/8067619396",
        "addr:city": "cheppad",
        "addr:postcode": "690507",
        "addr:street": "cheppad",
        "amenity": "hospital",
        "healthcare": "hospital",
        "name": "Govt Ayurveda Hospital"
      },
      "geometry": {
        "type": "Point",
        "coordinates": [
          76.471386,
          9.2365308
        ]
      },
      "id": "node/8067619396"
    },
    {
      "type": "Feature",
      "properties": {
        "@id": "node/8073713224",
        "amenity": "hospital",
        "healthcare": "hospital",
        "name": "Veterinary Hospital Naranammoozhy",
        "operator": "Government",
        "operator:type": "government"
      },
      "geometry": {
        "type": "Point",
        "coordinates": [
          76.8407661,
          9.3944118
        ]
      },
      "id": "node/8073713224"
    },
    {
      "type": "Feature",
      "properties": {
        "@id": "node/8075455507",
        "amenity": "hospital",
        "healthcare": "hospital",
        "name": "Mammen Memorial Hospital, Chengannur"
      },
      "geometry": {
        "type": "Point",
        "coordinates": [
          76.6115334,
          9.3198636
        ]
      },
      "id": "node/8075455507"
    },
    {
      "type": "Feature",
      "properties": {
        "@id": "node/8080242692",
        "addr:city": "Kuninji",
        "addr:postcode": "685583",
        "addr:street": "Kuninji -Panakalchal Road",
        "amenity": "hospital",
        "healthcare": "hospital",
        "healthcare:speciality": "general",
        "name": "Government Homeo Dispensary Kuninji",
        "operator:type": "government"
      },
      "geometry": {
        "type": "Point",
        "coordinates": [
          76.6497845,
          9.8465752
        ]
      },
      "id": "node/8080242692"
    },
    {
      "type": "Feature",
      "properties": {
        "@id": "node/8294368534",
        "amenity": "hospital",
        "healthcare": "hospital",
        "name": "Coorperative Hospital Kaduthuruthy"
      },
      "geometry": {
        "type": "Point",
        "coordinates": [
          76.4936372,
          9.7662816
        ]
      },
      "id": "node/8294368534"
    },
    {
      "type": "Feature",
      "properties": {
        "@id": "node/8314986663",
        "amenity": "hospital",
        "healthcare": "hospital",
        "name": "Karikulam PHC"
      },
      "geometry": {
        "type": "Point",
        "coordinates": [
          76.8039747,
          9.3942371
        ]
      },
      "id": "node/8314986663"
    },
    {
      "type": "Feature",
      "properties": {
        "@id": "node/8320477669",
        "amenity": "hospital",
        "healthcare": "hospital",
        "name": "homeo clinic"
      },
      "geometry": {
        "type": "Point",
        "coordinates": [
          76.6263582,
          9.4559885
        ]
      },
      "id": "node/8320477669"
    },
    {
      "type": "Feature",
      "properties": {
        "@id": "node/8329710817",
        "amenity": "hospital",
        "healthcare": "hospital",
        "name": "sanjeevani hospital ground"
      },
      "geometry": {
        "type": "Point",
        "coordinates": [
          76.5959409,
          9.2592163
        ]
      },
      "id": "node/8329710817"
    },
    {
      "type": "Feature",
      "properties": {
        "@id": "node/8347354856",
        "amenity": "hospital",
        "healthcare": "hospital",
        "name": "SANJEEVANI MULTI SPECIALITY HOSPITAL, CHERIYANAD, CHENGANNUR"
      },
      "geometry": {
        "type": "Point",
        "coordinates": [
          76.59615,
          9.2592207
        ]
      },
      "id": "node/8347354856"
    },
    {
      "type": "Feature",
      "properties": {
        "@id": "node/8389390213",
        "addr:city": "Mukoottuthara",
        "addr:postcode": "686510",
        "addr:street": "Mukkoottuthara - Chathenthara Road",
        "amenity": "hospital",
        "healthcare": "hospital",
        "healthcare:speciality": "general",
        "name": "Cherupusppm Hospital",
        "operator": "Dr. Mathew",
        "operator:type": "private"
      },
      "geometry": {
        "type": "Point",
        "coordinates": [
          76.8787227,
          9.4411014
        ]
      },
      "id": "node/8389390213"
    },
    {
      "type": "Feature",
      "properties": {
        "@id": "node/8398768934",
        "addr:street": "Dindigul-Theni-Kottarakara Highway",
        "amenity": "hospital",
        "healthcare": "hospital",
        "name": "Homeo Dispensary",
        "name:ml": "ഹോമിയോ ഡിസ്പെന്‍സറി"
      },
      "geometry": {
        "type": "Point",
        "coordinates": [
          76.7791587,
          9.378468
        ]
      },
      "id": "node/8398768934"
    },
    {
      "type": "Feature",
      "properties": {
        "@id": "node/8403626717",
        "amenity": "hospital",
        "healthcare": "hospital",
        "name": "Nirmala Hospital Anickadu",
        "survey:date": "2021-02-08"
      },
      "geometry": {
        "type": "Point",
        "coordinates": [
          76.6964176,
          9.6030591
        ]
      },
      "id": "node/8403626717"
    },
    {
      "type": "Feature",
      "properties": {
        "@id": "node/8417260211",
        "addr:postcode": "689101",
        "amenity": "hospital",
        "healthcare": "hospital",
        "location": "9.3771936,76.5685048",
        "name": "Thiruvalla medical mission hospital",
        "operator": "PRIVATE",
        "operator:type": "private"
      },
      "geometry": {
        "type": "Point",
        "coordinates": [
          76.5788126,
          9.3934202
        ]
      },
      "id": "node/8417260211"
    },
    {
      "type": "Feature",
      "properties": {
        "@id": "node/8418831838",
        "amenity": "hospital",
        "healthcare": "hospital",
        "name": "VAKATHANAM GOVERNMENT HOSPITAL"
      },
      "geometry": {
        "type": "Point",
        "coordinates": [
          76.568496,
          9.512458
        ]
      },
      "id": "node/8418831838"
    },
    {
      "type": "Feature",
      "properties": {
        "@id": "node/8419808840",
        "amenity": "hospital",
        "healthcare": "hospital",
        "name": "ECHS POLYCLINIC",
        "operator:type": "government",
        "phone": "+91-481 2372661"
      },
      "geometry": {
        "type": "Point",
        "coordinates": [
          76.5837421,
          9.5860683
        ]
      },
      "id": "node/8419808840"
    },
    {
      "type": "Feature",
      "properties": {
        "@id": "node/8442145913",
        "amenity": "hospital",
        "healthcare": "hospital",
        "name": "xpal skin care"
      },
      "geometry": {
        "type": "Point",
        "coordinates": [
          76.5613358,
          9.7513949
        ]
      },
      "id": "node/8442145913"
    },
    {
      "type": "Feature",
      "properties": {
        "@id": "node/8563861551",
        "amenity": "hospital",
        "healthcare": "hospital",
        "name": "Deepa Hospital"
      },
      "geometry": {
        "type": "Point",
        "coordinates": [
          76.4337764,
          9.3023052
        ]
      },
      "id": "node/8563861551"
    },
    {
      "type": "Feature",
      "properties": {
        "@id": "node/8564003787",
        "amenity": "hospital",
        "healthcare": "hospital",
        "name": "ARM Medical center"
      },
      "geometry": {
        "type": "Point",
        "coordinates": [
          76.4263568,
          9.3175998
        ]
      },
      "id": "node/8564003787"
    },
    {
      "type": "Feature",
      "properties": {
        "@id": "node/8564003794",
        "amenity": "hospital",
        "healthcare": "hospital",
        "name": "TB hospital Karuvatta"
      },
      "geometry": {
        "type": "Point",
        "coordinates": [
          76.4283396,
          9.3152818
        ]
      },
      "id": "node/8564003794"
    },
    {
      "type": "Feature",
      "properties": {
        "@id": "node/8564919242",
        "amenity": "hospital",
        "healthcare": "hospital",
        "name": "Revathy Clinic",
        "operator": "Dr. Madhu G. Kandathil M.B.B.S",
        "operator:type": "private"
      },
      "geometry": {
        "type": "Point",
        "coordinates": [
          76.4312869,
          9.2888306
        ]
      },
      "id": "node/8564919242"
    },
    {
      "type": "Feature",
      "properties": {
        "@id": "node/8568646823",
        "amenity": "hospital",
        "healthcare": "hospital",
        "name": "govt.homeopathy hospital muttom"
      },
      "geometry": {
        "type": "Point",
        "coordinates": [
          76.7394544,
          9.8441134
        ]
      },
      "id": "node/8568646823"
    },
    {
      "type": "Feature",
      "properties": {
        "@id": "node/8659728883",
        "amenity": "hospital",
        "healthcare": "hospital",
        "name": "Edamon PHC"
      },
      "geometry": {
        "type": "Point",
        "coordinates": [
          76.8139814,
          9.4413302
        ]
      },
      "id": "node/8659728883"
    },
    {
      "type": "Feature",
      "properties": {
        "@id": "node/8668211017",
        "amenity": "hospital",
        "healthcare": "hospital",
        "name": "Homeo Hospital, Thuruthicad",
        "survey:date": "2021-04-26"
      },
      "geometry": {
        "type": "Point",
        "coordinates": [
          76.6533693,
          9.4293888
        ]
      },
      "id": "node/8668211017"
    },
    {
      "type": "Feature",
      "properties": {
        "@id": "node/8686731455",
        "amenity": "hospital",
        "healthcare": "hospital",
        "name": "MARY MATHA HOSPITAL"
      },
      "geometry": {
        "type": "Point",
        "coordinates": [
          76.8028589,
          9.5598852
        ]
      },
      "id": "node/8686731455"
    },
    {
      "type": "Feature",
      "properties": {
        "@id": "node/8697501493",
        "addr:postcode": "686018",
        "addr:street": "Kalathipady-Anathanam Road",
        "amenity": "hospital",
        "healthcare": "hospital",
        "name": "Doctors Speciality Hospital"
      },
      "geometry": {
        "type": "Point",
        "coordinates": [
          76.5527817,
          9.5887402
        ]
      },
      "id": "node/8697501493"
    },
    {
      "type": "Feature",
      "properties": {
        "@id": "node/8711554125",
        "addr:housenumber": "KOZHA-KATTAMPAK Rd, Kuravilangad, State Region",
        "addr:postcode": "686633",
        "amenity": "hospital",
        "healthcare": "hospital",
        "mobile": "+919447674101",
        "name": "Karakkal Ayurveda",
        "opening_hours": "24/7; PH \"(Eid al-Fitr) hours might differ\""
      },
      "geometry": {
        "type": "Point",
        "coordinates": [
          76.5608028,
          9.7650106
        ]
      },
      "id": "node/8711554125"
    },
    {
      "type": "Feature",
      "properties": {
        "@id": "node/8753099374",
        "amenity": "hospital",
        "healthcare": "hospital",
        "name": "Vetinary Hospital"
      },
      "geometry": {
        "type": "Point",
        "coordinates": [
          76.3260994,
          9.8622787
        ]
      },
      "id": "node/8753099374"
    },
    {
      "type": "Feature",
      "properties": {
        "@id": "node/8757343404",
        "amenity": "hospital",
        "healthcare": "hospital",
        "name": "Holy Ghost Mission Hospital Muttuchira",
        "operator": "Private"
      },
      "geometry": {
        "type": "Point",
        "coordinates": [
          76.4998083,
          9.7572161
        ]
      },
      "id": "node/8757343404"
    },
    {
      "type": "Feature",
      "properties": {
        "@id": "node/8828054372",
        "addr:city": "Chengannur",
        "addr:housenumber": "Thamarasseril Building,",
        "addr:postcode": "689121",
        "addr:street": "Temple Road",
        "amenity": "hospital",
        "healthcare": "hospital",
        "healthcare:speciality": "ophthalmology",
        "name": "Oommen's Eye Hospital, Chengannur",
        "phone": "+91-479 245 3416"
      },
      "geometry": {
        "type": "Point",
        "coordinates": [
          76.6158612,
          9.321041
        ]
      },
      "id": "node/8828054372"
    },
    {
      "type": "Feature",
      "properties": {
        "@id": "node/8841660510",
        "amenity": "hospital",
        "healthcare": "hospital",
        "name": "dental hospital"
      },
      "geometry": {
        "type": "Point",
        "coordinates": [
          76.8779187,
          9.4463833
        ]
      },
      "id": "node/8841660510"
    },
    {
      "type": "Feature",
      "properties": {
        "@id": "node/8869720305",
        "amenity": "hospital",
        "healthcare": "hospital",
        "name": "Alapuzha Government Hospital"
      },
      "geometry": {
        "type": "Point",
        "coordinates": [
          76.3224164,
          9.487803
        ]
      },
      "id": "node/8869720305"
    },
    {
      "type": "Feature",
      "properties": {
        "@id": "node/8878923117",
        "amenity": "hospital",
        "healthcare": "hospital",
        "name": "Sree Anjaneya Diabetic and Medical Centre",
        "opening_hours": "24/7",
        "survey:date": "2021-06-30"
      },
      "geometry": {
        "type": "Point",
        "coordinates": [
          76.6141187,
          9.3958322
        ]
      },
      "id": "node/8878923117"
    },
    {
      "type": "Feature",
      "properties": {
        "@id": "node/8878975098",
        "amenity": "hospital",
        "healthcare": "hospital",
        "name": "Primary Health Center Kodumthuruth",
        "ref": "1258"
      },
      "geometry": {
        "type": "Point",
        "coordinates": [
          76.3177981,
          9.7959209
        ]
      },
      "id": "node/8878975098"
    },
    {
      "type": "Feature",
      "properties": {
        "@id": "node/8880257015",
        "amenity": "hospital",
        "healthcare": "hospital",
        "name": "Primary Health Centre, Kaduthuruthy",
        "operator": "Department of Health and Family Welfare",
        "operator:type": "government",
        "ref": "1390"
      },
      "geometry": {
        "type": "Point",
        "coordinates": [
          76.4801952,
          9.7444249
        ]
      },
      "id": "node/8880257015"
    },
    {
      "type": "Feature",
      "properties": {
        "@id": "node/8882500237",
        "amenity": "hospital",
        "healthcare": "hospital",
        "name": "Primary Health Centre Palakuzha",
        "ref": "1558",
        "type": "11"
      },
      "geometry": {
        "type": "Point",
        "coordinates": [
          76.4324751,
          9.893069
        ]
      },
      "id": "node/8882500237"
    },
    {
      "type": "Feature",
      "properties": {
        "@id": "node/8882887671",
        "amenity": "hospital",
        "healthcare": "hospital",
        "name": "Goverment Homeo Dispensary"
      },
      "geometry": {
        "type": "Point",
        "coordinates": [
          76.6672587,
          9.2257889
        ]
      },
      "id": "node/8882887671"
    },
    {
      "type": "Feature",
      "properties": {
        "@id": "node/8883031935",
        "amenity": "hospital",
        "healthcare": "hospital",
        "name": "PHC Pallikkathodu Kayoori"
      },
      "geometry": {
        "type": "Point",
        "coordinates": [
          76.6894199,
          9.5937331
        ]
      },
      "id": "node/8883031935"
    },
    {
      "type": "Feature",
      "properties": {
        "@id": "node/8935976050",
        "amenity": "hospital",
        "healthcare": "hospital",
        "name": "Dona s homeopathiclinic"
      },
      "geometry": {
        "type": "Point",
        "coordinates": [
          76.4624717,
          9.8923814
        ]
      },
      "id": "node/8935976050"
    },
    {
      "type": "Feature",
      "properties": {
        "@id": "node/8995791004",
        "amenity": "hospital",
        "healthcare": "hospital",
        "name": "Community Health Centre Chunakkara",
        "operator": "Department of Health and Family Welfare",
        "operator:type": "government"
      },
      "geometry": {
        "type": "Point",
        "coordinates": [
          76.5583592,
          9.207855
        ]
      },
      "id": "node/8995791004"
    },
    {
      "type": "Feature",
      "properties": {
        "@id": "node/8995791007",
        "amenity": "hospital",
        "healthcare": "hospital",
        "name": "Community Health Centre Muthukulam",
        "operator": "Department of Health and Family Welfare",
        "operator:type": "government"
      },
      "geometry": {
        "type": "Point",
        "coordinates": [
          76.4592283,
          9.2169292
        ]
      },
      "id": "node/8995791007"
    },
    {
      "type": "Feature",
      "properties": {
        "@id": "node/8995791008",
        "amenity": "hospital",
        "healthcare": "hospital",
        "name": "Community Health Centre Elanthoor",
        "operator": "Department of Health and Family Welfare",
        "operator:type": "government"
      },
      "geometry": {
        "type": "Point",
        "coordinates": [
          76.7215243,
          9.2850602
        ]
      },
      "id": "node/8995791008"
    },
    {
      "type": "Feature",
      "properties": {
        "@id": "node/8995791009",
        "amenity": "hospital",
        "healthcare": "hospital",
        "name": "Community Health Centre Edathuva",
        "operator": "Department of Health and Family Welfare",
        "operator:type": "government"
      },
      "geometry": {
        "type": "Point",
        "coordinates": [
          76.4767576,
          9.3667026
        ]
      },
      "id": "node/8995791009"
    },
    {
      "type": "Feature",
      "properties": {
        "@id": "node/8995791012",
        "amenity": "hospital",
        "healthcare": "hospital",
        "name": "Family Health Centre Vachoochira",
        "operator": "Department of Health and Family Welfare",
        "operator:type": "government"
      },
      "geometry": {
        "type": "Point",
        "coordinates": [
          76.853625,
          9.4350421
        ]
      },
      "id": "node/8995791012"
    },
    {
      "type": "Feature",
      "properties": {
        "@id": "node/8995791015",
        "amenity": "hospital",
        "healthcare": "hospital",
        "name": "Family Health Centre Thottakkad",
        "operator": "Department of Health and Family Welfare",
        "operator:type": "government"
      },
      "geometry": {
        "type": "Point",
        "coordinates": [
          76.6036987,
          9.5314505
        ]
      },
      "id": "node/8995791015"
    },
    {
      "type": "Feature",
      "properties": {
        "@id": "node/9001187687",
        "amenity": "hospital",
        "healthcare": "hospital",
        "name": "Deepa Hospital Harippad",
        "operator": "Department of Health and Family Welfare",
        "operator:type": "private"
      },
      "geometry": {
        "type": "Point",
        "coordinates": [
          76.4344655,
          9.2926109
        ]
      },
      "id": "node/9001187687"
    },
    {
      "type": "Feature",
      "properties": {
        "@id": "node/9003228329",
        "amenity": "hospital",
        "healthcare": "hospital",
        "name": "Community Health Centre Kalloopara",
        "operator": "Department of Health and Family Welafare",
        "operator:type": "government"
      },
      "geometry": {
        "type": "Point",
        "coordinates": [
          76.6355253,
          9.4098255
        ]
      },
      "id": "node/9003228329"
    },
    {
      "type": "Feature",
      "properties": {
        "@id": "node/9034955212",
        "addr:city": "Chingoli",
        "addr:postcode": "690532",
        "addr:street": "Karthikapally-Pullukulangara Road",
        "amenity": "hospital",
        "email": "drcarecl21@gmail.com",
        "healthcare": "hospital",
        "healthcare:speciality": "general",
        "name": "Dr. Care",
        "operator": "Jayalal",
        "operator:type": "private",
        "phone": "+91-4792998100"
      },
      "geometry": {
        "type": "Point",
        "coordinates": [
          76.4531903,
          9.2437985
        ]
      },
      "id": "node/9034955212"
    },
    {
      "type": "Feature",
      "properties": {
        "@id": "node/9047304903",
        "addr:city": "Ala",
        "addr:postcode": "689126",
        "amenity": "hospital",
        "healthcare": "hospital",
        "name": "Homeo dispensary, ala"
      },
      "geometry": {
        "type": "Point",
        "coordinates": [
          76.601484,
          9.2943914
        ]
      },
      "id": "node/9047304903"
    },
    {
      "type": "Feature",
      "properties": {
        "@id": "node/9047349641",
        "addr:city": "Ala",
        "amenity": "hospital",
        "healthcare": "hospital",
        "name": "Family Health Centre pennukara, ala"
      },
      "geometry": {
        "type": "Point",
        "coordinates": [
          76.6184975,
          9.2791886
        ]
      },
      "id": "node/9047349641"
    },
    {
      "type": "Feature",
      "properties": {
        "@id": "node/9056402439",
        "amenity": "hospital",
        "healthcare": "hospital",
        "name": "Hairgraaft-hair transplation hospital"
      },
      "geometry": {
        "type": "Point",
        "coordinates": [
          76.5459758,
          9.4268424
        ]
      },
      "id": "node/9056402439"
    },
    {
      "type": "Feature",
      "properties": {
        "@id": "node/9076581341",
        "amenity": "hospital",
        "healthcare": "hospital",
        "name": "KKJ Hospital pulikkikunnu"
      },
      "geometry": {
        "type": "Point",
        "coordinates": [
          76.5253738,
          9.8454385
        ]
      },
      "id": "node/9076581341"
    },
    {
      "type": "Feature",
      "properties": {
        "@id": "node/9085259821",
        "amenity": "hospital",
        "healthcare": "hospital",
        "name": "Primary Health Centre Thalachira",
        "operator": "Department of Health and Family Welfare",
        "operator:type": "government",
        "ref": "1103"
      },
      "geometry": {
        "type": "Point",
        "coordinates": [
          76.8249683,
          9.3155683
        ]
      },
      "id": "node/9085259821"
    },
    {
      "type": "Feature",
      "properties": {
        "@id": "node/9186789192",
        "amenity": "hospital",
        "healthcare": "hospital",
        "name": "Pathanamthitta District Homeo Hospital,Vellayil"
      },
      "geometry": {
        "type": "Point",
        "coordinates": [
          76.7254578,
          9.4045066
        ]
      },
      "id": "node/9186789192"
    },
    {
      "type": "Feature",
      "properties": {
        "@id": "node/9195127375",
        "amenity": "hospital",
        "healthcare": "hospital",
        "name": "Ayurveda Hospital, Mattathipara"
      },
      "geometry": {
        "type": "Point",
        "coordinates": [
          76.7015777,
          9.823759
        ]
      },
      "id": "node/9195127375"
    },
    {
      "type": "Feature",
      "properties": {
        "@id": "node/9254189192",
        "amenity": "hospital",
        "healthcare": "hospital",
        "name": "SRS Eye Hospital,Bappuji Junction"
      },
      "geometry": {
        "type": "Point",
        "coordinates": [
          76.5934267,
          9.8542413
        ]
      },
      "id": "node/9254189192"
    },
    {
      "type": "Feature",
      "properties": {
        "@id": "node/9254980827",
        "amenity": "hospital",
        "healthcare": "hospital",
        "name": "Community Health Centre,Mangalathuthazham"
      },
      "geometry": {
        "type": "Point",
        "coordinates": [
          76.6031446,
          9.8587378
        ]
      },
      "id": "node/9254980827"
    },
    {
      "type": "Feature",
      "properties": {
        "@id": "node/9259264768",
        "amenity": "hospital",
        "healthcare": "hospital",
        "name": "Urban Primary Health Centre, Mullathu Valappu",
        "operator": "National Urban Health Mission",
        "operator:type": "government"
      },
      "geometry": {
        "type": "Point",
        "coordinates": [
          76.3348311,
          9.4785022
        ]
      },
      "id": "node/9259264768"
    },
    {
      "type": "Feature",
      "properties": {
        "@id": "node/9267276117",
        "addr:city": "Alappuzha",
        "addr:housenumber": "Arattuvazhi",
        "addr:postcode": "688007",
        "amenity": "hospital",
        "healthcare": "hospital",
        "name": "Sanjos Hospital and Research Center, Arattuvazhi",
        "survey:date": "2021-11-18"
      },
      "geometry": {
        "type": "Point",
        "coordinates": [
          76.3284096,
          9.5075418
        ]
      },
      "id": "node/9267276117"
    },
    {
      "type": "Feature",
      "properties": {
        "@id": "node/9275344624",
        "amenity": "hospital",
        "healthcare": "hospital",
        "name": "Public Health Centre,Pandalam"
      },
      "geometry": {
        "type": "Point",
        "coordinates": [
          76.6865547,
          9.2236333
        ]
      },
      "id": "node/9275344624"
    },
    {
      "type": "Feature",
      "properties": {
        "@id": "node/9276805217",
        "amenity": "hospital",
        "healthcare": "hospital",
        "name": "Family Welfare Centre Mangaram",
        "survey:date": "2021-11-23"
      },
      "geometry": {
        "type": "Point",
        "coordinates": [
          76.6695453,
          9.2299415
        ]
      },
      "id": "node/9276805217"
    },
    {
      "type": "Feature",
      "properties": {
        "@id": "node/9291964317",
        "amenity": "hospital",
        "healthcare": "hospital",
        "name": "Family  Welfare Health Centre Poozikad",
        "survey:date": "2021-11-29"
      },
      "geometry": {
        "type": "Point",
        "coordinates": [
          76.6770166,
          9.2017992
        ]
      },
      "id": "node/9291964317"
    },
    {
      "type": "Feature",
      "properties": {
        "@id": "node/9292725417",
        "amenity": "hospital",
        "healthcare": "hospital",
        "name": "FWC Cherickal",
        "survey:date": "2021-11-29"
      },
      "geometry": {
        "type": "Point",
        "coordinates": [
          76.6576596,
          9.2209444
        ]
      },
      "id": "node/9292725417"
    },
    {
      "type": "Feature",
      "properties": {
        "@id": "node/9299213017",
        "amenity": "hospital",
        "healthcare": "hospital",
        "name": "Dispensery (Jay Clinic )",
        "survey:date": "2021-12-01"
      },
      "geometry": {
        "type": "Point",
        "coordinates": [
          76.6629928,
          9.2294277
        ]
      },
      "id": "node/9299213017"
    },
    {
      "type": "Feature",
      "properties": {
        "@id": "node/9301737684",
        "amenity": "hospital",
        "healthcare": "hospital",
        "name": "Denta Care Dental Clinic"
      },
      "geometry": {
        "type": "Point",
        "coordinates": [
          76.5395628,
          9.444144
        ]
      },
      "id": "node/9301737684"
    },
    {
      "type": "Feature",
      "properties": {
        "@id": "node/9301765977",
        "amenity": "hospital",
        "healthcare": "hospital",
        "name": "Samaritan Hospital"
      },
      "geometry": {
        "type": "Point",
        "coordinates": [
          76.5413009,
          9.4450177
        ]
      },
      "id": "node/9301765977"
    },
    {
      "type": "Feature",
      "properties": {
        "@id": "node/9301796456",
        "amenity": "hospital",
        "healthcare": "hospital",
        "name": "Cure Center"
      },
      "geometry": {
        "type": "Point",
        "coordinates": [
          76.5366875,
          9.442944
        ]
      },
      "id": "node/9301796456"
    },
    {
      "type": "Feature",
      "properties": {
        "@id": "node/9301895636",
        "amenity": "hospital",
        "healthcare": "hospital",
        "name": "Vijaya Memorial Hospital"
      },
      "geometry": {
        "type": "Point",
        "coordinates": [
          76.5335392,
          9.4451147
        ]
      },
      "id": "node/9301895636"
    },
    {
      "type": "Feature",
      "properties": {
        "@id": "node/9301898517",
        "amenity": "hospital",
        "healthcare": "hospital",
        "name": "Family Welfare Center",
        "survey:date": "2021-12-02"
      },
      "geometry": {
        "type": "Point",
        "coordinates": [
          76.6686938,
          9.2220095
        ]
      },
      "id": "node/9301898517"
    },
    {
      "type": "Feature",
      "properties": {
        "@id": "node/9309051886",
        "addr:housenumber": "Manjoor P.O Kuruppanthara, State Region",
        "addr:postcode": "686603",
        "amenity": "hospital",
        "healthcare": "hospital",
        "name": "ST. XAVIER'S HOSPITAL, Kuruppanthara",
        "phone": "+914829242726"
      },
      "geometry": {
        "type": "Point",
        "coordinates": [
          76.5055341,
          9.7335371
        ]
      },
      "id": "node/9309051886"
    },
    {
      "type": "Feature",
      "properties": {
        "@id": "node/9310234506",
        "amenity": "hospital",
        "name": "Newline"
      },
      "geometry": {
        "type": "Point",
        "coordinates": [
          76.4099553,
          9.8477655
        ]
      },
      "id": "node/9310234506"
    },
    {
      "type": "Feature",
      "properties": {
        "@id": "node/9320060920",
        "addr:postcode": "686607",
        "amenity": "hospital",
        "healthcare": "hospital",
        "name": "Primary Health Center, Thalayazham"
      },
      "geometry": {
        "type": "Point",
        "coordinates": [
          76.4179441,
          9.7227364
        ]
      },
      "id": "node/9320060920"
    },
    {
      "type": "Feature",
      "properties": {
        "@id": "node/9326297142",
        "addr:city": "Thalayazham",
        "amenity": "hospital",
        "healthcare": "hospital",
        "name": "Government Ayurveda Dispensary, Thalayazham"
      },
      "geometry": {
        "type": "Point",
        "coordinates": [
          76.422279,
          9.7150636
        ]
      },
      "id": "node/9326297142"
    },
    {
      "type": "Feature",
      "properties": {
        "@id": "node/9360876767",
        "amenity": "hospital",
        "healthcare": "hospital",
        "name": "Government Ayurveda Dispensary, TV Puram"
      },
      "geometry": {
        "type": "Point",
        "coordinates": [
          76.4001252,
          9.7078166
        ]
      },
      "id": "node/9360876767"
    },
    {
      "type": "Feature",
      "properties": {
        "@id": "node/9363389522",
        "amenity": "hospital",
        "healthcare": "hospital",
        "name": "Urban family health centre",
        "survey:date": "2021-12-24"
      },
      "geometry": {
        "type": "Point",
        "coordinates": [
          76.5584438,
          9.3818003
        ]
      },
      "id": "node/9363389522"
    },
    {
      "type": "Feature",
      "properties": {
        "@id": "node/9363458721",
        "amenity": "hospital",
        "healthcare": "hospital",
        "name": "Govt. Taluk hospital thiruvalla",
        "survey:date": "2021-12-24"
      },
      "geometry": {
        "type": "Point",
        "coordinates": [
          76.5692184,
          9.3787271
        ]
      },
      "id": "node/9363458721"
    },
    {
      "type": "Feature",
      "properties": {
        "@id": "node/9364880517",
        "amenity": "hospital",
        "healthcare": "hospital",
        "name": "Govt ayurvedha hospital, Thiruvalla",
        "opening_hours": "09:00-14:00",
        "survey:date": "2021-12-25"
      },
      "geometry": {
        "type": "Point",
        "coordinates": [
          76.585476,
          9.4135287
        ]
      },
      "id": "node/9364880517"
    },
    {
      "type": "Feature",
      "properties": {
        "@id": "node/9370171603",
        "amenity": "hospital",
        "healthcare": "hospital",
        "name": "Family Welfare Center, Kodikuthy",
        "phone": "+914862273424"
      },
      "geometry": {
        "type": "Point",
        "coordinates": [
          76.6693663,
          9.8508213
        ]
      },
      "id": "node/9370171603"
    },
    {
      "type": "Feature",
      "properties": {
        "@id": "node/9370952010",
        "addr:city": "PERIGARA",
        "addr:postcode": "689591",
        "addr:street": "Swamipalam- Mepral Road",
        "amenity": "hospital",
        "healthcare": "hospital",
        "healthcare:speciality": "homeopathy",
        "name": "GOVT HOMOEO DISPENSARY PERIMGARA"
      },
      "geometry": {
        "type": "Point",
        "coordinates": [
          76.5474942,
          9.3918532
        ]
      },
      "id": "node/9370952010"
    },
    {
      "type": "Feature",
      "properties": {
        "@id": "node/9373662363",
        "amenity": "hospital",
        "healthcare": "hospital",
        "name": "Govt Ayurveda Panchakarma Hospital, Kaithavana"
      },
      "geometry": {
        "type": "Point",
        "coordinates": [
          76.3479344,
          9.4701612
        ]
      },
      "id": "node/9373662363"
    },
    {
      "type": "Feature",
      "properties": {
        "@id": "node/9374957165",
        "amenity": "hospital",
        "healthcare": "hospital",
        "name": "Santhigiri Ayurvedic Hospital"
      },
      "geometry": {
        "type": "Point",
        "coordinates": [
          76.8860031,
          9.5840195
        ]
      },
      "id": "node/9374957165"
    },
    {
      "type": "Feature",
      "properties": {
        "@id": "node/9377139064",
        "addr:street": "akkarapadam",
        "amenity": "hospital",
        "healthcare": "hospital",
        "name": "Health Care Centre Akkarapadam"
      },
      "geometry": {
        "type": "Point",
        "coordinates": [
          76.3828104,
          9.7813805
        ]
      },
      "id": "node/9377139064"
    },
    {
      "type": "Feature",
      "properties": {
        "@id": "node/9377171261",
        "amenity": "hospital",
        "healthcare": "hospital",
        "name": "Family Wellcare centre"
      },
      "geometry": {
        "type": "Point",
        "coordinates": [
          76.4191767,
          9.7797422
        ]
      },
      "id": "node/9377171261"
    },
    {
      "type": "Feature",
      "properties": {
        "@id": "node/9378775117",
        "amenity": "hospital",
        "healthcare": "hospital",
        "name": "Medical Trust",
        "survey:date": "2021-12-30"
      },
      "geometry": {
        "type": "Point",
        "coordinates": [
          76.6719542,
          9.2398512
        ]
      },
      "id": "node/9378775117"
    },
    {
      "type": "Feature",
      "properties": {
        "@id": "node/9381163780",
        "amenity": "hospital",
        "healthcare": "hospital",
        "name": "Goverment Ayurveda Dispensary Ala"
      },
      "geometry": {
        "type": "Point",
        "coordinates": [
          76.6136212,
          9.2807131
        ]
      },
      "id": "node/9381163780"
    },
    {
      "type": "Feature",
      "properties": {
        "@id": "node/9382299553",
        "amenity": "hospital",
        "healthcare": "hospital",
        "name": "Ayush Public Health Center"
      },
      "geometry": {
        "type": "Point",
        "coordinates": [
          76.3907637,
          9.8198655
        ]
      },
      "id": "node/9382299553"
    },
    {
      "type": "Feature",
      "properties": {
        "@id": "node/9401733850",
        "amenity": "hospital",
        "healthcare": "hospital",
        "name": "Government Ayurveda Dispensary, Vechoor"
      },
      "geometry": {
        "type": "Point",
        "coordinates": [
          76.4153831,
          9.6691203
        ]
      },
      "id": "node/9401733850"
    },
    {
      "type": "Feature",
      "properties": {
        "@id": "node/9409317020",
        "addr:city": "Pathanamthitta",
        "addr:street": "Kumbazha",
        "amenity": "hospital",
        "healthcare": "hospital",
        "name": "Urban Primary Health Centre"
      },
      "geometry": {
        "type": "Point",
        "coordinates": [
          76.8067463,
          9.2652099
        ]
      },
      "id": "node/9409317020"
    },
    {
      "type": "Feature",
      "properties": {
        "@id": "node/9442075336",
        "amenity": "hospital",
        "healthcare": "hospital",
        "name": "Pushpagiri Dental Hospital"
      },
      "geometry": {
        "type": "Point",
        "coordinates": [
          76.556104,
          9.412278
        ]
      },
      "id": "node/9442075336"
    },
    {
      "type": "Feature",
      "properties": {
        "@id": "node/9468240758",
        "amenity": "hospital",
        "healthcare": "hospital",
        "name": "Community Health Centre, Koothattukulam",
        "ref": "1561"
      },
      "geometry": {
        "type": "Point",
        "coordinates": [
          76.5962708,
          9.8643508
        ]
      },
      "id": "node/9468240758"
    },
    {
      "type": "Feature",
      "properties": {
        "@id": "node/9476474956",
        "addr:street": "Arookutty",
        "amenity": "hospital",
        "healthcare": "hospital",
        "name": "PHC Arookutty"
      },
      "geometry": {
        "type": "Point",
        "coordinates": [
          76.320485,
          9.8681877
        ]
      },
      "id": "node/9476474956"
    },
    {
      "type": "Feature",
      "properties": {
        "@id": "node/9476517895",
        "addr:street": "Naduvath nagar",
        "amenity": "hospital",
        "healthcare": "hospital",
        "healthcare:speciality": "ayurveda",
        "name": "Government Ayurveda despensory"
      },
      "geometry": {
        "type": "Point",
        "coordinates": [
          76.3239656,
          9.8468759
        ]
      },
      "id": "node/9476517895"
    },
    {
      "type": "Feature",
      "properties": {
        "@id": "node/9483270796",
        "addr:housenumber": "Vaduthala Jn",
        "addr:street": "Vaduthala",
        "amenity": "hospital",
        "healthcare": "hospital",
        "name": "Home Dispensory"
      },
      "geometry": {
        "type": "Point",
        "coordinates": [
          76.3270393,
          9.8499249
        ]
      },
      "id": "node/9483270796"
    },
    {
      "type": "Feature",
      "properties": {
        "@id": "node/9483545284",
        "amenity": "hospital",
        "healthcare": "hospital",
        "name": "Government Homeo Despensory"
      },
      "geometry": {
        "type": "Point",
        "coordinates": [
          76.3267243,
          9.8529474
        ]
      },
      "id": "node/9483545284"
    },
    {
      "type": "Feature",
      "properties": {
        "@id": "node/9592609917",
        "amenity": "hospital",
        "healthcare": "hospital",
        "name": "Primary Health Centre Punnapra North"
      },
      "geometry": {
        "type": "Point",
        "coordinates": [
          76.3353955,
          9.4556004
        ]
      },
      "id": "node/9592609917"
    },
    {
      "type": "Feature",
      "properties": {
        "@id": "node/9592609919",
        "amenity": "hospital",
        "healthcare": "hospital",
        "name": "Govt Ayurveda Dispensary"
      },
      "geometry": {
        "type": "Point",
        "coordinates": [
          76.347669,
          9.4527085
        ]
      },
      "id": "node/9592609919"
    },
    {
      "type": "Feature",
      "properties": {
        "@id": "node/9600858715",
        "amenity": "hospital",
        "healthcare": "hospital",
        "name": "Health Sub Center"
      },
      "geometry": {
        "type": "Point",
        "coordinates": [
          76.3399616,
          9.4260289
        ]
      },
      "id": "node/9600858715"
    },
    {
      "type": "Feature",
      "properties": {
        "@id": "node/9668526137",
        "amenity": "hospital",
        "healthcare": "hospital",
        "name": "Ayurveda Dispensary, Karipputhattu"
      },
      "geometry": {
        "type": "Point",
        "coordinates": [
          76.4961764,
          9.6323832
        ]
      },
      "id": "node/9668526137"
    },
    {
      "type": "Feature",
      "properties": {
        "@id": "node/9676709744",
        "amenity": "hospital",
        "healthcare": "hospital",
        "name": "Shreyas Ayurveda Hospital, Perunthanam"
      },
      "geometry": {
        "type": "Point",
        "coordinates": [
          76.6086987,
          9.778822
        ]
      },
      "id": "node/9676709744"
    },
    {
      "type": "Feature",
      "properties": {
        "@id": "node/9676894163",
        "amenity": "hospital",
        "healthcare": "hospital",
        "name": "Government Homeopathy Hospital, Uzhavoor"
      },
      "geometry": {
        "type": "Point",
        "coordinates": [
          76.6105198,
          9.7913887
        ]
      },
      "id": "node/9676894163"
    },
    {
      "type": "Feature",
      "properties": {
        "@id": "node/9676979305",
        "amenity": "hospital",
        "healthcare": "hospital",
        "name": "MUM Hospital, Monippally"
      },
      "geometry": {
        "type": "Point",
        "coordinates": [
          76.5769807,
          9.8103396
        ]
      },
      "id": "node/9676979305"
    },
    {
      "type": "Feature",
      "properties": {
        "@id": "node/9726115691",
        "amenity": "hospital",
        "healthcare": "hospital",
        "name": "Government Ayurveda Hospital, Edappady"
      },
      "geometry": {
        "type": "Point",
        "coordinates": [
          76.7133261,
          9.7124171
        ]
      },
      "id": "node/9726115691"
    },
    {
      "type": "Feature",
      "properties": {
        "@id": "node/9730870072",
        "amenity": "hospital",
        "healthcare": "hospital",
        "name": "Public Health Center PHC sub center edappady"
      },
      "geometry": {
        "type": "Point",
        "coordinates": [
          76.7189024,
          9.7129108
        ]
      },
      "id": "node/9730870072"
    },
    {
      "type": "Feature",
      "properties": {
        "@id": "node/9763356869",
        "amenity": "hospital",
        "healthcare": "hospital",
        "name": "Muthi Ayurveda Hospital, Vechoor"
      },
      "geometry": {
        "type": "Point",
        "coordinates": [
          76.4080659,
          9.6672286
        ]
      },
      "id": "node/9763356869"
    },
    {
      "type": "Feature",
      "properties": {
        "@id": "node/9838408942",
        "amenity": "hospital",
        "healthcare": "hospital",
        "name": "Rani Hospital"
      },
      "geometry": {
        "type": "Point",
        "coordinates": [
          76.8016808,
          9.559245
        ]
      },
      "id": "node/9838408942"
    },
    {
      "type": "Feature",
      "properties": {
        "@id": "node/9838448290",
        "amenity": "hospital",
        "healthcare": "hospital",
        "name": "mary matha"
      },
      "geometry": {
        "type": "Point",
        "coordinates": [
          76.8028956,
          9.5599159
        ]
      },
      "id": "node/9838448290"
    },
    {
      "type": "Feature",
      "properties": {
        "@id": "node/9841053425",
        "amenity": "hospital",
        "healthcare": "hospital",
        "name": "mary queens mission hospital"
      },
      "geometry": {
        "type": "Point",
        "coordinates": [
          76.8136544,
          9.5579201
        ]
      },
      "id": "node/9841053425"
    },
    {
      "type": "Feature",
      "properties": {
        "@id": "node/9866245275",
        "amenity": "hospital",
        "healthcare": "hospital",
        "name": "Government Homio Dispensery,Arakkulam"
      },
      "geometry": {
        "type": "Point",
        "coordinates": [
          76.8327892,
          9.8062097
        ]
      },
      "id": "node/9866245275"
    },
    {
      "type": "Feature",
      "properties": {
        "@id": "node/9866315076",
        "amenity": "hospital",
        "healthcare": "hospital",
        "name": "Government Vetinary Dispensary,Arakkulam"
      },
      "geometry": {
        "type": "Point",
        "coordinates": [
          76.8323865,
          9.8065225
        ]
      },
      "id": "node/9866315076"
    },
    {
      "type": "Feature",
      "properties": {
        "@id": "node/9874618537",
        "amenity": "hospital",
        "healthcare": "hospital",
        "name": "Ayurvedic Dispensary, Kudayathoor"
      },
      "geometry": {
        "type": "Point",
        "coordinates": [
          76.792311,
          9.8246694
        ]
      },
      "id": "node/9874618537"
    },
    {
      "type": "Feature",
      "properties": {
        "@id": "node/9875769719",
        "amenity": "hospital",
        "healthcare": "hospital",
        "name": "Dheerkhaysh Ayurvedhic Hospital, Kudayathoor"
      },
      "geometry": {
        "type": "Point",
        "coordinates": [
          76.7992775,
          9.8224664
        ]
      },
      "id": "node/9875769719"
    },
    {
      "type": "Feature",
      "properties": {
        "@id": "node/9920695052",
        "amenity": "hospital",
        "healthcare": "hospital",
        "name": "Government Vetinary Dispensary, Kudayathoor"
      },
      "geometry": {
        "type": "Point",
        "coordinates": [
          76.7892606,
          9.8268507
        ]
      },
      "id": "node/9920695052"
    },
    {
      "type": "Feature",
      "properties": {
        "@id": "node/9929202288",
        "amenity": "hospital",
        "healthcare": "hospital",
        "name": "Ak Homeopathic Speciality Centre"
      },
      "geometry": {
        "type": "Point",
        "coordinates": [
          76.5766845,
          9.4747025
        ]
      },
      "id": "node/9929202288"
    },
    {
      "type": "Feature",
      "properties": {
        "@id": "node/9958631854",
        "amenity": "hospital",
        "healthcare": "hospital",
        "name": "Kallara Government Homoeo Dispensary"
      },
      "geometry": {
        "type": "Point",
        "coordinates": [
          76.4769156,
          9.7083776
        ]
      },
      "id": "node/9958631854"
    },
    {
      "type": "Feature",
      "properties": {
        "@id": "node/10045433494",
        "amenity": "hospital",
        "healthcare": "hospital",
        "name": "Government Hospital"
      },
      "geometry": {
        "type": "Point",
        "coordinates": [
          76.5205235,
          9.2799931
        ]
      },
      "id": "node/10045433494"
    },
    {
      "type": "Feature",
      "properties": {
        "@id": "node/10052773672",
        "amenity": "hospital",
        "healthcare": "hospital",
        "name": "Government Hospital"
      },
      "geometry": {
        "type": "Point",
        "coordinates": [
          76.5928189,
          9.2710962
        ]
      },
      "id": "node/10052773672"
    },
    {
      "type": "Feature",
      "properties": {
        "@id": "node/10063028849",
        "amenity": "hospital",
        "healthcare": "hospital",
        "name": "St. Antony's Hospital"
      },
      "geometry": {
        "type": "Point",
        "coordinates": [
          76.3884816,
          9.4830094
        ]
      },
      "id": "node/10063028849"
    },
    {
      "type": "Feature",
      "properties": {
        "@id": "node/10106437183",
        "amenity": "hospital",
        "healthcare": "hospital",
        "name": "Government homeo hospital"
      },
      "geometry": {
        "type": "Point",
        "coordinates": [
          76.7298606,
          9.6049196
        ]
      },
      "id": "node/10106437183"
    },
    {
      "type": "Feature",
      "properties": {
        "@id": "node/10106853321",
        "amenity": "hospital",
        "healthcare": "hospital",
        "name": "udaya hsopital"
      },
      "geometry": {
        "type": "Point",
        "coordinates": [
          76.5239579,
          9.4804837
        ]
      },
      "id": "node/10106853321"
    },
    {
      "type": "Feature",
      "properties": {
        "@id": "node/10106872892",
        "amenity": "hospital",
        "healthcare": "hospital",
        "name": "fhc"
      },
      "geometry": {
        "type": "Point",
        "coordinates": [
          76.5186965,
          9.4773201
        ]
      },
      "id": "node/10106872892"
    },
    {
      "type": "Feature",
      "properties": {
        "@id": "node/10110417418",
        "amenity": "hospital",
        "healthcare": "hospital",
        "name": "PHC"
      },
      "geometry": {
        "type": "Point",
        "coordinates": [
          76.5579245,
          9.4759367
        ]
      },
      "id": "node/10110417418"
    },
    {
      "type": "Feature",
      "properties": {
        "@id": "node/10110448630",
        "amenity": "hospital",
        "healthcare": "hospital",
        "name": "kannamali auyervedha hsopital"
      },
      "geometry": {
        "type": "Point",
        "coordinates": [
          76.5262364,
          9.4834272
        ]
      },
      "id": "node/10110448630"
    },
    {
      "type": "Feature",
      "properties": {
        "@id": "node/10111327385",
        "amenity": "hospital",
        "healthcare": "hospital",
        "name": "Putiyidam hospital"
      },
      "geometry": {
        "type": "Point",
        "coordinates": [
          76.6997206,
          9.6617308
        ]
      },
      "id": "node/10111327385"
    },
    {
      "type": "Feature",
      "properties": {
        "@id": "node/10111354545",
        "amenity": "hospital",
        "healthcare": "hospital",
        "name": "health center"
      },
      "geometry": {
        "type": "Point",
        "coordinates": [
          76.6940079,
          9.6819581
        ]
      },
      "id": "node/10111354545"
    },
    {
      "type": "Feature",
      "properties": {
        "@id": "node/10137223917",
        "amenity": "hospital",
        "healthcare": "hospital",
        "name": "THANNERMUKKON HOMEO DISPENSARY"
      },
      "geometry": {
        "type": "Point",
        "coordinates": [
          76.3831124,
          9.6733961
        ]
      },
      "id": "node/10137223917"
    },
    {
      "type": "Feature",
      "properties": {
        "@id": "node/10137248081",
        "amenity": "hospital",
        "healthcare": "hospital",
        "name": "PRATHYASHA CANCER CENTRE"
      },
      "geometry": {
        "type": "Point",
        "coordinates": [
          76.3775221,
          9.6422161
        ]
      },
      "id": "node/10137248081"
    },
    {
      "type": "Feature",
      "properties": {
        "@id": "node/10137525404",
        "amenity": "hospital",
        "healthcare": "hospital",
        "name": "Kallarackal Pneuma Health Centre"
      },
      "geometry": {
        "type": "Point",
        "coordinates": [
          76.46105,
          9.3717042
        ]
      },
      "id": "node/10137525404"
    },
    {
      "type": "Feature",
      "properties": {
        "@id": "node/10137642363",
        "amenity": "hospital",
        "healthcare": "hospital",
        "name": "SREE BHADRA VETERINARY HOSPITAL"
      },
      "geometry": {
        "type": "Point",
        "coordinates": [
          76.3606222,
          9.6897023
        ]
      },
      "id": "node/10137642363"
    },
    {
      "type": "Feature",
      "properties": {
        "@id": "node/10138216775",
        "amenity": "hospital",
        "healthcare": "hospital",
        "name": "ILLOM HOSPITAL"
      },
      "geometry": {
        "type": "Point",
        "coordinates": [
          76.3881311,
          9.6743832
        ]
      },
      "id": "node/10138216775"
    },
    {
      "type": "Feature",
      "properties": {
        "@id": "node/10138431196",
        "amenity": "hospital",
        "healthcare": "hospital",
        "name": "Family Health Centre Aroor"
      },
      "geometry": {
        "type": "Point",
        "coordinates": [
          76.304603,
          9.8696981
        ]
      },
      "id": "node/10138431196"
    },
    {
      "type": "Feature",
      "properties": {
        "@id": "node/10138431987",
        "amenity": "hospital",
        "healthcare": "hospital",
        "name": "LIFE CARE HOSPITAL CHANDROOR"
      },
      "geometry": {
        "type": "Point",
        "coordinates": [
          76.3072388,
          9.855144
        ]
      },
      "id": "node/10138431987"
    },
    {
      "type": "Feature",
      "properties": {
        "@id": "node/10138451059",
        "amenity": "hospital",
        "healthcare": "hospital",
        "name": "ESI dispensary"
      },
      "geometry": {
        "type": "Point",
        "coordinates": [
          76.3073569,
          9.8483763
        ]
      },
      "id": "node/10138451059"
    },
    {
      "type": "Feature",
      "properties": {
        "@id": "node/10139004038",
        "amenity": "hospital",
        "healthcare": "hospital",
        "name": "Goverment Ayurveda Hospital"
      },
      "geometry": {
        "type": "Point",
        "coordinates": [
          76.3016312,
          9.7983239
        ]
      },
      "id": "node/10139004038"
    },
    {
      "type": "Feature",
      "properties": {
        "@id": "node/10157734755",
        "amenity": "hospital",
        "healthcare": "hospital",
        "name": "SUB CENTRE"
      },
      "geometry": {
        "type": "Point",
        "coordinates": [
          76.3867435,
          9.4785368
        ]
      },
      "id": "node/10157734755"
    },
    {
      "type": "Feature",
      "properties": {
        "@id": "node/10635857541",
        "amenity": "hospital",
        "healthcare": "hospital",
        "name": "CARITHAS AYURVEDHA HOSPITAL",
        "operator": "CARITHAS",
        "operator:type": "private"
      },
      "geometry": {
        "type": "Point",
        "coordinates": [
          76.5537562,
          9.6452905
        ]
      },
      "id": "node/10635857541"
    },
    {
      "type": "Feature",
      "properties": {
        "@id": "node/10700030308",
        "amenity": "hospital",
        "healthcare": "hospital",
        "name": "GOVT VETERNARY HOSPITAL"
      },
      "geometry": {
        "type": "Point",
        "coordinates": [
          76.3047634,
          9.8663127
        ]
      },
      "id": "node/10700030308"
    },
    {
      "type": "Feature",
      "properties": {
        "@id": "node/10700050909",
        "amenity": "hospital",
        "healthcare": "hospital",
        "name": "ESI DISPENSARY"
      },
      "geometry": {
        "type": "Point",
        "coordinates": [
          76.307437,
          9.8477898
        ]
      },
      "id": "node/10700050909"
    },
    {
      "type": "Feature",
      "properties": {
        "@id": "node/10720542837",
        "amenity": "hospital",
        "healthcare": "hospital",
        "name": "FHC Panachikkad"
      },
      "geometry": {
        "type": "Point",
        "coordinates": [
          76.5340261,
          9.5415096
        ]
      },
      "id": "node/10720542837"
    },
    {
      "type": "Feature",
      "properties": {
        "@id": "node/11285349038",
        "addr:housenumber": "Pandalam",
        "amenity": "hospital",
        "healthcare": "hospital",
        "name": "Precise Eye Hospital"
      },
      "geometry": {
        "type": "Point",
        "coordinates": [
          76.6796796,
          9.2254953
        ]
      },
      "id": "node/11285349038"
    },
    {
      "type": "Feature",
      "properties": {
        "@id": "node/11573471904",
        "amenity": "hospital",
        "healthcare": "hospital",
        "name": "NEW CASUALITY"
      },
      "geometry": {
        "type": "Point",
        "coordinates": [
          76.5203315,
          9.6327689
        ]
      },
      "id": "node/11573471904"
    },
    {
      "type": "Feature",
      "properties": {
        "@id": "node/11573471905",
        "amenity": "hospital",
        "healthcare": "hospital",
        "name": "DCH"
      },
      "geometry": {
        "type": "Point",
        "coordinates": [
          76.5201465,
          9.6342157
        ]
      },
      "id": "node/11573471905"
    },
    {
      "type": "Feature",
      "properties": {
        "@id": "node/11573471907",
        "amenity": "hospital",
        "healthcare": "hospital",
        "name": "GYNECOLOGY BLOCK"
      },
      "geometry": {
        "type": "Point",
        "coordinates": [
          76.5179615,
          9.6355384
        ]
      },
      "id": "node/11573471907"
    },
    {
      "type": "Feature",
      "properties": {
        "@id": "node/11573471909",
        "amenity": "hospital",
        "healthcare": "hospital",
        "name": "CANCER BLOCK"
      },
      "geometry": {
        "type": "Point",
        "coordinates": [
          76.5206575,
          9.6354619
        ]
      },
      "id": "node/11573471909"
    },
    {
      "type": "Feature",
      "properties": {
        "@id": "node/11573471910",
        "amenity": "hospital",
        "healthcare": "hospital",
        "name": "CARDIOLOGY BLOCK"
      },
      "geometry": {
        "type": "Point",
        "coordinates": [
          76.5197859,
          9.6346053
        ]
      },
      "id": "node/11573471910"
    },
    {
      "type": "Feature",
      "properties": {
        "@id": "node/11573471911",
        "amenity": "hospital",
        "healthcare": "hospital",
        "name": "COLLEGE OF NURSING"
      },
      "geometry": {
        "type": "Point",
        "coordinates": [
          76.5186057,
          9.6334065
        ]
      },
      "id": "node/11573471911"
    },
    {
      "type": "Feature",
      "properties": {
        "@id": "node/11573471912",
        "amenity": "hospital",
        "healthcare": "hospital",
        "name": "PHYSICAL MEDICINE AND REHABILITATION"
      },
      "geometry": {
        "type": "Point",
        "coordinates": [
          76.5213822,
          9.632969
        ]
      },
      "id": "node/11573471912"
    },
    {
      "type": "Feature",
      "properties": {
        "@id": "node/11573471913",
        "amenity": "hospital",
        "healthcare": "hospital",
        "name": "PODIPPARA LAB"
      },
      "geometry": {
        "type": "Point",
        "coordinates": [
          76.5206644,
          9.6345963
        ]
      },
      "id": "node/11573471913"
    },
    {
      "type": "Feature",
      "properties": {
        "@id": "node/11573471914",
        "amenity": "hospital",
        "healthcare": "hospital",
        "name": "FORENSIC MEDICINE"
      },
      "geometry": {
        "type": "Point",
        "coordinates": [
          76.5217332,
          9.6334681
        ]
      },
      "id": "node/11573471914"
    },
    {
      "type": "Feature",
      "properties": {
        "@id": "node/11573471915",
        "amenity": "hospital",
        "healthcare": "hospital",
        "name": "BLOOD BANK"
      },
      "geometry": {
        "type": "Point",
        "coordinates": [
          76.5214312,
          9.6337705
        ]
      },
      "id": "node/11573471915"
    },
    {
      "type": "Feature",
      "properties": {
        "@id": "node/11573471917",
        "amenity": "hospital",
        "healthcare": "hospital",
        "name": "NEW OP"
      },
      "geometry": {
        "type": "Point",
        "coordinates": [
          76.5206764,
          9.6336209
        ]
      },
      "id": "node/11573471917"
    },
    {
      "type": "Feature",
      "properties": {
        "@id": "node/11573471918",
        "amenity": "hospital",
        "healthcare": "hospital",
        "name": "C2 BLOCK"
      },
      "geometry": {
        "type": "Point",
        "coordinates": [
          76.5219186,
          9.6358739
        ]
      },
      "id": "node/11573471918"
    },
    {
      "type": "Feature",
      "properties": {
        "@id": "node/11573471919",
        "amenity": "hospital",
        "healthcare": "hospital",
        "name": "CLINICAL BIOCHEMISTRY LAB"
      },
      "geometry": {
        "type": "Point",
        "coordinates": [
          76.522036,
          9.635611
        ]
      },
      "id": "node/11573471919"
    },
    {
      "type": "Feature",
      "properties": {
        "@id": "node/11573471920",
        "amenity": "hospital",
        "healthcare": "hospital",
        "name": "C BLOCK"
      },
      "geometry": {
        "type": "Point",
        "coordinates": [
          76.5223585,
          9.6351621
        ]
      },
      "id": "node/11573471920"
    },
    {
      "type": "Feature",
      "properties": {
        "@id": "node/11573471921",
        "amenity": "hospital",
        "healthcare": "hospital",
        "name": "HISTOPATHOLOGY LAB"
      },
      "geometry": {
        "type": "Point",
        "coordinates": [
          76.5225889,
          9.6349109
        ]
      },
      "id": "node/11573471921"
    },
    {
      "type": "Feature",
      "properties": {
        "@id": "node/11573471922",
        "amenity": "hospital",
        "healthcare": "hospital",
        "name": "ADMINISTRATIVE BLOCK"
      },
      "geometry": {
        "type": "Point",
        "coordinates": [
          76.5229792,
          9.6351835
        ]
      },
      "id": "node/11573471922"
    },
    {
      "type": "Feature",
      "properties": {
        "@id": "node/11573471923",
        "amenity": "hospital",
        "healthcare": "hospital",
        "name": "COLLEGE OF PHARMACY"
      },
      "geometry": {
        "type": "Point",
        "coordinates": [
          76.522822,
          9.6358435
        ]
      },
      "id": "node/11573471923"
    },
    {
      "type": "Feature",
      "properties": {
        "@id": "node/11573471924",
        "amenity": "hospital",
        "healthcare": "hospital",
        "name": "NEW LADIES HOSTEL"
      },
      "geometry": {
        "type": "Point",
        "coordinates": [
          76.5234155,
          9.6361561
        ]
      },
      "id": "node/11573471924"
    },
    {
      "type": "Feature",
      "properties": {
        "@id": "node/11573471925",
        "amenity": "hospital",
        "healthcare": "hospital",
        "name": "KARUNYA"
      },
      "geometry": {
        "type": "Point",
        "coordinates": [
          76.5228382,
          9.6335097
        ]
      },
      "id": "node/11573471925"
    },
    {
      "type": "Feature",
      "properties": {
        "@id": "node/11573471929",
        "amenity": "hospital",
        "healthcare": "hospital",
        "name": "PHARMACY"
      },
      "geometry": {
        "type": "Point",
        "coordinates": [
          76.5209537,
          9.6337507
        ]
      },
      "id": "node/11573471929"
    },
    {
      "type": "Feature",
      "properties": {
        "@id": "node/13516248001",
        "addr:postcode": "690514",
        "addr:street": "Harippad Town Road",
        "amenity": "hospital",
        "name": "ഓപി & ഡയഗ്നോസ്റ്റിക്ക് സെന്റർ",
        "name:en": "OP & Diagnostic Block"
      },
      "geometry": {
        "type": "Point",
        "coordinates": [
          76.4596848,
          9.2802569
        ]
      },
      "id": "node/13516248001"
    },
    {
      "type": "Feature",
      "properties": {
        "@id": "node/13934832622",
        "amenity": "hospital",
        "healthcare": "hospital",
        "name": "Casualty"
      },
      "geometry": {
        "type": "Point",
        "coordinates": [
          76.7896065,
          9.5565694
        ]
      },
      "id": "node/13934832622"
    },
    {
      "type": "Feature",
      "properties": {
        "@id": "node/13934832624",
        "amenity": "hospital",
        "healthcare": "hospital",
        "name": "ICU"
      },
      "geometry": {
        "type": "Point",
        "coordinates": [
          76.7895661,
          9.5566476
        ]
      },
      "id": "node/13934832624"
    }
  ]
}