0 verbose cli /usr/local/bin/node /usr/local/bin/npm
1 info using npm@11.11.0
2 info using node@v24.14.1
3 silly config load:file:/usr/local/lib/node_modules/npm/npmrc
4 silly config load:file:/Users/adityasingh/CodeRush2.0_TeamApex!/.npmrc
5 silly config load:file:/Users/adityasingh/.npmrc
6 silly config load:file:/usr/local/etc/npmrc
7 verbose title npm install
8 verbose argv "install" "--cache" "./.npm-cache"
9 verbose logfile logs-max:10 dir:/Users/adityasingh/CodeRush2.0_TeamApex!/.npm-cache/_logs/2026-08-07T07_08_15_049Z-
10 verbose logfile /Users/adityasingh/CodeRush2.0_TeamApex!/.npm-cache/_logs/2026-08-07T07_08_15_049Z-debug-0.log
11 silly logfile done cleaning log files
12 silly packumentCache heap:4496293888 maxSize:1124073472 maxEntrySize:562036736
13 silly idealTree buildDeps
14 silly fetch manifest @turf/turf@^7.1.0
15 silly packumentCache full:https://registry.npmjs.org/@turf%2fturf cache-miss
16 http fetch GET 200 https://registry.npmjs.org/npm 202ms
17 http fetch GET 200 https://registry.npmjs.org/@turf%2fturf 784ms (cache miss)
18 silly packumentCache full:https://registry.npmjs.org/@turf%2fturf set size:undefined disposed:false
19 silly fetch manifest clsx@^2.1.1
20 silly packumentCache full:https://registry.npmjs.org/clsx cache-miss
21 http fetch GET 200 https://registry.npmjs.org/clsx 38ms (cache miss)
22 silly packumentCache full:https://registry.npmjs.org/clsx set size:undefined disposed:false
23 silly fetch manifest cors@^2.8.5
24 silly packumentCache full:https://registry.npmjs.org/cors cache-miss
25 http fetch GET 200 https://registry.npmjs.org/cors 31ms (cache miss)
26 silly packumentCache full:https://registry.npmjs.org/cors set size:undefined disposed:false
27 silly fetch manifest dotenv@^16.4.5
28 silly packumentCache full:https://registry.npmjs.org/dotenv cache-miss
29 http fetch GET 200 https://registry.npmjs.org/dotenv 45ms (cache miss)
30 silly packumentCache full:https://registry.npmjs.org/dotenv set size:undefined disposed:false
31 silly fetch manifest express@^4.19.2
32 silly packumentCache full:https://registry.npmjs.org/express cache-miss
33 http fetch GET 200 https://registry.npmjs.org/express 57ms (cache miss)
34 silly packumentCache full:https://registry.npmjs.org/express set size:undefined disposed:false
35 silly fetch manifest leaflet@^1.9.4
36 silly packumentCache full:https://registry.npmjs.org/leaflet cache-miss
37 http fetch GET 200 https://registry.npmjs.org/leaflet 39ms (cache miss)
38 silly packumentCache full:https://registry.npmjs.org/leaflet set size:undefined disposed:false
39 silly fetch manifest leaflet-routing-machine@^3.2.12
40 silly packumentCache full:https://registry.npmjs.org/leaflet-routing-machine cache-miss
41 http fetch GET 200 https://registry.npmjs.org/leaflet-routing-machine 29ms (cache miss)
42 silly packumentCache full:https://registry.npmjs.org/leaflet-routing-machine set size:undefined disposed:false
43 silly fetch manifest lucide-react@^0.427.0
44 silly packumentCache full:https://registry.npmjs.org/lucide-react cache-miss
45 http fetch GET 200 https://registry.npmjs.org/lucide-react 157ms (cache miss)
46 silly packumentCache full:https://registry.npmjs.org/lucide-react set size:undefined disposed:false
47 silly fetch manifest react@^18.3.1
48 silly packumentCache full:https://registry.npmjs.org/react cache-miss
49 http fetch GET 200 https://registry.npmjs.org/react 196ms (cache miss)
50 silly packumentCache full:https://registry.npmjs.org/react set size:undefined disposed:false
51 silly fetch manifest nodemailer@^6.9.14
52 silly packumentCache full:https://registry.npmjs.org/nodemailer cache-miss
53 http fetch GET 200 https://registry.npmjs.org/nodemailer 61ms (cache miss)
54 silly packumentCache full:https://registry.npmjs.org/nodemailer set size:undefined disposed:false
55 silly fetch manifest react-dom@^18.3.1
56 silly packumentCache full:https://registry.npmjs.org/react-dom cache-miss
57 http fetch GET 200 https://registry.npmjs.org/react-dom 206ms (cache miss)
58 silly packumentCache full:https://registry.npmjs.org/react-dom set size:undefined disposed:false
59 silly fetch manifest react-leaflet@^4.2.1
60 silly packumentCache full:https://registry.npmjs.org/react-leaflet cache-miss
61 http fetch GET 200 https://registry.npmjs.org/react-leaflet 63ms (cache miss)
62 silly packumentCache full:https://registry.npmjs.org/react-leaflet set size:undefined disposed:false
63 silly fetch manifest react-router-dom@^6.26.0
64 silly packumentCache full:https://registry.npmjs.org/react-router-dom cache-miss
65 http fetch GET 200 https://registry.npmjs.org/react-router-dom 117ms (cache miss)
66 silly packumentCache full:https://registry.npmjs.org/react-router-dom set size:undefined disposed:false
67 silly fetch manifest recharts@^2.12.7
68 silly packumentCache full:https://registry.npmjs.org/recharts cache-miss
69 http fetch GET 200 https://registry.npmjs.org/recharts 90ms (cache miss)
70 silly packumentCache full:https://registry.npmjs.org/recharts set size:undefined disposed:false
71 silly fetch manifest tailwind-merge@^2.5.2
72 silly packumentCache full:https://registry.npmjs.org/tailwind-merge cache-miss
73 http fetch GET 200 https://registry.npmjs.org/tailwind-merge 65ms (cache miss)
74 silly packumentCache full:https://registry.npmjs.org/tailwind-merge set size:undefined disposed:false
75 silly fetch manifest @types/react@^18.3.3
76 silly packumentCache full:https://registry.npmjs.org/@types%2freact cache-miss
77 http fetch GET 200 https://registry.npmjs.org/@types%2freact 152ms (cache miss)
78 silly packumentCache full:https://registry.npmjs.org/@types%2freact set size:undefined disposed:false
79 silly fetch manifest @types/react-dom@^18.3.0
80 silly packumentCache full:https://registry.npmjs.org/@types%2freact-dom cache-miss
81 http fetch GET 200 https://registry.npmjs.org/@types%2freact-dom 47ms (cache miss)
82 silly packumentCache full:https://registry.npmjs.org/@types%2freact-dom set size:undefined disposed:false
83 silly fetch manifest @vitejs/plugin-react@^4.3.1
84 silly packumentCache full:https://registry.npmjs.org/@vitejs%2fplugin-react cache-miss
85 http fetch GET 200 https://registry.npmjs.org/@vitejs%2fplugin-react 54ms (cache miss)
86 silly packumentCache full:https://registry.npmjs.org/@vitejs%2fplugin-react set size:undefined disposed:false
87 silly fetch manifest vite@^5.4.0
88 silly packumentCache full:https://registry.npmjs.org/vite cache-miss
89 http fetch GET 200 https://registry.npmjs.org/vite 1388ms (cache miss)
90 silly packumentCache full:https://registry.npmjs.org/vite set size:undefined disposed:false
91 silly fetch manifest @types/node@^18.0.0 || >=20.0.0
92 silly packumentCache full:https://registry.npmjs.org/@types%2fnode cache-miss
93 http fetch GET 200 https://registry.npmjs.org/@types%2fnode 254ms (cache miss)
94 silly packumentCache full:https://registry.npmjs.org/@types%2fnode set size:undefined disposed:false
95 silly fetch manifest less@*
96 silly packumentCache full:https://registry.npmjs.org/less cache-miss
97 http fetch GET 200 https://registry.npmjs.org/less 40ms (cache miss)
98 silly packumentCache full:https://registry.npmjs.org/less set size:undefined disposed:false
99 silly fetch manifest lightningcss@^1.21.0
100 silly packumentCache full:https://registry.npmjs.org/lightningcss cache-miss
101 http fetch GET 200 https://registry.npmjs.org/lightningcss 36ms (cache miss)
102 silly packumentCache full:https://registry.npmjs.org/lightningcss set size:undefined disposed:false
103 silly fetch manifest sass@*
104 silly packumentCache full:https://registry.npmjs.org/sass cache-miss
105 http fetch GET 200 https://registry.npmjs.org/sass 94ms (cache miss)
106 silly packumentCache full:https://registry.npmjs.org/sass set size:undefined disposed:false
107 silly fetch manifest sass-embedded@*
108 silly packumentCache full:https://registry.npmjs.org/sass-embedded cache-miss
109 http fetch GET 200 https://registry.npmjs.org/sass-embedded 48ms (cache miss)
110 silly packumentCache full:https://registry.npmjs.org/sass-embedded set size:undefined disposed:false
111 silly fetch manifest stylus@*
112 silly packumentCache full:https://registry.npmjs.org/stylus cache-miss
113 http fetch GET 200 https://registry.npmjs.org/stylus 35ms (cache miss)
114 silly packumentCache full:https://registry.npmjs.org/stylus set size:undefined disposed:false
115 silly fetch manifest sugarss@*
116 silly packumentCache full:https://registry.npmjs.org/sugarss cache-miss
117 http fetch GET 200 https://registry.npmjs.org/sugarss 42ms (cache miss)
118 silly packumentCache full:https://registry.npmjs.org/sugarss set size:undefined disposed:false
119 silly fetch manifest postcss@^8.4.41
120 silly packumentCache full:https://registry.npmjs.org/postcss cache-miss
121 http fetch GET 200 https://registry.npmjs.org/postcss 51ms (cache miss)
122 silly packumentCache full:https://registry.npmjs.org/postcss set size:undefined disposed:false
123 silly fetch manifest terser@^5.4.0
124 silly packumentCache full:https://registry.npmjs.org/terser cache-miss
125 http fetch GET 200 https://registry.npmjs.org/terser 67ms (cache miss)
126 silly packumentCache full:https://registry.npmjs.org/terser set size:undefined disposed:false
127 silly fetch manifest autoprefixer@^10.4.20
128 silly packumentCache full:https://registry.npmjs.org/autoprefixer cache-miss
129 http fetch GET 200 https://registry.npmjs.org/autoprefixer 55ms (cache miss)
130 silly packumentCache full:https://registry.npmjs.org/autoprefixer set size:undefined disposed:false
131 silly fetch manifest concurrently@^8.2.2
132 silly packumentCache full:https://registry.npmjs.org/concurrently cache-miss
133 http fetch GET 200 https://registry.npmjs.org/concurrently 41ms (cache miss)
134 silly packumentCache full:https://registry.npmjs.org/concurrently set size:undefined disposed:false
135 silly fetch manifest tailwindcss@^3.4.9
136 silly packumentCache full:https://registry.npmjs.org/tailwindcss cache-miss
137 http fetch GET 200 https://registry.npmjs.org/tailwindcss 209ms (cache miss)
138 silly packumentCache full:https://registry.npmjs.org/tailwindcss set size:undefined disposed:false
139 silly placeDep ROOT @turf/turf@7.4.0 OK for: coderush-team-apex-disaster-command@1.0.0 want: ^7.1.0
140 silly placeDep ROOT @types/react@18.3.31 OK for: coderush-team-apex-disaster-command@1.0.0 want: ^18.3.3
141 silly placeDep ROOT @types/react-dom@18.3.7 OK for: coderush-team-apex-disaster-command@1.0.0 want: ^18.3.0
142 silly placeDep ROOT @vitejs/plugin-react@4.7.0 OK for: coderush-team-apex-disaster-command@1.0.0 want: ^4.3.1
143 silly placeDep ROOT vite@5.4.21 OK for: @vitejs/plugin-react@4.7.0 want: ^4.2.0 || ^5.0.0 || ^6.0.0 || ^7.0.0
144 silly placeDep ROOT autoprefixer@10.5.4 OK for: coderush-team-apex-disaster-command@1.0.0 want: ^10.4.20
145 silly placeDep ROOT postcss@8.5.26 OK for: autoprefixer@10.5.4 want: ^8.1.0
146 silly placeDep ROOT clsx@2.1.1 OK for: coderush-team-apex-disaster-command@1.0.0 want: ^2.1.1
147 silly placeDep ROOT concurrently@8.2.2 OK for: coderush-team-apex-disaster-command@1.0.0 want: ^8.2.2
148 silly placeDep ROOT cors@2.8.6 OK for: coderush-team-apex-disaster-command@1.0.0 want: ^2.8.5
149 silly placeDep ROOT dotenv@16.6.1 OK for: coderush-team-apex-disaster-command@1.0.0 want: ^16.4.5
150 silly placeDep ROOT express@4.22.2 OK for: coderush-team-apex-disaster-command@1.0.0 want: ^4.19.2
151 silly placeDep ROOT leaflet@1.9.4 OK for: coderush-team-apex-disaster-command@1.0.0 want: ^1.9.4
152 silly placeDep ROOT leaflet-routing-machine@3.2.12 OK for: coderush-team-apex-disaster-command@1.0.0 want: ^3.2.12
153 silly placeDep ROOT lucide-react@0.427.0 OK for: coderush-team-apex-disaster-command@1.0.0 want: ^0.427.0
154 silly placeDep ROOT react@18.3.1 OK for: lucide-react@0.427.0 want: ^16.5.1 || ^17.0.0 || ^18.0.0 || ^19.0.0-rc
155 silly placeDep ROOT nodemailer@6.10.1 OK for: coderush-team-apex-disaster-command@1.0.0 want: ^6.9.14
156 silly placeDep ROOT react-dom@18.3.1 OK for: coderush-team-apex-disaster-command@1.0.0 want: ^18.3.1
157 silly placeDep ROOT react-leaflet@4.2.1 OK for: coderush-team-apex-disaster-command@1.0.0 want: ^4.2.1
158 silly placeDep ROOT react-router-dom@6.30.4 OK for: coderush-team-apex-disaster-command@1.0.0 want: ^6.26.0
159 silly placeDep ROOT recharts@2.15.4 OK for: coderush-team-apex-disaster-command@1.0.0 want: ^2.12.7
160 silly placeDep ROOT tailwind-merge@2.6.1 OK for: coderush-team-apex-disaster-command@1.0.0 want: ^2.5.2
161 silly placeDep ROOT tailwindcss@3.4.19 OK for: coderush-team-apex-disaster-command@1.0.0 want: ^3.4.9
162 silly fetch manifest tslib@^2.8.1
163 silly packumentCache full:https://registry.npmjs.org/tslib cache-miss
164 silly fetch manifest @turf/tag@7.4.0
165 silly packumentCache full:https://registry.npmjs.org/@turf%2ftag cache-miss
166 silly fetch manifest @turf/tin@7.4.0
167 silly packumentCache full:https://registry.npmjs.org/@turf%2ftin cache-miss
168 silly fetch manifest @turf/area@7.4.0
169 silly packumentCache full:https://registry.npmjs.org/@turf%2farea cache-miss
170 silly fetch manifest @turf/bbox@7.4.0
171 silly packumentCache full:https://registry.npmjs.org/@turf%2fbbox cache-miss
172 silly fetch manifest @turf/flip@7.4.0
173 silly packumentCache full:https://registry.npmjs.org/@turf%2fflip cache-miss
174 silly fetch manifest @turf/mask@7.4.0
175 silly packumentCache full:https://registry.npmjs.org/@turf%2fmask cache-miss
176 silly fetch manifest @turf/meta@7.4.0
177 silly packumentCache full:https://registry.npmjs.org/@turf%2fmeta cache-miss
178 silly fetch manifest @turf/along@7.4.0
179 silly packumentCache full:https://registry.npmjs.org/@turf%2falong cache-miss
180 http fetch GET 200 https://registry.npmjs.org/tslib 41ms (cache miss)
181 silly packumentCache full:https://registry.npmjs.org/tslib set size:undefined disposed:false
182 silly fetch manifest @turf/angle@7.4.0
183 silly packumentCache full:https://registry.npmjs.org/@turf%2fangle cache-miss
184 http fetch GET 200 https://registry.npmjs.org/@turf%2ftag 46ms (cache miss)
185 silly packumentCache full:https://registry.npmjs.org/@turf%2ftag set size:undefined disposed:false
186 silly fetch manifest @turf/clone@7.4.0
187 silly packumentCache full:https://registry.npmjs.org/@turf%2fclone cache-miss
188 http fetch GET 200 https://registry.npmjs.org/@turf%2fmask 88ms (cache miss)
189 silly packumentCache full:https://registry.npmjs.org/@turf%2fmask set size:undefined disposed:false
190 silly fetch manifest @turf/kinks@7.4.0
191 silly packumentCache full:https://registry.npmjs.org/@turf%2fkinks cache-miss
192 http fetch GET 200 https://registry.npmjs.org/@turf%2fangle 56ms (cache miss)
193 silly packumentCache full:https://registry.npmjs.org/@turf%2fangle set size:undefined disposed:false
194 silly fetch manifest @turf/union@7.4.0
195 silly packumentCache full:https://registry.npmjs.org/@turf%2funion cache-miss
196 http fetch GET 200 https://registry.npmjs.org/@turf%2falong 332ms (cache miss)
197 silly packumentCache full:https://registry.npmjs.org/@turf%2falong set size:undefined disposed:false
198 silly fetch manifest @turf/buffer@7.4.0
199 silly packumentCache full:https://registry.npmjs.org/@turf%2fbuffer cache-miss
200 http fetch GET 200 https://registry.npmjs.org/@turf%2fkinks 290ms (cache miss)
201 silly packumentCache full:https://registry.npmjs.org/@turf%2fkinks set size:undefined disposed:false
202 silly fetch manifest @turf/center@7.4.0
203 silly packumentCache full:https://registry.npmjs.org/@turf%2fcenter cache-miss
204 http fetch GET 200 https://registry.npmjs.org/@turf%2fmeta 557ms (cache miss)
205 silly packumentCache full:https://registry.npmjs.org/@turf%2fmeta set size:undefined disposed:false
206 silly fetch manifest @turf/circle@7.4.0
207 silly packumentCache full:https://registry.npmjs.org/@turf%2fcircle cache-miss
208 http fetch GET 200 https://registry.npmjs.org/@turf%2fbbox 573ms (cache miss)
209 silly packumentCache full:https://registry.npmjs.org/@turf%2fbbox set size:undefined disposed:false
210 silly fetch manifest @turf/convex@7.4.0
211 silly packumentCache full:https://registry.npmjs.org/@turf%2fconvex cache-miss
212 http fetch GET 200 https://registry.npmjs.org/@turf%2funion 565ms (cache miss)
213 silly packumentCache full:https://registry.npmjs.org/@turf%2funion set size:undefined disposed:false
214 silly fetch manifest @turf/length@7.4.0
215 silly packumentCache full:https://registry.npmjs.org/@turf%2flength cache-miss
216 http fetch GET 200 https://registry.npmjs.org/@turf%2ftin 713ms (cache miss)
217 silly packumentCache full:https://registry.npmjs.org/@turf%2ftin set size:undefined disposed:false
218 silly fetch manifest @turf/random@7.4.0
219 silly packumentCache full:https://registry.npmjs.org/@turf%2frandom cache-miss
220 http fetch GET 200 https://registry.npmjs.org/@turf%2fflip 723ms (cache miss)
221 silly packumentCache full:https://registry.npmjs.org/@turf%2fflip set size:undefined disposed:false
222 silly fetch manifest @turf/rewind@7.4.0
223 silly packumentCache full:https://registry.npmjs.org/@turf%2frewind cache-miss
224 http fetch GET 200 https://registry.npmjs.org/@turf%2fclone 692ms (cache miss)
225 silly packumentCache full:https://registry.npmjs.org/@turf%2fclone set size:undefined disposed:false
226 silly fetch manifest @turf/sample@7.4.0
227 silly packumentCache full:https://registry.npmjs.org/@turf%2fsample cache-miss
228 http fetch GET 200 https://registry.npmjs.org/@turf%2farea 822ms (cache miss)
229 silly packumentCache full:https://registry.npmjs.org/@turf%2farea set size:undefined disposed:false
230 silly fetch manifest @turf/sector@7.4.0
231 silly packumentCache full:https://registry.npmjs.org/@turf%2fsector cache-miss
232 http fetch GET 200 https://registry.npmjs.org/@turf%2fconvex 293ms (cache miss)
233 silly packumentCache full:https://registry.npmjs.org/@turf%2fconvex set size:undefined disposed:false
234 silly fetch manifest @turf/square@7.4.0
235 silly packumentCache full:https://registry.npmjs.org/@turf%2fsquare cache-miss
236 http fetch GET 200 https://registry.npmjs.org/@turf%2fbuffer 757ms (cache miss)
237 silly packumentCache full:https://registry.npmjs.org/@turf%2fbuffer set size:undefined disposed:false
238 silly fetch manifest @turf/bearing@7.4.0
239 silly packumentCache full:https://registry.npmjs.org/@turf%2fbearing cache-miss
240 http fetch GET 200 https://registry.npmjs.org/@turf%2fbearing 43ms (cache miss)
241 silly packumentCache full:https://registry.npmjs.org/@turf%2fbearing set size:undefined disposed:false
242 silly fetch manifest @turf/collect@7.4.0
243 silly packumentCache full:https://registry.npmjs.org/@turf%2fcollect cache-miss
244 http fetch GET 200 https://registry.npmjs.org/@turf%2fsquare 291ms (cache miss)
245 silly packumentCache full:https://registry.npmjs.org/@turf%2fsquare set size:undefined disposed:false
246 silly fetch manifest @turf/combine@7.4.0
247 silly packumentCache full:https://registry.npmjs.org/@turf%2fcombine cache-miss
248 http fetch GET 200 https://registry.npmjs.org/@turf%2fcenter 808ms (cache miss)
249 silly packumentCache full:https://registry.npmjs.org/@turf%2fcenter set size:undefined disposed:false
250 silly fetch manifest @turf/concave@7.4.0
251 silly packumentCache full:https://registry.npmjs.org/@turf%2fconcave cache-miss
252 http fetch GET 200 https://registry.npmjs.org/@turf%2fcircle 721ms (cache miss)
253 silly packumentCache full:https://registry.npmjs.org/@turf%2fcircle set size:undefined disposed:false
254 silly fetch manifest @turf/ellipse@7.4.0
255 silly packumentCache full:https://registry.npmjs.org/@turf%2fellipse cache-miss
256 http fetch GET 200 https://registry.npmjs.org/@turf%2fsector 504ms (cache miss)
257 silly packumentCache full:https://registry.npmjs.org/@turf%2fsector set size:undefined disposed:false
258 silly fetch manifest @turf/explode@7.4.0
259 silly packumentCache full:https://registry.npmjs.org/@turf%2fexplode cache-miss
260 http fetch GET 200 https://registry.npmjs.org/@turf%2flength 700ms (cache miss)
261 silly packumentCache full:https://registry.npmjs.org/@turf%2flength set size:undefined disposed:false
262 silly fetch manifest @turf/flatten@7.4.0
263 silly packumentCache full:https://registry.npmjs.org/@turf%2fflatten cache-miss
264 http fetch GET 200 https://registry.npmjs.org/@turf%2frandom 676ms (cache miss)
265 silly packumentCache full:https://registry.npmjs.org/@turf%2frandom set size:undefined disposed:false
266 silly fetch manifest @turf/helpers@7.4.0
267 silly packumentCache full:https://registry.npmjs.org/@turf%2fhelpers cache-miss
268 http fetch GET 200 https://registry.npmjs.org/@turf%2frewind 671ms (cache miss)
269 silly packumentCache full:https://registry.npmjs.org/@turf%2frewind set size:undefined disposed:false
270 silly fetch manifest @turf/voronoi@7.4.0
271 silly packumentCache full:https://registry.npmjs.org/@turf%2fvoronoi cache-miss
272 http fetch GET 200 https://registry.npmjs.org/@turf%2fvoronoi 53ms (cache miss)
273 silly packumentCache full:https://registry.npmjs.org/@turf%2fvoronoi set size:undefined disposed:false
274 silly fetch manifest @types/kdbush@^3.0.5
275 silly packumentCache full:https://registry.npmjs.org/@types%2fkdbush cache-miss
276 http fetch GET 200 https://registry.npmjs.org/@turf%2fsample 722ms (cache miss)
277 silly packumentCache full:https://registry.npmjs.org/@turf%2fsample set size:undefined disposed:false
278 silly fetch manifest @turf/centroid@7.4.0
279 silly packumentCache full:https://registry.npmjs.org/@turf%2fcentroid cache-miss
280 http fetch GET 200 https://registry.npmjs.org/@turf%2fexplode 224ms (cache miss)
281 silly packumentCache full:https://registry.npmjs.org/@turf%2fexplode set size:undefined disposed:false
282 silly fetch manifest @turf/clusters@7.4.0
283 silly packumentCache full:https://registry.npmjs.org/@turf%2fclusters cache-miss
284 http fetch GET 200 https://registry.npmjs.org/@turf%2fclusters 42ms (cache miss)
285 silly packumentCache full:https://registry.npmjs.org/@turf%2fclusters set size:undefined disposed:false
286 silly fetch manifest @turf/dissolve@7.4.0
287 silly packumentCache full:https://registry.npmjs.org/@turf%2fdissolve cache-miss
288 http fetch GET 200 https://registry.npmjs.org/@turf%2fdissolve 42ms (cache miss)
289 silly packumentCache full:https://registry.npmjs.org/@turf%2fdissolve set size:undefined disposed:false
290 silly fetch manifest @turf/distance@7.4.0
291 silly packumentCache full:https://registry.npmjs.org/@turf%2fdistance cache-miss
292 http fetch GET 200 https://registry.npmjs.org/@turf%2fcollect 718ms (cache miss)
293 silly packumentCache full:https://registry.npmjs.org/@turf%2fcollect set size:undefined disposed:false
294 silly fetch manifest @turf/envelope@7.4.0
295 silly packumentCache full:https://registry.npmjs.org/@turf%2fenvelope cache-miss
296 http fetch GET 200 https://registry.npmjs.org/@turf%2fcombine 702ms (cache miss)
297 silly packumentCache full:https://registry.npmjs.org/@turf%2fcombine set size:undefined disposed:false
298 silly fetch manifest @turf/hex-grid@7.4.0
299 silly packumentCache full:https://registry.npmjs.org/@turf%2fhex-grid cache-miss
300 http fetch GET 200 https://registry.npmjs.org/@turf%2fconcave 718ms (cache miss)
301 silly packumentCache full:https://registry.npmjs.org/@turf%2fconcave set size:undefined disposed:false
302 silly fetch manifest @turf/isobands@7.4.0
303 silly packumentCache full:https://registry.npmjs.org/@turf%2fisobands cache-miss
304 http fetch GET 200 https://registry.npmjs.org/@turf%2fflatten 567ms (cache miss)
305 silly packumentCache full:https://registry.npmjs.org/@turf%2fflatten set size:undefined disposed:false
306 silly fetch manifest @turf/isolines@7.4.0
307 silly packumentCache full:https://registry.npmjs.org/@turf%2fisolines cache-miss
308 http fetch GET 200 https://registry.npmjs.org/@types%2fkdbush 534ms (cache miss)
309 silly packumentCache full:https://registry.npmjs.org/@types%2fkdbush set size:undefined disposed:false
310 silly fetch manifest @turf/line-arc@7.4.0
311 silly packumentCache full:https://registry.npmjs.org/@turf%2fline-arc cache-miss
312 http fetch GET 200 https://registry.npmjs.org/@turf%2fellipse 721ms (cache miss)
313 silly packumentCache full:https://registry.npmjs.org/@turf%2fellipse set size:undefined disposed:false
314 silly fetch manifest @turf/midpoint@7.4.0
315 silly packumentCache full:https://registry.npmjs.org/@turf%2fmidpoint cache-miss
316 http fetch GET 200 https://registry.npmjs.org/@turf%2fhelpers 663ms (cache miss)
317 silly packumentCache full:https://registry.npmjs.org/@turf%2fhelpers set size:undefined disposed:false
318 silly fetch manifest @turf/simplify@7.4.0
319 silly packumentCache full:https://registry.npmjs.org/@turf%2fsimplify cache-miss
320 http fetch GET 200 https://registry.npmjs.org/@turf%2fcentroid 789ms (cache miss)
321 silly packumentCache full:https://registry.npmjs.org/@turf%2fcentroid set size:undefined disposed:false
322 silly fetch manifest @turf/truncate@7.4.0
323 silly packumentCache full:https://registry.npmjs.org/@turf%2ftruncate cache-miss
324 http fetch GET 200 https://registry.npmjs.org/@turf%2fenvelope 540ms (cache miss)
325 silly packumentCache full:https://registry.npmjs.org/@turf%2fenvelope set size:undefined disposed:false
326 silly fetch manifest @types/geojson@^7946.0.10
327 silly packumentCache full:https://registry.npmjs.org/@types%2fgeojson cache-miss
328 http fetch GET 200 https://registry.npmjs.org/@turf%2fdistance 765ms (cache miss)
329 silly packumentCache full:https://registry.npmjs.org/@turf%2fdistance set size:undefined disposed:false
330 silly fetch manifest @turf/bbox-clip@7.4.0
331 silly packumentCache full:https://registry.npmjs.org/@turf%2fbbox-clip cache-miss
332 http fetch GET 200 https://registry.npmjs.org/@types%2fgeojson 35ms (cache miss)
333 silly packumentCache full:https://registry.npmjs.org/@types%2fgeojson set size:undefined disposed:false
334 silly fetch manifest @turf/intersect@7.4.0
335 silly packumentCache full:https://registry.npmjs.org/@turf%2fintersect cache-miss
336 http fetch GET 200 https://registry.npmjs.org/@turf%2fintersect 40ms (cache miss)
337 silly packumentCache full:https://registry.npmjs.org/@turf%2fintersect set size:undefined disposed:false
338 silly fetch manifest @turf/invariant@7.4.0
339 silly packumentCache full:https://registry.npmjs.org/@turf%2finvariant cache-miss
340 http fetch GET 200 https://registry.npmjs.org/@turf%2fisolines 548ms (cache miss)
341 silly packumentCache full:https://registry.npmjs.org/@turf%2fisolines set size:undefined disposed:false
342 silly fetch manifest @turf/tesselate@7.4.0
343 silly packumentCache full:https://registry.npmjs.org/@turf%2ftesselate cache-miss
344 http fetch GET 200 https://registry.npmjs.org/@turf%2fline-arc 533ms (cache miss)
345 silly packumentCache full:https://registry.npmjs.org/@turf%2fline-arc set size:undefined disposed:false
346 silly fetch manifest @turf/difference@7.4.0
347 silly packumentCache full:https://registry.npmjs.org/@turf%2fdifference cache-miss
348 http fetch GET 200 https://registry.npmjs.org/@turf%2fdifference 42ms (cache miss)
349 silly packumentCache full:https://registry.npmjs.org/@turf%2fdifference set size:undefined disposed:false
350 silly fetch manifest @turf/line-chunk@7.4.0
351 silly packumentCache full:https://registry.npmjs.org/@turf%2fline-chunk cache-miss
352 http fetch GET 200 https://registry.npmjs.org/@turf%2fhex-grid 716ms (cache miss)
353 silly packumentCache full:https://registry.npmjs.org/@turf%2fhex-grid set size:undefined disposed:false
354 silly fetch manifest @turf/line-slice@7.4.0
355 silly packumentCache full:https://registry.npmjs.org/@turf%2fline-slice cache-miss
356 http fetch GET 200 https://registry.npmjs.org/@turf%2fline-chunk 39ms (cache miss)
357 silly packumentCache full:https://registry.npmjs.org/@turf%2fline-chunk set size:undefined disposed:false
358 silly fetch manifest @turf/line-split@7.4.0
359 silly packumentCache full:https://registry.npmjs.org/@turf%2fline-split cache-miss
360 http fetch GET 200 https://registry.npmjs.org/@turf%2fisobands 767ms (cache miss)
361 silly packumentCache full:https://registry.npmjs.org/@turf%2fisobands set size:undefined disposed:false
362 silly fetch manifest @turf/planepoint@7.4.0
363 silly packumentCache full:https://registry.npmjs.org/@turf%2fplanepoint cache-miss
364 http fetch GET 200 https://registry.npmjs.org/@turf%2fmidpoint 678ms (cache miss)
365 silly packumentCache full:https://registry.npmjs.org/@turf%2fmidpoint set size:undefined disposed:false
366 silly fetch manifest @turf/point-grid@7.4.0
367 silly packumentCache full:https://registry.npmjs.org/@turf%2fpoint-grid cache-miss
368 http fetch GET 200 https://registry.npmjs.org/@turf%2finvariant 267ms (cache miss)
369 silly packumentCache full:https://registry.npmjs.org/@turf%2finvariant set size:undefined disposed:false
370 silly fetch manifest @turf/polygonize@7.4.0
371 silly packumentCache full:https://registry.npmjs.org/@turf%2fpolygonize cache-miss
372 http fetch GET 200 https://registry.npmjs.org/@turf%2fsimplify 692ms (cache miss)
373 silly packumentCache full:https://registry.npmjs.org/@turf%2fsimplify set size:undefined disposed:false
374 silly fetch manifest @turf/projection@7.4.0
375 silly packumentCache full:https://registry.npmjs.org/@turf%2fprojection cache-miss
376 http fetch GET 200 https://registry.npmjs.org/@turf%2fline-slice 234ms (cache miss)
377 silly packumentCache full:https://registry.npmjs.org/@turf%2fline-slice set size:undefined disposed:false
378 silly fetch manifest @turf/center-mean@7.4.0
379 silly packumentCache full:https://registry.npmjs.org/@turf%2fcenter-mean cache-miss
380 http fetch GET 200 https://registry.npmjs.org/@turf%2fcenter-mean 37ms (cache miss)
381 silly packumentCache full:https://registry.npmjs.org/@turf%2fcenter-mean set size:undefined disposed:false
382 silly fetch manifest @turf/destination@7.4.0
383 silly packumentCache full:https://registry.npmjs.org/@turf%2fdestination cache-miss
384 http fetch GET 200 https://registry.npmjs.org/@turf%2ftruncate 692ms (cache miss)
385 silly packumentCache full:https://registry.npmjs.org/@turf%2ftruncate set size:undefined disposed:false
386 silly fetch manifest @turf/interpolate@7.4.0
387 silly packumentCache full:https://registry.npmjs.org/@turf%2finterpolate cache-miss
388 http fetch GET 200 https://registry.npmjs.org/@turf%2finterpolate 42ms (cache miss)
389 silly packumentCache full:https://registry.npmjs.org/@turf%2finterpolate set size:undefined disposed:false
390 silly fetch manifest @turf/line-offset@7.4.0
391 silly packumentCache full:https://registry.npmjs.org/@turf%2fline-offset cache-miss
392 http fetch GET 200 https://registry.npmjs.org/@turf%2fline-offset 39ms (cache miss)
393 silly packumentCache full:https://registry.npmjs.org/@turf%2fline-offset set size:undefined disposed:false
394 silly fetch manifest @turf/moran-index@7.4.0
395 silly packumentCache full:https://registry.npmjs.org/@turf%2fmoran-index cache-miss
396 http fetch GET 200 https://registry.npmjs.org/@turf%2fpolygonize 303ms (cache miss)
397 silly packumentCache full:https://registry.npmjs.org/@turf%2fpolygonize set size:undefined disposed:false
398 silly fetch manifest @turf/square-grid@7.4.0
399 silly packumentCache full:https://registry.npmjs.org/@turf%2fsquare-grid cache-miss
400 http fetch GET 200 https://registry.npmjs.org/@turf%2fmoran-index 39ms (cache miss)
401 silly packumentCache full:https://registry.npmjs.org/@turf%2fmoran-index set size:undefined disposed:false
402 silly fetch manifest @turf/bbox-polygon@7.4.0
403 silly packumentCache full:https://registry.npmjs.org/@turf%2fbbox-polygon cache-miss
404 http fetch GET 200 https://registry.npmjs.org/@turf%2fline-split 558ms (cache miss)
405 silly packumentCache full:https://registry.npmjs.org/@turf%2fline-split set size:undefined disposed:false
406 silly fetch manifest @turf/clean-coords@7.4.0
407 silly packumentCache full:https://registry.npmjs.org/@turf%2fclean-coords cache-miss
408 http fetch GET 200 https://registry.npmjs.org/@turf%2fbbox-clip 779ms (cache miss)
409 silly packumentCache full:https://registry.npmjs.org/@turf%2fbbox-clip set size:undefined disposed:false
410 silly fetch manifest @turf/great-circle@7.4.0
411 silly packumentCache full:https://registry.npmjs.org/@turf%2fgreat-circle cache-miss
412 http fetch GET 200 https://registry.npmjs.org/@turf%2fpoint-grid 552ms (cache miss)
413 silly packumentCache full:https://registry.npmjs.org/@turf%2fpoint-grid set size:undefined disposed:false
414 silly fetch manifest @turf/line-overlap@7.4.0
415 silly packumentCache full:https://registry.npmjs.org/@turf%2fline-overlap cache-miss
416 http fetch GET 200 https://registry.npmjs.org/@turf%2ftesselate 910ms (cache miss)
417 silly packumentCache full:https://registry.npmjs.org/@turf%2ftesselate set size:undefined disposed:false
418 silly fetch manifest @turf/line-segment@7.4.0
419 silly packumentCache full:https://registry.npmjs.org/@turf%2fline-segment cache-miss
420 http fetch GET 200 https://registry.npmjs.org/@turf%2fline-overlap 180ms (cache miss)
421 silly packumentCache full:https://registry.npmjs.org/@turf%2fline-overlap set size:undefined disposed:false
422 silly fetch manifest @turf/bezier-spline@7.4.0
423 silly packumentCache full:https://registry.npmjs.org/@turf%2fbezier-spline cache-miss
424 http fetch GET 200 https://registry.npmjs.org/@turf%2fprojection 702ms (cache miss)
425 silly packumentCache full:https://registry.npmjs.org/@turf%2fprojection set size:undefined disposed:false
426 silly fetch manifest @turf/boolean-equal@7.4.0
427 silly packumentCache full:https://registry.npmjs.org/@turf%2fboolean-equal cache-miss
428 http fetch GET 200 https://registry.npmjs.org/@turf%2fdestination 687ms (cache miss)
429 silly packumentCache full:https://registry.npmjs.org/@turf%2fdestination set size:undefined disposed:false
430 silly fetch manifest @turf/boolean-valid@7.4.0
431 silly packumentCache full:https://registry.npmjs.org/@turf%2fboolean-valid cache-miss
432 http fetch GET 200 https://registry.npmjs.org/@turf%2fplanepoint 978ms (cache miss)
433 silly packumentCache full:https://registry.npmjs.org/@turf%2fplanepoint set size:undefined disposed:false
434 silly fetch manifest @turf/center-median@7.4.0
435 silly packumentCache full:https://registry.npmjs.org/@turf%2fcenter-median cache-miss
436 http fetch GET 200 https://registry.npmjs.org/@turf%2fcenter-median 41ms (cache miss)
437 silly packumentCache full:https://registry.npmjs.org/@turf%2fcenter-median set size:undefined disposed:false
438 silly fetch manifest @turf/geojson-rbush@7.4.0
439 silly packumentCache full:https://registry.npmjs.org/@turf%2fgeojson-rbush cache-miss
440 http fetch GET 200 https://registry.npmjs.org/@turf%2fsquare-grid 742ms (cache miss)
441 silly packumentCache full:https://registry.npmjs.org/@turf%2fsquare-grid set size:undefined disposed:false
442 silly fetch manifest @turf/nearest-point@7.4.0
443 silly packumentCache full:https://registry.npmjs.org/@turf%2fnearest-point cache-miss
444 http fetch GET 200 https://registry.npmjs.org/@turf%2fbbox-polygon 777ms (cache miss)
445 silly packumentCache full:https://registry.npmjs.org/@turf%2fbbox-polygon set size:undefined disposed:false
446 silly fetch manifest @turf/rhumb-bearing@7.4.0
447 silly packumentCache full:https://registry.npmjs.org/@turf%2frhumb-bearing cache-miss
448 http fetch GET 200 https://registry.npmjs.org/@turf%2fclean-coords 690ms (cache miss)
449 silly packumentCache full:https://registry.npmjs.org/@turf%2fclean-coords set size:undefined disposed:false
450 silly fetch manifest @turf/shortest-path@7.4.0
451 silly packumentCache full:https://registry.npmjs.org/@turf%2fshortest-path cache-miss
452 http fetch GET 200 https://registry.npmjs.org/@turf%2fnearest-point 57ms (cache miss)
453 silly packumentCache full:https://registry.npmjs.org/@turf%2fnearest-point set size:undefined disposed:false
454 silly fetch manifest @turf/triangle-grid@7.4.0
455 silly packumentCache full:https://registry.npmjs.org/@turf%2ftriangle-grid cache-miss
456 http fetch GET 200 https://registry.npmjs.org/@turf%2fgreat-circle 716ms (cache miss)
457 silly packumentCache full:https://registry.npmjs.org/@turf%2fgreat-circle set size:undefined disposed:false
458 silly fetch manifest @turf/boolean-within@7.4.0
459 silly packumentCache full:https://registry.npmjs.org/@turf%2fboolean-within cache-miss
460 http fetch GET 200 https://registry.npmjs.org/@turf%2fbezier-spline 547ms (cache miss)
461 silly packumentCache full:https://registry.npmjs.org/@turf%2fbezier-spline set size:undefined disposed:false
462 silly fetch manifest @turf/center-of-mass@7.4.0
463 silly packumentCache full:https://registry.npmjs.org/@turf%2fcenter-of-mass cache-miss
464 http fetch GET 200 https://registry.npmjs.org/@turf%2fline-segment 613ms (cache miss)
465 silly packumentCache full:https://registry.npmjs.org/@turf%2fline-segment set size:undefined disposed:false
466 silly fetch manifest @turf/line-intersect@7.4.0
467 silly packumentCache full:https://registry.npmjs.org/@turf%2fline-intersect cache-miss
468 http fetch GET 200 https://registry.npmjs.org/@turf%2fboolean-valid 572ms (cache miss)
469 silly packumentCache full:https://registry.npmjs.org/@turf%2fboolean-valid set size:undefined disposed:false
470 silly fetch manifest @turf/polygon-smooth@7.4.0
471 silly packumentCache full:https://registry.npmjs.org/@turf%2fpolygon-smooth cache-miss
472 http fetch GET 200 https://registry.npmjs.org/@turf%2frhumb-bearing 293ms (cache miss)
473 silly packumentCache full:https://registry.npmjs.org/@turf%2frhumb-bearing set size:undefined disposed:false
474 silly fetch manifest @turf/rectangle-grid@7.4.0
475 silly packumentCache full:https://registry.npmjs.org/@turf%2frectangle-grid cache-miss
476 http fetch GET 200 https://registry.npmjs.org/@turf%2fpolygon-smooth 37ms (cache miss)
477 silly packumentCache full:https://registry.npmjs.org/@turf%2fpolygon-smooth set size:undefined disposed:false
478 silly fetch manifest @turf/rhumb-distance@7.4.0
479 silly packumentCache full:https://registry.npmjs.org/@turf%2frhumb-distance cache-miss
480 http fetch GET 200 https://registry.npmjs.org/@turf%2fboolean-equal 731ms (cache miss)
481 silly packumentCache full:https://registry.npmjs.org/@turf%2fboolean-equal set size:undefined disposed:false
482 silly fetch manifest @turf/unkink-polygon@7.4.0
483 silly packumentCache full:https://registry.npmjs.org/@turf%2funkink-polygon cache-miss
484 http fetch GET 200 https://registry.npmjs.org/@turf%2fgeojson-rbush 711ms (cache miss)
485 silly packumentCache full:https://registry.npmjs.org/@turf%2fgeojson-rbush set size:undefined disposed:false
486 silly fetch manifest @turf/boolean-concave@7.4.0
487 silly packumentCache full:https://registry.npmjs.org/@turf%2fboolean-concave cache-miss
488 http fetch GET 200 https://registry.npmjs.org/@turf%2frhumb-distance 285ms (cache miss)
489 silly packumentCache full:https://registry.npmjs.org/@turf%2frhumb-distance set size:undefined disposed:false
490 silly fetch manifest @turf/boolean-crosses@7.4.0
491 silly packumentCache full:https://registry.npmjs.org/@turf%2fboolean-crosses cache-miss
492 http fetch GET 200 https://registry.npmjs.org/@turf%2fshortest-path 635ms (cache miss)
493 silly packumentCache full:https://registry.npmjs.org/@turf%2fshortest-path set size:undefined disposed:false
494 silly fetch manifest @turf/boolean-overlap@7.4.0
495 silly packumentCache full:https://registry.npmjs.org/@turf%2fboolean-overlap cache-miss
496 http fetch GET 200 https://registry.npmjs.org/@turf%2ftriangle-grid 731ms (cache miss)
497 silly packumentCache full:https://registry.npmjs.org/@turf%2ftriangle-grid set size:undefined disposed:false
498 silly fetch manifest @turf/boolean-touches@7.4.0
499 silly packumentCache full:https://registry.npmjs.org/@turf%2fboolean-touches cache-miss
500 http fetch GET 200 https://registry.npmjs.org/@turf%2fline-intersect 598ms (cache miss)
501 silly packumentCache full:https://registry.npmjs.org/@turf%2fline-intersect set size:undefined disposed:false
502 silly fetch manifest @turf/clusters-dbscan@7.4.0
503 silly packumentCache full:https://registry.npmjs.org/@turf%2fclusters-dbscan cache-miss
504 http fetch GET 200 https://registry.npmjs.org/@turf%2fboolean-touches 42ms (cache miss)
505 silly packumentCache full:https://registry.npmjs.org/@turf%2fboolean-touches set size:undefined disposed:false
506 silly fetch manifest @turf/clusters-kmeans@7.4.0
507 silly packumentCache full:https://registry.npmjs.org/@turf%2fclusters-kmeans cache-miss
508 http fetch GET 200 https://registry.npmjs.org/@turf%2fboolean-within 725ms (cache miss)
509 silly packumentCache full:https://registry.npmjs.org/@turf%2fboolean-within set size:undefined disposed:false
510 silly fetch manifest @turf/distance-weight@7.4.0
511 silly packumentCache full:https://registry.npmjs.org/@turf%2fdistance-weight cache-miss
512 http fetch GET 200 https://registry.npmjs.org/@turf%2fcenter-of-mass 668ms (cache miss)
513 silly packumentCache full:https://registry.npmjs.org/@turf%2fcenter-of-mass set size:undefined disposed:false
514 silly fetch manifest @turf/line-to-polygon@7.4.0
515 silly packumentCache full:https://registry.npmjs.org/@turf%2fline-to-polygon cache-miss
516 http fetch GET 200 https://registry.npmjs.org/@turf%2fboolean-overlap 230ms (cache miss)
517 silly packumentCache full:https://registry.npmjs.org/@turf%2fboolean-overlap set size:undefined disposed:false
518 silly fetch manifest @turf/polygon-to-line@7.4.0
519 silly packumentCache full:https://registry.npmjs.org/@turf%2fpolygon-to-line cache-miss
520 http fetch GET 200 https://registry.npmjs.org/@turf%2funkink-polygon 700ms (cache miss)
521 silly packumentCache full:https://registry.npmjs.org/@turf%2funkink-polygon set size:undefined disposed:false
522 silly fetch manifest @turf/transform-scale@7.4.0
523 silly packumentCache full:https://registry.npmjs.org/@turf%2ftransform-scale cache-miss
524 http fetch GET 200 https://registry.npmjs.org/@turf%2frectangle-grid 767ms (cache miss)
525 silly packumentCache full:https://registry.npmjs.org/@turf%2frectangle-grid set size:undefined disposed:false
526 silly fetch manifest @turf/boolean-contains@7.4.0
527 silly packumentCache full:https://registry.npmjs.org/@turf%2fboolean-contains cache-miss
528 http fetch GET 200 https://registry.npmjs.org/@turf%2fboolean-contains 40ms (cache miss)
529 silly packumentCache full:https://registry.npmjs.org/@turf%2fboolean-contains set size:undefined disposed:false
530 silly fetch manifest @turf/boolean-disjoint@7.4.0
531 silly packumentCache full:https://registry.npmjs.org/@turf%2fboolean-disjoint cache-miss
532 http fetch GET 200 https://registry.npmjs.org/@turf%2fdistance-weight 485ms (cache miss)
533 silly packumentCache full:https://registry.npmjs.org/@turf%2fdistance-weight set size:undefined disposed:false
534 silly fetch manifest @turf/boolean-parallel@7.4.0
535 silly packumentCache full:https://registry.npmjs.org/@turf%2fboolean-parallel cache-miss
536 http fetch GET 200 https://registry.npmjs.org/@turf%2fboolean-concave 707ms (cache miss)
537 silly packumentCache full:https://registry.npmjs.org/@turf%2fboolean-concave set size:undefined disposed:false
538 silly fetch manifest @turf/directional-mean@7.4.0
539 silly packumentCache full:https://registry.npmjs.org/@turf%2fdirectional-mean cache-miss
540 http fetch GET 200 https://registry.npmjs.org/@turf%2fboolean-crosses 686ms (cache miss)
541 silly packumentCache full:https://registry.npmjs.org/@turf%2fboolean-crosses set size:undefined disposed:false
542 silly fetch manifest @turf/line-slice-along@7.4.0
543 silly packumentCache full:https://registry.npmjs.org/@turf%2fline-slice-along cache-miss
544 http fetch GET 200 https://registry.npmjs.org/@turf%2fclusters-dbscan 571ms (cache miss)
545 silly packumentCache full:https://registry.npmjs.org/@turf%2fclusters-dbscan set size:undefined disposed:false
546 silly fetch manifest @turf/point-on-feature@7.4.0
547 silly packumentCache full:https://registry.npmjs.org/@turf%2fpoint-on-feature cache-miss
548 http fetch GET 200 https://registry.npmjs.org/@turf%2fpolygon-to-line 526ms (cache miss)
549 silly packumentCache full:https://registry.npmjs.org/@turf%2fpolygon-to-line set size:undefined disposed:false
550 silly fetch manifest @turf/polygon-tangents@7.4.0
551 silly packumentCache full:https://registry.npmjs.org/@turf%2fpolygon-tangents cache-miss
552 http fetch GET 200 https://registry.npmjs.org/@turf%2fpoint-on-feature 86ms (cache miss)
553 silly packumentCache full:https://registry.npmjs.org/@turf%2fpoint-on-feature set size:undefined disposed:false
554 silly fetch manifest @turf/quadrat-analysis@7.4.0
555 silly packumentCache full:https://registry.npmjs.org/@turf%2fquadrat-analysis cache-miss
556 http fetch GET 200 https://registry.npmjs.org/@turf%2fline-to-polygon 710ms (cache miss)
557 silly packumentCache full:https://registry.npmjs.org/@turf%2fline-to-polygon set size:undefined disposed:false
558 silly fetch manifest @turf/transform-rotate@7.4.0
559 silly packumentCache full:https://registry.npmjs.org/@turf%2ftransform-rotate cache-miss
560 http fetch GET 200 https://registry.npmjs.org/@turf%2ftransform-rotate 50ms (cache miss)
561 silly packumentCache full:https://registry.npmjs.org/@turf%2ftransform-rotate set size:undefined disposed:false
562 silly fetch manifest @turf/boolean-clockwise@7.4.0
563 silly packumentCache full:https://registry.npmjs.org/@turf%2fboolean-clockwise cache-miss
564 http fetch GET 200 https://registry.npmjs.org/@turf%2fline-slice-along 283ms (cache miss)
565 silly packumentCache full:https://registry.npmjs.org/@turf%2fline-slice-along set size:undefined disposed:false
566 silly fetch manifest @turf/rhumb-destination@7.4.0
567 silly packumentCache full:https://registry.npmjs.org/@turf%2frhumb-destination cache-miss
568 http fetch GET 200 https://registry.npmjs.org/@turf%2fdirectional-mean 298ms (cache miss)
569 silly packumentCache full:https://registry.npmjs.org/@turf%2fdirectional-mean set size:undefined disposed:false
570 silly fetch manifest @turf/boolean-intersects@7.4.0
571 silly packumentCache full:https://registry.npmjs.org/@turf%2fboolean-intersects cache-miss
572 http fetch GET 200 https://registry.npmjs.org/@turf%2fboolean-intersects 38ms (cache miss)
573 silly packumentCache full:https://registry.npmjs.org/@turf%2fboolean-intersects set size:undefined disposed:false
574 silly fetch manifest @turf/transform-translate@7.4.0
575 silly packumentCache full:https://registry.npmjs.org/@turf%2ftransform-translate cache-miss
576 http fetch GET 200 https://registry.npmjs.org/@turf%2fclusters-kmeans 831ms (cache miss)
577 silly packumentCache full:https://registry.npmjs.org/@turf%2fclusters-kmeans set size:undefined disposed:false
578 silly fetch manifest @turf/boolean-point-on-line@7.4.0
579 silly packumentCache full:https://registry.npmjs.org/@turf%2fboolean-point-on-line cache-miss
580 http fetch GET 200 https://registry.npmjs.org/@turf%2fquadrat-analysis 264ms (cache miss)
581 silly packumentCache full:https://registry.npmjs.org/@turf%2fquadrat-analysis set size:undefined disposed:false
582 silly fetch manifest @turf/nearest-point-on-line@7.4.0
583 silly packumentCache full:https://registry.npmjs.org/@turf%2fnearest-point-on-line cache-miss
584 http fetch GET 200 https://registry.npmjs.org/@turf%2ftransform-scale 694ms (cache miss)
585 silly packumentCache full:https://registry.npmjs.org/@turf%2ftransform-scale set size:undefined disposed:false
586 silly fetch manifest @turf/nearest-point-to-line@7.4.0
587 silly packumentCache full:https://registry.npmjs.org/@turf%2fnearest-point-to-line cache-miss
588 http fetch GET 200 https://registry.npmjs.org/@turf%2fboolean-disjoint 693ms (cache miss)
589 silly packumentCache full:https://registry.npmjs.org/@turf%2fboolean-disjoint set size:undefined disposed:false
590 silly fetch manifest @turf/points-within-polygon@7.4.0
591 silly packumentCache full:https://registry.npmjs.org/@turf%2fpoints-within-polygon cache-miss
592 http fetch GET 200 https://registry.npmjs.org/@turf%2fnearest-point-on-line 219ms (cache miss)
593 silly packumentCache full:https://registry.npmjs.org/@turf%2fnearest-point-on-line set size:undefined disposed:false
594 silly fetch manifest @turf/point-to-line-distance@7.4.0
595 silly packumentCache full:https://registry.npmjs.org/@turf%2fpoint-to-line-distance cache-miss
596 http fetch GET 200 https://registry.npmjs.org/@turf%2fboolean-parallel 793ms (cache miss)
597 silly packumentCache full:https://registry.npmjs.org/@turf%2fboolean-parallel set size:undefined disposed:false
598 silly fetch manifest @turf/boolean-point-in-polygon@7.4.0
599 silly packumentCache full:https://registry.npmjs.org/@turf%2fboolean-point-in-polygon cache-miss
600 http fetch GET 200 https://registry.npmjs.org/@turf%2fboolean-clockwise 760ms (cache miss)
601 silly packumentCache full:https://registry.npmjs.org/@turf%2fboolean-clockwise set size:undefined disposed:false
602 silly fetch manifest @turf/nearest-neighbor-analysis@7.4.0
603 silly packumentCache full:https://registry.npmjs.org/@turf%2fnearest-neighbor-analysis cache-miss
604 http fetch GET 200 https://registry.npmjs.org/@turf%2frhumb-destination 752ms (cache miss)
605 silly packumentCache full:https://registry.npmjs.org/@turf%2frhumb-destination set size:undefined disposed:false
606 silly fetch manifest @turf/point-to-polygon-distance@7.4.0
607 silly packumentCache full:https://registry.npmjs.org/@turf%2fpoint-to-polygon-distance cache-miss
608 http fetch GET 200 https://registry.npmjs.org/@turf%2ftransform-translate 760ms (cache miss)
609 silly packumentCache full:https://registry.npmjs.org/@turf%2ftransform-translate set size:undefined disposed:false
610 silly fetch manifest @turf/standard-deviational-ellipse@7.4.0
611 silly packumentCache full:https://registry.npmjs.org/@turf%2fstandard-deviational-ellipse cache-miss
612 http fetch GET 200 https://registry.npmjs.org/@turf%2fboolean-point-on-line 763ms (cache miss)
613 silly packumentCache full:https://registry.npmjs.org/@turf%2fboolean-point-on-line set size:undefined disposed:false
614 silly fetch manifest csstype@^3.2.2
615 silly packumentCache full:https://registry.npmjs.org/csstype cache-miss
616 http fetch GET 200 https://registry.npmjs.org/@turf%2fpolygon-tangents 994ms (cache miss)
617 silly packumentCache full:https://registry.npmjs.org/@turf%2fpolygon-tangents set size:undefined disposed:false
618 silly fetch manifest @types/prop-types@*
619 silly packumentCache full:https://registry.npmjs.org/@types%2fprop-types cache-miss
620 http fetch GET 200 https://registry.npmjs.org/csstype 36ms (cache miss)
621 silly packumentCache full:https://registry.npmjs.org/csstype set size:undefined disposed:false
622 silly fetch manifest @babel/core@^7.28.0
623 silly packumentCache full:https://registry.npmjs.org/@babel%2fcore cache-miss
624 http fetch GET 200 https://registry.npmjs.org/@babel%2fcore 78ms (cache miss)
625 silly packumentCache full:https://registry.npmjs.org/@babel%2fcore set size:undefined disposed:false
626 silly fetch manifest react-refresh@^0.17.0
627 silly packumentCache full:https://registry.npmjs.org/react-refresh cache-miss
628 http fetch GET 200 https://registry.npmjs.org/@turf%2fpoint-to-line-distance 706ms (cache miss)
629 silly packumentCache full:https://registry.npmjs.org/@turf%2fpoint-to-line-distance set size:undefined disposed:false
630 silly fetch manifest @types/babel__core@^7.20.5
631 silly packumentCache full:https://registry.npmjs.org/@types%2fbabel__core cache-miss
632 http fetch GET 200 https://registry.npmjs.org/@turf%2fstandard-deviational-ellipse 287ms (cache miss)
633 silly packumentCache full:https://registry.npmjs.org/@turf%2fstandard-deviational-ellipse set size:undefined disposed:false
634 silly fetch manifest @rolldown/pluginutils@1.0.0-beta.27
635 silly packumentCache full:https://registry.npmjs.org/@rolldown%2fpluginutils cache-miss
636 http fetch GET 200 https://registry.npmjs.org/@types%2fbabel__core 84ms (cache miss)
637 silly packumentCache full:https://registry.npmjs.org/@types%2fbabel__core set size:undefined disposed:false
638 silly fetch manifest @babel/plugin-transform-react-jsx-self@^7.27.1
639 silly packumentCache full:https://registry.npmjs.org/@babel%2fplugin-transform-react-jsx-self cache-miss
640 http fetch GET 200 https://registry.npmjs.org/@rolldown%2fpluginutils 45ms (cache miss)
641 silly packumentCache full:https://registry.npmjs.org/@rolldown%2fpluginutils set size:undefined disposed:false
642 silly fetch manifest @babel/plugin-transform-react-jsx-source@^7.27.1
643 silly packumentCache full:https://registry.npmjs.org/@babel%2fplugin-transform-react-jsx-source cache-miss
644 http fetch GET 200 https://registry.npmjs.org/react-refresh 219ms (cache miss)
645 silly packumentCache full:https://registry.npmjs.org/react-refresh set size:undefined disposed:false
646 silly fetch manifest rollup@^4.20.0
647 silly packumentCache full:https://registry.npmjs.org/rollup cache-miss
648 http fetch GET 200 https://registry.npmjs.org/@babel%2fplugin-transform-react-jsx-source 38ms (cache miss)
649 silly packumentCache full:https://registry.npmjs.org/@babel%2fplugin-transform-react-jsx-source set size:undefined disposed:false
650 silly fetch manifest esbuild@^0.21.3
651 silly packumentCache full:https://registry.npmjs.org/esbuild cache-miss
652 http fetch GET 200 https://registry.npmjs.org/@turf%2fboolean-point-in-polygon 680ms (cache miss)
653 silly packumentCache full:https://registry.npmjs.org/@turf%2fboolean-point-in-polygon set size:undefined disposed:false
654 silly fetch manifest postcss@^8.4.43
655 silly packumentCache full:https://registry.npmjs.org/postcss cache-miss
656 http cache https://registry.npmjs.org/postcss 3ms (cache hit)
657 silly packumentCache full:https://registry.npmjs.org/postcss set size:760024 disposed:false
658 silly fetch manifest fsevents@~2.3.3
659 silly packumentCache full:https://registry.npmjs.org/fsevents cache-miss
660 http fetch GET 200 https://registry.npmjs.org/fsevents 32ms (cache miss)
661 silly packumentCache full:https://registry.npmjs.org/fsevents set size:undefined disposed:false
662 silly fetch manifest picocolors@^1.1.1
663 silly packumentCache full:https://registry.npmjs.org/picocolors cache-miss
664 http fetch GET 200 https://registry.npmjs.org/@babel%2fplugin-transform-react-jsx-self 108ms (cache miss)
665 silly packumentCache full:https://registry.npmjs.org/@babel%2fplugin-transform-react-jsx-self set size:undefined disposed:false
666 silly fetch manifest fraction.js@^5.3.4
667 silly packumentCache full:https://registry.npmjs.org/fraction.js cache-miss
668 http fetch GET 200 https://registry.npmjs.org/picocolors 28ms (cache miss)
669 silly packumentCache full:https://registry.npmjs.org/picocolors set size:undefined disposed:false
670 silly fetch manifest browserslist@^4.28.6
671 silly packumentCache full:https://registry.npmjs.org/browserslist cache-miss
672 http fetch GET 200 https://registry.npmjs.org/@turf%2fpoints-within-polygon 1012ms (cache miss)
673 silly packumentCache full:https://registry.npmjs.org/@turf%2fpoints-within-polygon set size:undefined disposed:false
674 silly fetch manifest caniuse-lite@^1.0.30001806
675 silly packumentCache full:https://registry.npmjs.org/caniuse-lite cache-miss
676 http fetch GET 200 https://registry.npmjs.org/fraction.js 135ms (cache miss)
677 silly packumentCache full:https://registry.npmjs.org/fraction.js set size:undefined disposed:false
678 silly fetch manifest postcss-value-parser@^4.2.0
679 silly packumentCache full:https://registry.npmjs.org/postcss-value-parser cache-miss
680 http fetch GET 200 https://registry.npmjs.org/browserslist 144ms (cache miss)
681 silly packumentCache full:https://registry.npmjs.org/browserslist set size:undefined disposed:false
682 silly fetch manifest nanoid@^3.3.17
683 silly packumentCache full:https://registry.npmjs.org/nanoid cache-miss
684 http fetch GET 200 https://registry.npmjs.org/esbuild 217ms (cache miss)
685 silly packumentCache full:https://registry.npmjs.org/esbuild set size:undefined disposed:false
686 silly fetch manifest source-map-js@^1.2.1
687 silly packumentCache full:https://registry.npmjs.org/source-map-js cache-miss
688 http fetch GET 200 https://registry.npmjs.org/rollup 240ms (cache miss)
689 silly packumentCache full:https://registry.npmjs.org/rollup set size:undefined disposed:false
690 silly fetch manifest rxjs@^7.8.1
691 silly packumentCache full:https://registry.npmjs.org/rxjs cache-miss
692 http fetch GET 200 https://registry.npmjs.org/caniuse-lite 175ms (cache miss)
693 silly packumentCache full:https://registry.npmjs.org/caniuse-lite set size:undefined disposed:false
694 silly fetch manifest chalk@^4.1.2
695 silly packumentCache full:https://registry.npmjs.org/chalk cache-miss
696 http fetch GET 200 https://registry.npmjs.org/source-map-js 32ms (cache miss)
697 silly packumentCache full:https://registry.npmjs.org/source-map-js set size:undefined disposed:false
698 silly fetch manifest yargs@^17.7.2
699 silly packumentCache full:https://registry.npmjs.org/yargs cache-miss
700 http fetch GET 200 https://registry.npmjs.org/postcss-value-parser 60ms (cache miss)
701 silly packumentCache full:https://registry.npmjs.org/postcss-value-parser set size:undefined disposed:false
702 silly fetch manifest lodash@^4.17.21
703 silly packumentCache full:https://registry.npmjs.org/lodash cache-miss
704 http fetch GET 200 https://registry.npmjs.org/@turf%2fpoint-to-polygon-distance 692ms (cache miss)
705 silly packumentCache full:https://registry.npmjs.org/@turf%2fpoint-to-polygon-distance set size:undefined disposed:false
706 silly fetch manifest date-fns@^2.30.0
707 silly packumentCache full:https://registry.npmjs.org/date-fns cache-miss
708 http fetch GET 200 https://registry.npmjs.org/nanoid 58ms (cache miss)
709 silly packumentCache full:https://registry.npmjs.org/nanoid set size:undefined disposed:false
710 silly fetch manifest tree-kill@^1.2.2
711 silly packumentCache full:https://registry.npmjs.org/tree-kill cache-miss
712 http fetch GET 200 https://registry.npmjs.org/chalk 33ms (cache miss)
713 silly packumentCache full:https://registry.npmjs.org/chalk set size:undefined disposed:false
714 silly fetch manifest shell-quote@^1.8.1
715 silly packumentCache full:https://registry.npmjs.org/shell-quote cache-miss
716 http fetch GET 200 https://registry.npmjs.org/tree-kill 28ms (cache miss)
717 silly packumentCache full:https://registry.npmjs.org/tree-kill set size:undefined disposed:false
718 silly fetch manifest spawn-command@0.0.2
719 silly packumentCache full:https://registry.npmjs.org/spawn-command cache-miss
720 http fetch GET 200 https://registry.npmjs.org/shell-quote 30ms (cache miss)
721 silly packumentCache full:https://registry.npmjs.org/shell-quote set size:undefined disposed:false
722 silly fetch manifest supports-color@^8.1.1
723 silly packumentCache full:https://registry.npmjs.org/supports-color cache-miss
724 http fetch GET 200 https://registry.npmjs.org/rxjs 70ms (cache miss)
725 silly packumentCache full:https://registry.npmjs.org/rxjs set size:undefined disposed:false
726 silly fetch manifest object-assign@^4
727 silly packumentCache full:https://registry.npmjs.org/object-assign cache-miss
728 http fetch GET 200 https://registry.npmjs.org/@turf%2fnearest-point-to-line 1331ms (cache miss)
729 silly packumentCache full:https://registry.npmjs.org/@turf%2fnearest-point-to-line set size:undefined disposed:false
730 silly fetch manifest vary@^1
731 silly packumentCache full:https://registry.npmjs.org/vary cache-miss
732 http fetch GET 200 https://registry.npmjs.org/yargs 72ms (cache miss)
733 silly packumentCache full:https://registry.npmjs.org/yargs set size:undefined disposed:false
734 silly fetch manifest qs@~6.15.1
735 silly packumentCache full:https://registry.npmjs.org/qs cache-miss
736 http fetch GET 200 https://registry.npmjs.org/supports-color 32ms (cache miss)
737 silly packumentCache full:https://registry.npmjs.org/supports-color set size:undefined disposed:false
738 silly fetch manifest depd@2.0.0
739 silly packumentCache full:https://registry.npmjs.org/depd cache-miss
740 http fetch GET 200 https://registry.npmjs.org/object-assign 29ms (cache miss)
741 silly packumentCache full:https://registry.npmjs.org/object-assign set size:undefined disposed:false
742 silly fetch manifest etag@~1.8.1
743 silly packumentCache full:https://registry.npmjs.org/etag cache-miss
744 http fetch GET 200 https://registry.npmjs.org/@turf%2fnearest-neighbor-analysis 785ms (cache miss)
745 silly packumentCache full:https://registry.npmjs.org/@turf%2fnearest-neighbor-analysis set size:undefined disposed:false
746 silly fetch manifest send@~0.19.0
747 silly packumentCache full:https://registry.npmjs.org/send cache-miss
748 http fetch GET 200 https://registry.npmjs.org/lodash 97ms (cache miss)
749 silly packumentCache full:https://registry.npmjs.org/lodash set size:undefined disposed:false
750 silly fetch manifest vary@~1.1.2
751 silly packumentCache full:https://registry.npmjs.org/vary cache-miss
752 http fetch GET 200 https://registry.npmjs.org/vary 38ms (cache miss)
753 silly packumentCache full:https://registry.npmjs.org/vary set size:undefined disposed:false
754 silly fetch manifest debug@2.6.9
755 silly packumentCache full:https://registry.npmjs.org/debug cache-miss
756 http fetch GET 200 https://registry.npmjs.org/etag 27ms (cache miss)
757 silly packumentCache full:https://registry.npmjs.org/etag set size:undefined disposed:false
758 silly fetch manifest fresh@~0.5.2
759 silly packumentCache full:https://registry.npmjs.org/fresh cache-miss
760 http fetch GET 200 https://registry.npmjs.org/depd 29ms (cache miss)
761 silly packumentCache full:https://registry.npmjs.org/depd set size:undefined disposed:false
762 silly fetch manifest cookie@~0.7.1
763 silly packumentCache full:https://registry.npmjs.org/cookie cache-miss
764 http fetch GET 200 https://registry.npmjs.org/send 35ms (cache miss)
765 silly packumentCache full:https://registry.npmjs.org/send set size:undefined disposed:false
766 silly fetch manifest accepts@~1.3.8
767 silly packumentCache full:https://registry.npmjs.org/accepts cache-miss
768 http fetch GET 200 https://registry.npmjs.org/vary 35ms (cache miss)
769 silly packumentCache full:https://registry.npmjs.org/vary set size:undefined disposed:false
770 silly fetch manifest methods@~1.1.2
771 silly packumentCache full:https://registry.npmjs.org/methods cache-miss
772 http fetch GET 200 https://registry.npmjs.org/qs 64ms (cache miss)
773 silly packumentCache full:https://registry.npmjs.org/qs set size:undefined disposed:false
774 silly fetch manifest type-is@~1.6.18
775 silly packumentCache full:https://registry.npmjs.org/type-is cache-miss
776 http fetch GET 200 https://registry.npmjs.org/@types%2fprop-types 745ms (cache miss)
777 silly packumentCache full:https://registry.npmjs.org/@types%2fprop-types set size:undefined disposed:false
778 silly fetch manifest parseurl@~1.3.3
779 silly packumentCache full:https://registry.npmjs.org/parseurl cache-miss
780 http fetch GET 200 https://registry.npmjs.org/fresh 26ms (cache miss)
781 silly packumentCache full:https://registry.npmjs.org/fresh set size:undefined disposed:false
782 silly fetch manifest statuses@~2.0.1
783 silly packumentCache full:https://registry.npmjs.org/statuses cache-miss
784 http fetch GET 200 https://registry.npmjs.org/cookie 28ms (cache miss)
785 silly packumentCache full:https://registry.npmjs.org/cookie set size:undefined disposed:false
786 silly fetch manifest encodeurl@~2.0.0
787 silly packumentCache full:https://registry.npmjs.org/encodeurl cache-miss
788 http fetch GET 200 https://registry.npmjs.org/methods 29ms (cache miss)
789 silly packumentCache full:https://registry.npmjs.org/methods set size:undefined disposed:false
790 silly fetch manifest proxy-addr@~2.0.7
791 silly packumentCache full:https://registry.npmjs.org/proxy-addr cache-miss
792 http fetch GET 200 https://registry.npmjs.org/accepts 33ms (cache miss)
793 silly packumentCache full:https://registry.npmjs.org/accepts set size:undefined disposed:false
794 silly fetch manifest body-parser@~1.20.5
795 silly packumentCache full:https://registry.npmjs.org/body-parser cache-miss
796 http fetch GET 200 https://registry.npmjs.org/statuses 27ms (cache miss)
797 silly packumentCache full:https://registry.npmjs.org/statuses set size:undefined disposed:false
798 silly fetch manifest escape-html@~1.0.3
799 silly packumentCache full:https://registry.npmjs.org/escape-html cache-miss
800 http fetch GET 200 https://registry.npmjs.org/parseurl 31ms (cache miss)
801 silly packumentCache full:https://registry.npmjs.org/parseurl set size:undefined disposed:false
802 silly fetch manifest http-errors@~2.0.0
803 silly packumentCache full:https://registry.npmjs.org/http-errors cache-miss
804 http fetch GET 200 https://registry.npmjs.org/encodeurl 25ms (cache miss)
805 silly packumentCache full:https://registry.npmjs.org/encodeurl set size:undefined disposed:false
806 silly fetch manifest on-finished@~2.4.1
807 silly packumentCache full:https://registry.npmjs.org/on-finished cache-miss
808 http fetch GET 200 https://registry.npmjs.org/debug 74ms (cache miss)
809 silly packumentCache full:https://registry.npmjs.org/debug set size:undefined disposed:false
810 silly fetch manifest safe-buffer@5.2.1
811 silly packumentCache full:https://registry.npmjs.org/safe-buffer cache-miss
812 http fetch GET 200 https://registry.npmjs.org/type-is 48ms (cache miss)
813 silly packumentCache full:https://registry.npmjs.org/type-is set size:undefined disposed:false
814 silly fetch manifest utils-merge@1.0.1
815 silly packumentCache full:https://registry.npmjs.org/utils-merge cache-miss
816 http fetch GET 200 https://registry.npmjs.org/proxy-addr 27ms (cache miss)
817 silly packumentCache full:https://registry.npmjs.org/proxy-addr set size:undefined disposed:false
818 silly fetch manifest content-type@~1.0.4
819 silly packumentCache full:https://registry.npmjs.org/content-type cache-miss
820 http fetch GET 200 https://registry.npmjs.org/on-finished 27ms (cache miss)
821 silly packumentCache full:https://registry.npmjs.org/on-finished set size:undefined disposed:false
822 silly fetch manifest finalhandler@~1.3.1
823 silly packumentCache full:https://registry.npmjs.org/finalhandler cache-miss
824 http fetch GET 200 https://registry.npmjs.org/http-errors 30ms (cache miss)
825 silly packumentCache full:https://registry.npmjs.org/http-errors set size:undefined disposed:false
826 silly fetch manifest range-parser@~1.2.1
827 silly packumentCache full:https://registry.npmjs.org/range-parser cache-miss
828 http fetch GET 200 https://registry.npmjs.org/escape-html 32ms (cache miss)
829 silly packumentCache full:https://registry.npmjs.org/escape-html set size:undefined disposed:false
830 silly fetch manifest serve-static@~1.16.2
831 silly packumentCache full:https://registry.npmjs.org/serve-static cache-miss
832 http fetch GET 200 https://registry.npmjs.org/body-parser 37ms (cache miss)
833 silly packumentCache full:https://registry.npmjs.org/body-parser set size:undefined disposed:false
834 silly fetch manifest array-flatten@1.1.1
835 silly packumentCache full:https://registry.npmjs.org/array-flatten cache-miss
836 http fetch GET 200 https://registry.npmjs.org/utils-merge 32ms (cache miss)
837 silly packumentCache full:https://registry.npmjs.org/utils-merge set size:undefined disposed:false
838 silly fetch manifest path-to-regexp@~0.1.12
839 silly packumentCache full:https://registry.npmjs.org/path-to-regexp cache-miss
840 http fetch GET 200 https://registry.npmjs.org/content-type 28ms (cache miss)
841 silly packumentCache full:https://registry.npmjs.org/content-type set size:undefined disposed:false
842 silly fetch manifest setprototypeof@1.2.0
843 silly packumentCache full:https://registry.npmjs.org/setprototypeof cache-miss
844 http fetch GET 200 https://registry.npmjs.org/finalhandler 28ms (cache miss)
845 silly packumentCache full:https://registry.npmjs.org/finalhandler set size:undefined disposed:false
846 silly fetch manifest cookie-signature@~1.0.6
847 silly packumentCache full:https://registry.npmjs.org/cookie-signature cache-miss
848 http fetch GET 200 https://registry.npmjs.org/array-flatten 31ms (cache miss)
849 silly packumentCache full:https://registry.npmjs.org/array-flatten set size:undefined disposed:false
850 silly fetch manifest merge-descriptors@1.0.3
851 silly packumentCache full:https://registry.npmjs.org/merge-descriptors cache-miss
852 http fetch GET 200 https://registry.npmjs.org/safe-buffer 62ms (cache miss)
853 silly packumentCache full:https://registry.npmjs.org/safe-buffer set size:undefined disposed:false
854 silly fetch manifest content-disposition@~0.5.4
855 silly packumentCache full:https://registry.npmjs.org/content-disposition cache-miss
856 http fetch GET 200 https://registry.npmjs.org/serve-static 39ms (cache miss)
857 silly packumentCache full:https://registry.npmjs.org/serve-static set size:undefined disposed:false
858 silly fetch manifest @mapbox/corslite@0.0.7
859 silly packumentCache full:https://registry.npmjs.org/@mapbox%2fcorslite cache-miss
860 http fetch GET 200 https://registry.npmjs.org/range-parser 42ms (cache miss)
861 silly packumentCache full:https://registry.npmjs.org/range-parser set size:undefined disposed:false
862 silly fetch manifest @mapbox/polyline@^0.2.0
863 silly packumentCache full:https://registry.npmjs.org/@mapbox%2fpolyline cache-miss
864 http fetch GET 200 https://registry.npmjs.org/setprototypeof 25ms (cache miss)
865 silly packumentCache full:https://registry.npmjs.org/setprototypeof set size:undefined disposed:false
866 silly fetch manifest osrm-text-instructions@^0.13.2
867 silly packumentCache full:https://registry.npmjs.org/osrm-text-instructions cache-miss
868 http fetch GET 200 https://registry.npmjs.org/cookie-signature 28ms (cache miss)
869 silly packumentCache full:https://registry.npmjs.org/cookie-signature set size:undefined disposed:false
870 silly fetch manifest loose-envify@^1.1.0
871 silly packumentCache full:https://registry.npmjs.org/loose-envify cache-miss
872 http fetch GET 200 https://registry.npmjs.org/merge-descriptors 33ms (cache miss)
873 silly packumentCache full:https://registry.npmjs.org/merge-descriptors set size:undefined disposed:false
874 silly fetch manifest scheduler@^0.23.2
875 silly packumentCache full:https://registry.npmjs.org/scheduler cache-miss
876 http fetch GET 200 https://registry.npmjs.org/loose-envify 28ms (cache miss)
877 silly packumentCache full:https://registry.npmjs.org/loose-envify set size:undefined disposed:false
878 silly fetch manifest @react-leaflet/core@^2.1.0
879 silly packumentCache full:https://registry.npmjs.org/@react-leaflet%2fcore cache-miss
880 http fetch GET 200 https://registry.npmjs.org/content-disposition 57ms (cache miss)
881 silly packumentCache full:https://registry.npmjs.org/content-disposition set size:undefined disposed:false
882 silly fetch manifest react-router@6.30.4
883 silly packumentCache full:https://registry.npmjs.org/react-router cache-miss
884 http fetch GET 200 https://registry.npmjs.org/spawn-command 269ms (cache miss)
885 silly packumentCache full:https://registry.npmjs.org/spawn-command set size:undefined disposed:false
886 silly fetch manifest @remix-run/router@1.23.3
887 silly packumentCache full:https://registry.npmjs.org/@remix-run%2frouter cache-miss
888 http fetch GET 200 https://registry.npmjs.org/@react-leaflet%2fcore 36ms (cache miss)
889 silly packumentCache full:https://registry.npmjs.org/@react-leaflet%2fcore set size:undefined disposed:false
890 silly fetch manifest react-is@^18.3.1
891 silly packumentCache full:https://registry.npmjs.org/react-is cache-miss
892 http fetch GET 200 https://registry.npmjs.org/@remix-run%2frouter 129ms (cache miss)
893 silly packumentCache full:https://registry.npmjs.org/@remix-run%2frouter set size:undefined disposed:false
894 silly fetch manifest react-smooth@^4.0.4
895 silly packumentCache full:https://registry.npmjs.org/react-smooth cache-miss
896 http fetch GET 200 https://registry.npmjs.org/react-smooth 36ms (cache miss)
897 silly packumentCache full:https://registry.npmjs.org/react-smooth set size:undefined disposed:false
898 silly fetch manifest eventemitter3@^4.0.1
899 silly packumentCache full:https://registry.npmjs.org/eventemitter3 cache-miss
900 http fetch GET 200 https://registry.npmjs.org/date-fns 478ms (cache miss)
901 silly packumentCache full:https://registry.npmjs.org/date-fns set size:undefined disposed:false
902 silly fetch manifest recharts-scale@^0.4.4
903 silly packumentCache full:https://registry.npmjs.org/recharts-scale cache-miss
904 http fetch GET 200 https://registry.npmjs.org/eventemitter3 61ms (cache miss)
905 silly packumentCache full:https://registry.npmjs.org/eventemitter3 set size:undefined disposed:false
906 silly fetch manifest tiny-invariant@^1.3.1
907 silly packumentCache full:https://registry.npmjs.org/tiny-invariant cache-miss
908 http fetch GET 200 https://registry.npmjs.org/path-to-regexp 327ms (cache miss)
909 silly packumentCache full:https://registry.npmjs.org/path-to-regexp set size:undefined disposed:false
910 silly fetch manifest victory-vendor@^36.6.8
911 silly packumentCache full:https://registry.npmjs.org/victory-vendor cache-miss
912 http fetch GET 200 https://registry.npmjs.org/recharts-scale 42ms (cache miss)
913 silly packumentCache full:https://registry.npmjs.org/recharts-scale set size:undefined disposed:false
914 silly fetch manifest arg@^5.0.2
915 silly packumentCache full:https://registry.npmjs.org/arg cache-miss
916 http fetch GET 200 https://registry.npmjs.org/osrm-text-instructions 317ms (cache miss)
917 silly packumentCache full:https://registry.npmjs.org/osrm-text-instructions set size:undefined disposed:false
918 silly fetch manifest dlv@^1.1.3
919 silly packumentCache full:https://registry.npmjs.org/dlv cache-miss
920 http fetch GET 200 https://registry.npmjs.org/arg 95ms (cache miss)
921 silly packumentCache full:https://registry.npmjs.org/arg set size:undefined disposed:false
922 silly fetch manifest jiti@^1.21.7
923 silly packumentCache full:https://registry.npmjs.org/jiti cache-miss
924 http fetch GET 200 https://registry.npmjs.org/scheduler 380ms (cache miss)
925 silly packumentCache full:https://registry.npmjs.org/scheduler set size:undefined disposed:false
926 silly fetch manifest is-glob@^4.0.3
927 silly packumentCache full:https://registry.npmjs.org/is-glob cache-miss
928 http fetch GET 200 https://registry.npmjs.org/tiny-invariant 125ms (cache miss)
929 silly packumentCache full:https://registry.npmjs.org/tiny-invariant set size:undefined disposed:false
930 silly fetch manifest resolve@^1.22.8
931 silly packumentCache full:https://registry.npmjs.org/resolve cache-miss
932 http fetch GET 200 https://registry.npmjs.org/react-router 375ms (cache miss)
933 silly packumentCache full:https://registry.npmjs.org/react-router set size:undefined disposed:false
934 silly fetch manifest sucrase@^3.35.0
935 silly packumentCache full:https://registry.npmjs.org/sucrase cache-miss
936 http fetch GET 200 https://registry.npmjs.org/react-is 363ms (cache miss)
937 silly packumentCache full:https://registry.npmjs.org/react-is set size:undefined disposed:false
938 silly fetch manifest chokidar@^3.6.0
939 silly packumentCache full:https://registry.npmjs.org/chokidar cache-miss
940 http fetch GET 200 https://registry.npmjs.org/is-glob 38ms (cache miss)
941 silly packumentCache full:https://registry.npmjs.org/is-glob set size:undefined disposed:false
942 silly fetch manifest fast-glob@^3.3.2
943 silly packumentCache full:https://registry.npmjs.org/fast-glob cache-miss
944 http fetch GET 200 https://registry.npmjs.org/resolve 42ms (cache miss)
945 silly packumentCache full:https://registry.npmjs.org/resolve set size:undefined disposed:false
946 silly fetch manifest lilconfig@^3.1.3
947 silly packumentCache full:https://registry.npmjs.org/lilconfig cache-miss
948 http fetch GET 200 https://registry.npmjs.org/jiti 72ms (cache miss)
949 silly packumentCache full:https://registry.npmjs.org/jiti set size:undefined disposed:false
950 silly fetch manifest didyoumean@^1.2.2
951 silly packumentCache full:https://registry.npmjs.org/didyoumean cache-miss
952 http fetch GET 200 https://registry.npmjs.org/chokidar 41ms (cache miss)
953 silly packumentCache full:https://registry.npmjs.org/chokidar set size:undefined disposed:false
954 silly fetch manifest micromatch@^4.0.8
955 silly packumentCache full:https://registry.npmjs.org/micromatch cache-miss
956 http fetch GET 200 https://registry.npmjs.org/didyoumean 26ms (cache miss)
957 silly packumentCache full:https://registry.npmjs.org/didyoumean set size:undefined disposed:false
958 silly fetch manifest postcss-js@^4.0.1
959 silly packumentCache full:https://registry.npmjs.org/postcss-js cache-miss
960 http fetch GET 200 https://registry.npmjs.org/lilconfig 30ms (cache miss)
961 silly packumentCache full:https://registry.npmjs.org/lilconfig set size:undefined disposed:false
962 silly fetch manifest glob-parent@^6.0.2
963 silly packumentCache full:https://registry.npmjs.org/glob-parent cache-miss
964 http fetch GET 200 https://registry.npmjs.org/sucrase 63ms (cache miss)
965 silly packumentCache full:https://registry.npmjs.org/sucrase set size:undefined disposed:false
966 silly fetch manifest object-hash@^3.0.0
967 silly packumentCache full:https://registry.npmjs.org/object-hash cache-miss
968 http fetch GET 200 https://registry.npmjs.org/fast-glob 66ms (cache miss)
969 silly packumentCache full:https://registry.npmjs.org/fast-glob set size:undefined disposed:false
970 silly fetch manifest normalize-path@^3.0.0
971 silly packumentCache full:https://registry.npmjs.org/normalize-path cache-miss
972 http fetch GET 200 https://registry.npmjs.org/postcss-js 30ms (cache miss)
973 silly packumentCache full:https://registry.npmjs.org/postcss-js set size:undefined disposed:false
974 silly fetch manifest postcss-import@^15.1.0
975 silly packumentCache full:https://registry.npmjs.org/postcss-import cache-miss
976 http fetch GET 200 https://registry.npmjs.org/glob-parent 30ms (cache miss)
977 silly packumentCache full:https://registry.npmjs.org/glob-parent set size:undefined disposed:false
978 silly fetch manifest postcss-nested@^6.2.0
979 silly packumentCache full:https://registry.npmjs.org/postcss-nested cache-miss
980 http fetch GET 200 https://registry.npmjs.org/micromatch 38ms (cache miss)
981 silly packumentCache full:https://registry.npmjs.org/micromatch set size:undefined disposed:false
982 silly fetch manifest @alloc/quick-lru@^5.2.0
983 silly packumentCache full:https://registry.npmjs.org/@alloc%2fquick-lru cache-miss
984 http fetch GET 200 https://registry.npmjs.org/@mapbox%2fcorslite 538ms (cache miss)
985 silly packumentCache full:https://registry.npmjs.org/@mapbox%2fcorslite set size:undefined disposed:false
986 silly fetch manifest postcss-load-config@^4.0.2 || ^5.0 || ^6.0
987 silly packumentCache full:https://registry.npmjs.org/postcss-load-config cache-miss
988 http fetch GET 200 https://registry.npmjs.org/object-hash 40ms (cache miss)
989 silly packumentCache full:https://registry.npmjs.org/object-hash set size:undefined disposed:false
990 silly fetch manifest postcss-selector-parser@^6.1.2
991 silly packumentCache full:https://registry.npmjs.org/postcss-selector-parser cache-miss
992 http fetch GET 200 https://registry.npmjs.org/normalize-path 33ms (cache miss)
993 silly packumentCache full:https://registry.npmjs.org/normalize-path set size:undefined disposed:false
994 http fetch GET 200 https://registry.npmjs.org/postcss-nested 32ms (cache miss)
995 silly packumentCache full:https://registry.npmjs.org/postcss-nested set size:undefined disposed:false
996 http fetch GET 200 https://registry.npmjs.org/postcss-load-config 29ms (cache miss)
997 silly packumentCache full:https://registry.npmjs.org/postcss-load-config set size:undefined disposed:false
998 http fetch GET 200 https://registry.npmjs.org/@alloc%2fquick-lru 34ms (cache miss)
999 silly packumentCache full:https://registry.npmjs.org/@alloc%2fquick-lru set size:undefined disposed:false
1000 http fetch GET 200 https://registry.npmjs.org/postcss-import 48ms (cache miss)
1001 silly packumentCache full:https://registry.npmjs.org/postcss-import set size:undefined disposed:false
1002 http fetch GET 200 https://registry.npmjs.org/dlv 269ms (cache miss)
1003 silly packumentCache full:https://registry.npmjs.org/dlv set size:undefined disposed:false
1004 http fetch GET 200 https://registry.npmjs.org/postcss-selector-parser 46ms (cache miss)
1005 silly packumentCache full:https://registry.npmjs.org/postcss-selector-parser set size:undefined disposed:false
1006 http fetch GET 200 https://registry.npmjs.org/victory-vendor 331ms (cache miss)
1007 silly packumentCache full:https://registry.npmjs.org/victory-vendor set size:undefined disposed:false
1008 http fetch GET 200 https://registry.npmjs.org/@mapbox%2fpolyline 686ms (cache miss)
1009 silly packumentCache full:https://registry.npmjs.org/@mapbox%2fpolyline set size:undefined disposed:false
1010 silly placeDep ROOT @turf/along@7.4.0 OK for: @turf/turf@7.4.0 want: 7.4.0
1011 silly placeDep ROOT @turf/angle@7.4.0 OK for: @turf/turf@7.4.0 want: 7.4.0
1012 silly placeDep ROOT @turf/area@7.4.0 OK for: @turf/turf@7.4.0 want: 7.4.0
1013 silly placeDep ROOT @turf/bbox@7.4.0 OK for: @turf/turf@7.4.0 want: 7.4.0
1014 silly placeDep ROOT @turf/bbox-clip@7.4.0 OK for: @turf/turf@7.4.0 want: 7.4.0
1015 silly placeDep ROOT @turf/bbox-polygon@7.4.0 OK for: @turf/turf@7.4.0 want: 7.4.0
1016 silly placeDep ROOT @turf/bearing@7.4.0 OK for: @turf/turf@7.4.0 want: 7.4.0
1017 silly placeDep ROOT @turf/bezier-spline@7.4.0 OK for: @turf/turf@7.4.0 want: 7.4.0
1018 silly placeDep ROOT @turf/boolean-clockwise@7.4.0 OK for: @turf/turf@7.4.0 want: 7.4.0
1019 silly placeDep ROOT @turf/boolean-concave@7.4.0 OK for: @turf/turf@7.4.0 want: 7.4.0
1020 silly placeDep ROOT @turf/boolean-contains@7.4.0 OK for: @turf/turf@7.4.0 want: 7.4.0
1021 silly placeDep ROOT @turf/boolean-crosses@7.4.0 OK for: @turf/turf@7.4.0 want: 7.4.0
1022 silly placeDep ROOT @turf/boolean-disjoint@7.4.0 OK for: @turf/turf@7.4.0 want: 7.4.0
1023 silly placeDep ROOT @turf/boolean-equal@7.4.0 OK for: @turf/turf@7.4.0 want: 7.4.0
1024 silly placeDep ROOT @turf/boolean-intersects@7.4.0 OK for: @turf/turf@7.4.0 want: 7.4.0
1025 silly placeDep ROOT @turf/boolean-overlap@7.4.0 OK for: @turf/turf@7.4.0 want: 7.4.0
1026 silly placeDep ROOT @turf/boolean-parallel@7.4.0 OK for: @turf/turf@7.4.0 want: 7.4.0
1027 silly placeDep ROOT @turf/boolean-point-in-polygon@7.4.0 OK for: @turf/turf@7.4.0 want: 7.4.0
1028 silly placeDep ROOT @turf/boolean-point-on-line@7.4.0 OK for: @turf/turf@7.4.0 want: 7.4.0
1029 silly placeDep ROOT @turf/boolean-touches@7.4.0 OK for: @turf/turf@7.4.0 want: 7.4.0
1030 silly placeDep ROOT @turf/boolean-valid@7.4.0 OK for: @turf/turf@7.4.0 want: 7.4.0
1031 silly placeDep ROOT @turf/boolean-within@7.4.0 OK for: @turf/turf@7.4.0 want: 7.4.0
1032 silly placeDep ROOT @turf/buffer@7.4.0 OK for: @turf/turf@7.4.0 want: 7.4.0
1033 silly placeDep ROOT @turf/center@7.4.0 OK for: @turf/turf@7.4.0 want: 7.4.0
1034 silly placeDep ROOT @turf/center-mean@7.4.0 OK for: @turf/turf@7.4.0 want: 7.4.0
1035 silly placeDep ROOT @turf/center-median@7.4.0 OK for: @turf/turf@7.4.0 want: 7.4.0
1036 silly placeDep ROOT @turf/center-of-mass@7.4.0 OK for: @turf/turf@7.4.0 want: 7.4.0
1037 silly placeDep ROOT @turf/centroid@7.4.0 OK for: @turf/turf@7.4.0 want: 7.4.0
1038 silly placeDep ROOT @turf/circle@7.4.0 OK for: @turf/turf@7.4.0 want: 7.4.0
1039 silly placeDep ROOT @turf/clean-coords@7.4.0 OK for: @turf/turf@7.4.0 want: 7.4.0
1040 silly placeDep ROOT @turf/clone@7.4.0 OK for: @turf/turf@7.4.0 want: 7.4.0
1041 silly placeDep ROOT @turf/clusters@7.4.0 OK for: @turf/turf@7.4.0 want: 7.4.0
1042 silly placeDep ROOT @turf/clusters-dbscan@7.4.0 OK for: @turf/turf@7.4.0 want: 7.4.0
1043 silly placeDep ROOT @turf/clusters-kmeans@7.4.0 OK for: @turf/turf@7.4.0 want: 7.4.0
1044 silly placeDep ROOT @turf/collect@7.4.0 OK for: @turf/turf@7.4.0 want: 7.4.0
1045 silly placeDep ROOT @turf/combine@7.4.0 OK for: @turf/turf@7.4.0 want: 7.4.0
1046 silly placeDep ROOT @turf/concave@7.4.0 OK for: @turf/turf@7.4.0 want: 7.4.0
1047 silly placeDep ROOT @turf/convex@7.4.0 OK for: @turf/turf@7.4.0 want: 7.4.0
1048 silly placeDep ROOT @turf/destination@7.4.0 OK for: @turf/turf@7.4.0 want: 7.4.0
1049 silly placeDep ROOT @turf/difference@7.4.0 OK for: @turf/turf@7.4.0 want: 7.4.0
1050 silly placeDep ROOT @turf/directional-mean@7.4.0 OK for: @turf/turf@7.4.0 want: 7.4.0
1051 silly placeDep ROOT @turf/dissolve@7.4.0 OK for: @turf/turf@7.4.0 want: 7.4.0
1052 silly placeDep ROOT @turf/distance@7.4.0 OK for: @turf/turf@7.4.0 want: 7.4.0
1053 silly placeDep ROOT @turf/distance-weight@7.4.0 OK for: @turf/turf@7.4.0 want: 7.4.0
1054 silly placeDep ROOT @turf/ellipse@7.4.0 OK for: @turf/turf@7.4.0 want: 7.4.0
1055 silly placeDep ROOT @turf/envelope@7.4.0 OK for: @turf/turf@7.4.0 want: 7.4.0
1056 silly placeDep ROOT @turf/explode@7.4.0 OK for: @turf/turf@7.4.0 want: 7.4.0
1057 silly placeDep ROOT @turf/flatten@7.4.0 OK for: @turf/turf@7.4.0 want: 7.4.0
1058 silly placeDep ROOT @turf/flip@7.4.0 OK for: @turf/turf@7.4.0 want: 7.4.0
1059 silly placeDep ROOT @turf/geojson-rbush@7.4.0 OK for: @turf/turf@7.4.0 want: 7.4.0
1060 silly placeDep ROOT @turf/great-circle@7.4.0 OK for: @turf/turf@7.4.0 want: 7.4.0
1061 silly placeDep ROOT @turf/helpers@7.4.0 OK for: @turf/turf@7.4.0 want: 7.4.0
1062 silly placeDep ROOT @turf/hex-grid@7.4.0 OK for: @turf/turf@7.4.0 want: 7.4.0
1063 silly placeDep ROOT @turf/interpolate@7.4.0 OK for: @turf/turf@7.4.0 want: 7.4.0
1064 silly placeDep ROOT @turf/intersect@7.4.0 OK for: @turf/turf@7.4.0 want: 7.4.0
1065 silly placeDep ROOT @turf/invariant@7.4.0 OK for: @turf/turf@7.4.0 want: 7.4.0
1066 silly placeDep ROOT @turf/isobands@7.4.0 OK for: @turf/turf@7.4.0 want: 7.4.0
1067 silly placeDep ROOT @turf/isolines@7.4.0 OK for: @turf/turf@7.4.0 want: 7.4.0
1068 silly placeDep ROOT @turf/kinks@7.4.0 OK for: @turf/turf@7.4.0 want: 7.4.0
1069 silly placeDep ROOT @turf/length@7.4.0 OK for: @turf/turf@7.4.0 want: 7.4.0
1070 silly placeDep ROOT @turf/line-arc@7.4.0 OK for: @turf/turf@7.4.0 want: 7.4.0
1071 silly placeDep ROOT @turf/line-chunk@7.4.0 OK for: @turf/turf@7.4.0 want: 7.4.0
1072 silly placeDep ROOT @turf/line-intersect@7.4.0 OK for: @turf/turf@7.4.0 want: 7.4.0
1073 silly placeDep ROOT @turf/line-offset@7.4.0 OK for: @turf/turf@7.4.0 want: 7.4.0
1074 silly placeDep ROOT @turf/line-overlap@7.4.0 OK for: @turf/turf@7.4.0 want: 7.4.0
1075 silly placeDep ROOT @turf/line-segment@7.4.0 OK for: @turf/turf@7.4.0 want: 7.4.0
1076 silly placeDep ROOT @turf/line-slice@7.4.0 OK for: @turf/turf@7.4.0 want: 7.4.0
1077 silly placeDep ROOT @turf/line-slice-along@7.4.0 OK for: @turf/turf@7.4.0 want: 7.4.0
1078 silly placeDep ROOT @turf/line-split@7.4.0 OK for: @turf/turf@7.4.0 want: 7.4.0
1079 silly placeDep ROOT @turf/line-to-polygon@7.4.0 OK for: @turf/turf@7.4.0 want: 7.4.0
1080 silly placeDep ROOT @turf/mask@7.4.0 OK for: @turf/turf@7.4.0 want: 7.4.0
1081 silly placeDep ROOT @turf/meta@7.4.0 OK for: @turf/turf@7.4.0 want: 7.4.0
1082 silly placeDep ROOT @turf/midpoint@7.4.0 OK for: @turf/turf@7.4.0 want: 7.4.0
1083 silly placeDep ROOT @turf/moran-index@7.4.0 OK for: @turf/turf@7.4.0 want: 7.4.0
1084 silly placeDep ROOT @turf/nearest-neighbor-analysis@7.4.0 OK for: @turf/turf@7.4.0 want: 7.4.0
1085 silly placeDep ROOT @turf/nearest-point@7.4.0 OK for: @turf/turf@7.4.0 want: 7.4.0
1086 silly placeDep ROOT @turf/nearest-point-on-line@7.4.0 OK for: @turf/turf@7.4.0 want: 7.4.0
1087 silly placeDep ROOT @turf/nearest-point-to-line@7.4.0 OK for: @turf/turf@7.4.0 want: 7.4.0
1088 silly placeDep ROOT @turf/planepoint@7.4.0 OK for: @turf/turf@7.4.0 want: 7.4.0
1089 silly placeDep ROOT @turf/point-grid@7.4.0 OK for: @turf/turf@7.4.0 want: 7.4.0
1090 silly placeDep ROOT @turf/point-on-feature@7.4.0 OK for: @turf/turf@7.4.0 want: 7.4.0
1091 silly placeDep ROOT @turf/point-to-line-distance@7.4.0 OK for: @turf/turf@7.4.0 want: 7.4.0
1092 silly placeDep ROOT @turf/point-to-polygon-distance@7.4.0 OK for: @turf/turf@7.4.0 want: 7.4.0
1093 silly placeDep ROOT @turf/points-within-polygon@7.4.0 OK for: @turf/turf@7.4.0 want: 7.4.0
1094 silly placeDep ROOT @turf/polygon-smooth@7.4.0 OK for: @turf/turf@7.4.0 want: 7.4.0
1095 silly placeDep ROOT @turf/polygon-tangents@7.4.0 OK for: @turf/turf@7.4.0 want: 7.4.0
1096 silly placeDep ROOT @turf/polygon-to-line@7.4.0 OK for: @turf/turf@7.4.0 want: 7.4.0
1097 silly placeDep ROOT @turf/polygonize@7.4.0 OK for: @turf/turf@7.4.0 want: 7.4.0
1098 silly placeDep ROOT @turf/projection@7.4.0 OK for: @turf/turf@7.4.0 want: 7.4.0
1099 silly placeDep ROOT @turf/quadrat-analysis@7.4.0 OK for: @turf/turf@7.4.0 want: 7.4.0
1100 silly placeDep ROOT @turf/random@7.4.0 OK for: @turf/turf@7.4.0 want: 7.4.0
1101 silly placeDep ROOT @turf/rectangle-grid@7.4.0 OK for: @turf/turf@7.4.0 want: 7.4.0
1102 silly placeDep ROOT @turf/rewind@7.4.0 OK for: @turf/turf@7.4.0 want: 7.4.0
1103 silly placeDep ROOT @turf/rhumb-bearing@7.4.0 OK for: @turf/turf@7.4.0 want: 7.4.0
1104 silly placeDep ROOT @turf/rhumb-destination@7.4.0 OK for: @turf/turf@7.4.0 want: 7.4.0
1105 silly placeDep ROOT @turf/rhumb-distance@7.4.0 OK for: @turf/turf@7.4.0 want: 7.4.0
1106 silly placeDep ROOT @turf/sample@7.4.0 OK for: @turf/turf@7.4.0 want: 7.4.0
1107 silly placeDep ROOT @turf/sector@7.4.0 OK for: @turf/turf@7.4.0 want: 7.4.0
1108 silly placeDep ROOT @turf/shortest-path@7.4.0 OK for: @turf/turf@7.4.0 want: 7.4.0
1109 silly placeDep ROOT @turf/simplify@7.4.0 OK for: @turf/turf@7.4.0 want: 7.4.0
1110 silly placeDep ROOT @turf/square@7.4.0 OK for: @turf/turf@7.4.0 want: 7.4.0
1111 silly placeDep ROOT @turf/square-grid@7.4.0 OK for: @turf/turf@7.4.0 want: 7.4.0
1112 silly placeDep ROOT @turf/standard-deviational-ellipse@7.4.0 OK for: @turf/turf@7.4.0 want: 7.4.0
1113 silly placeDep ROOT @turf/tag@7.4.0 OK for: @turf/turf@7.4.0 want: 7.4.0
1114 silly placeDep ROOT @turf/tesselate@7.4.0 OK for: @turf/turf@7.4.0 want: 7.4.0
1115 silly placeDep ROOT @turf/tin@7.4.0 OK for: @turf/turf@7.4.0 want: 7.4.0
1116 silly placeDep ROOT @turf/transform-rotate@7.4.0 OK for: @turf/turf@7.4.0 want: 7.4.0
1117 silly placeDep ROOT @turf/transform-scale@7.4.0 OK for: @turf/turf@7.4.0 want: 7.4.0
1118 silly placeDep ROOT @turf/transform-translate@7.4.0 OK for: @turf/turf@7.4.0 want: 7.4.0
1119 silly placeDep ROOT @turf/triangle-grid@7.4.0 OK for: @turf/turf@7.4.0 want: 7.4.0
1120 silly placeDep ROOT @turf/truncate@7.4.0 OK for: @turf/turf@7.4.0 want: 7.4.0
1121 silly placeDep ROOT @turf/union@7.4.0 OK for: @turf/turf@7.4.0 want: 7.4.0
1122 silly placeDep ROOT @turf/unkink-polygon@7.4.0 OK for: @turf/turf@7.4.0 want: 7.4.0
1123 silly placeDep ROOT @turf/voronoi@7.4.0 OK for: @turf/turf@7.4.0 want: 7.4.0
1124 silly placeDep ROOT @types/geojson@7946.0.16 OK for: @turf/turf@7.4.0 want: ^7946.0.10
1125 silly placeDep ROOT @types/kdbush@3.0.5 OK for: @turf/turf@7.4.0 want: ^3.0.5
1126 silly placeDep ROOT tslib@2.8.1 OK for: @turf/turf@7.4.0 want: ^2.8.1
1127 silly fetch manifest geojson-equality-ts@^1.0.2
1128 silly packumentCache full:https://registry.npmjs.org/geojson-equality-ts cache-miss
1129 silly fetch manifest geojson-equality-ts@^1.0.2
1130 silly packumentCache full:https://registry.npmjs.org/geojson-equality-ts cache-miss
1131 silly fetch manifest point-in-polygon-hao@^1.1.0
1132 silly packumentCache full:https://registry.npmjs.org/point-in-polygon-hao cache-miss
1133 silly fetch manifest geojson-polygon-self-intersections@^1.2.1
1134 silly packumentCache full:https://registry.npmjs.org/geojson-polygon-self-intersections cache-miss
1135 silly fetch manifest d3-geo@^2.0.2
1136 silly packumentCache full:https://registry.npmjs.org/d3-geo cache-miss
1137 silly fetch manifest @turf/jsts@^2.7.1
1138 silly packumentCache full:https://registry.npmjs.org/@turf%2fjsts cache-miss
1139 silly fetch manifest rbush@^3.0.1
1140 silly packumentCache full:https://registry.npmjs.org/rbush cache-miss
1141 silly fetch manifest skmeans@0.9.7
1142 silly packumentCache full:https://registry.npmjs.org/skmeans cache-miss
1143 silly fetch manifest rbush@^3.0.1
1144 silly packumentCache full:https://registry.npmjs.org/rbush cache-miss
1145 http fetch GET 200 https://registry.npmjs.org/geojson-equality-ts 30ms (cache miss)
1146 silly packumentCache full:https://registry.npmjs.org/geojson-equality-ts set size:undefined disposed:false
1147 silly fetch manifest topojson-client@3.x
1148 silly packumentCache full:https://registry.npmjs.org/topojson-client cache-miss
1149 http fetch GET 200 https://registry.npmjs.org/geojson-equality-ts 38ms (cache miss)
1150 silly packumentCache full:https://registry.npmjs.org/geojson-equality-ts set size:undefined disposed:false
1151 silly fetch manifest topojson-server@3.x
1152 silly packumentCache full:https://registry.npmjs.org/topojson-server cache-miss
1153 http fetch GET 200 https://registry.npmjs.org/topojson-client 29ms (cache miss)
1154 silly packumentCache full:https://registry.npmjs.org/topojson-client set size:undefined disposed:false
1155 silly fetch manifest concaveman@^1.2.1
1156 silly packumentCache full:https://registry.npmjs.org/concaveman cache-miss
1157 http fetch GET 200 https://registry.npmjs.org/d3-geo 160ms (cache miss)
1158 silly packumentCache full:https://registry.npmjs.org/d3-geo set size:undefined disposed:false
1159 silly fetch manifest polyclip-ts@^0.16.8
1160 silly packumentCache full:https://registry.npmjs.org/polyclip-ts cache-miss
1161 http fetch GET 200 https://registry.npmjs.org/polyclip-ts 36ms (cache miss)
1162 silly packumentCache full:https://registry.npmjs.org/polyclip-ts set size:undefined disposed:false
1163 silly fetch manifest rbush@^3.0.1
1164 silly packumentCache full:https://registry.npmjs.org/rbush cache-miss
1165 http fetch GET 200 https://registry.npmjs.org/geojson-polygon-self-intersections 282ms (cache miss)
1166 silly packumentCache full:https://registry.npmjs.org/geojson-polygon-self-intersections set size:undefined disposed:false
1167 silly fetch manifest arc@^0.2.0
1168 silly packumentCache full:https://registry.npmjs.org/arc cache-miss
1169 http fetch GET 200 https://registry.npmjs.org/rbush 283ms (cache miss)
1170 silly packumentCache full:https://registry.npmjs.org/rbush set size:undefined disposed:false
1171 silly fetch manifest tinyqueue@^2.0.3
1172 silly packumentCache full:https://registry.npmjs.org/tinyqueue cache-miss
1173 http fetch GET 200 https://registry.npmjs.org/rbush 290ms (cache miss)
1174 silly packumentCache full:https://registry.npmjs.org/rbush set size:undefined disposed:false
1175 silly fetch manifest robust-predicates@^2.0.4
1176 silly packumentCache full:https://registry.npmjs.org/robust-predicates cache-miss
1177 http fetch GET 200 https://registry.npmjs.org/point-in-polygon-hao 292ms (cache miss)
1178 silly packumentCache full:https://registry.npmjs.org/point-in-polygon-hao set size:undefined disposed:false
1179 silly fetch manifest fast-deep-equal@^3.1.3
1180 silly packumentCache full:https://registry.npmjs.org/fast-deep-equal cache-miss
1181 http fetch GET 200 https://registry.npmjs.org/skmeans 293ms (cache miss)
1182 silly packumentCache full:https://registry.npmjs.org/skmeans set size:undefined disposed:false
1183 silly fetch manifest earcut@^2.2.4
1184 silly packumentCache full:https://registry.npmjs.org/earcut cache-miss
1185 http fetch GET 200 https://registry.npmjs.org/topojson-server 277ms (cache miss)
1186 silly packumentCache full:https://registry.npmjs.org/topojson-server set size:undefined disposed:false
1187 silly fetch manifest @types/earcut@^2.1.4
1188 silly packumentCache full:https://registry.npmjs.org/@types%2fearcut cache-miss
1189 http fetch GET 200 https://registry.npmjs.org/robust-predicates 28ms (cache miss)
1190 silly packumentCache full:https://registry.npmjs.org/robust-predicates set size:undefined disposed:false
1191 silly fetch manifest d3-voronoi@1.1.2
1192 silly packumentCache full:https://registry.npmjs.org/d3-voronoi cache-miss
1193 http fetch GET 200 https://registry.npmjs.org/fast-deep-equal 40ms (cache miss)
1194 silly packumentCache full:https://registry.npmjs.org/fast-deep-equal set size:undefined disposed:false
1195 silly fetch manifest @types/d3-voronoi@^1.1.12
1196 silly packumentCache full:https://registry.npmjs.org/@types%2fd3-voronoi cache-miss
1197 http fetch GET 200 https://registry.npmjs.org/concaveman 284ms (cache miss)
1198 silly packumentCache full:https://registry.npmjs.org/concaveman set size:undefined disposed:false
1199 http fetch GET 200 https://registry.npmjs.org/earcut 64ms (cache miss)
1200 silly packumentCache full:https://registry.npmjs.org/earcut set size:undefined disposed:false
1201 http fetch GET 200 https://registry.npmjs.org/@types%2fd3-voronoi 43ms (cache miss)
1202 silly packumentCache full:https://registry.npmjs.org/@types%2fd3-voronoi set size:undefined disposed:false
1203 http fetch GET 200 https://registry.npmjs.org/rbush 281ms (cache miss)
1204 silly packumentCache full:https://registry.npmjs.org/rbush set size:undefined disposed:false
1205 http fetch GET 200 https://registry.npmjs.org/tinyqueue 263ms (cache miss)
1206 silly packumentCache full:https://registry.npmjs.org/tinyqueue set size:undefined disposed:false
1207 http fetch GET 200 https://registry.npmjs.org/arc 272ms (cache miss)
1208 silly packumentCache full:https://registry.npmjs.org/arc set size:undefined disposed:false
1209 http fetch GET 200 https://registry.npmjs.org/d3-voronoi 286ms (cache miss)
1210 silly packumentCache full:https://registry.npmjs.org/d3-voronoi set size:undefined disposed:false
1211 http fetch GET 200 https://registry.npmjs.org/@turf%2fjsts 771ms (cache miss)
1212 silly packumentCache full:https://registry.npmjs.org/@turf%2fjsts set size:undefined disposed:false
1213 http fetch GET 200 https://registry.npmjs.org/@types%2fearcut 530ms (cache miss)
1214 silly packumentCache full:https://registry.npmjs.org/@types%2fearcut set size:undefined disposed:false
1215 silly placeDep ROOT geojson-equality-ts@1.0.2 OK for: @turf/boolean-equal@7.4.0 want: ^1.0.2
1216 silly placeDep ROOT point-in-polygon-hao@1.2.4 OK for: @turf/boolean-point-in-polygon@7.4.0 want: ^1.1.0
1217 silly fetch manifest robust-predicates@^3.0.2
1218 silly packumentCache full:https://registry.npmjs.org/robust-predicates cache-miss
1219 http cache https://registry.npmjs.org/robust-predicates 2ms (cache hit)
1220 silly packumentCache full:https://registry.npmjs.org/robust-predicates set size:42172 disposed:false
1221 silly placeDep ROOT geojson-polygon-self-intersections@1.2.2 OK for: @turf/boolean-valid@7.4.0 want: ^1.2.1
1222 silly fetch manifest rbush@^2.0.1
1223 silly packumentCache full:https://registry.npmjs.org/rbush cache-miss
1224 http cache https://registry.npmjs.org/rbush 1ms (cache hit)
1225 silly packumentCache full:https://registry.npmjs.org/rbush set size:56278 disposed:false
1226 silly placeDep ROOT @turf/jsts@2.7.2 OK for: @turf/buffer@7.4.0 want: ^2.7.1
1227 silly placeDep ROOT d3-geo@2.0.2 OK for: @turf/buffer@7.4.0 want: ^2.0.2
1228 silly fetch manifest jsts@2.7.1
1229 silly packumentCache full:https://registry.npmjs.org/jsts cache-miss
1230 silly fetch manifest d3-array@^2.5.0
1231 silly packumentCache full:https://registry.npmjs.org/d3-array cache-miss
1232 http fetch GET 200 https://registry.npmjs.org/d3-array 50ms (cache miss)
1233 silly packumentCache full:https://registry.npmjs.org/d3-array set size:undefined disposed:false
1234 http fetch GET 200 https://registry.npmjs.org/jsts 261ms (cache miss)
1235 silly packumentCache full:https://registry.npmjs.org/jsts set size:undefined disposed:false
1236 silly placeDep ROOT rbush@3.0.1 OK for: @turf/clusters-dbscan@7.4.0 want: ^3.0.1
1237 silly fetch manifest quickselect@^2.0.0
1238 silly packumentCache full:https://registry.npmjs.org/quickselect cache-miss
1239 http fetch GET 200 https://registry.npmjs.org/quickselect 34ms (cache miss)
1240 silly packumentCache full:https://registry.npmjs.org/quickselect set size:undefined disposed:false
1241 silly placeDep ROOT skmeans@0.9.7 OK for: @turf/clusters-kmeans@7.4.0 want: 0.9.7
1242 silly placeDep ROOT topojson-client@3.1.0 OK for: @turf/concave@7.4.0 want: 3.x
1243 silly placeDep ROOT topojson-server@3.0.1 OK for: @turf/concave@7.4.0 want: 3.x
1244 silly fetch manifest commander@2
1245 silly packumentCache full:https://registry.npmjs.org/commander cache-miss
1246 silly fetch manifest commander@2
1247 silly packumentCache full:https://registry.npmjs.org/commander cache-miss
1248 http fetch GET 200 https://registry.npmjs.org/commander 67ms (cache miss)
1249 silly packumentCache full:https://registry.npmjs.org/commander set size:undefined disposed:false
1250 http fetch GET 200 https://registry.npmjs.org/commander 121ms (cache miss)
1251 silly packumentCache full:https://registry.npmjs.org/commander set size:undefined disposed:false
1252 silly placeDep ROOT concaveman@1.2.1 OK for: @turf/convex@7.4.0 want: ^1.2.1
1253 silly fetch manifest point-in-polygon@^1.1.0
1254 silly packumentCache full:https://registry.npmjs.org/point-in-polygon cache-miss
1255 http fetch GET 200 https://registry.npmjs.org/point-in-polygon 266ms (cache miss)
1256 silly packumentCache full:https://registry.npmjs.org/point-in-polygon set size:undefined disposed:false
1257 silly placeDep ROOT polyclip-ts@0.16.8 OK for: @turf/difference@7.4.0 want: ^0.16.8
1258 silly fetch manifest bignumber.js@^9.1.0
1259 silly packumentCache full:https://registry.npmjs.org/bignumber.js cache-miss
1260 silly fetch manifest splaytree-ts@^1.0.2
1261 silly packumentCache full:https://registry.npmjs.org/splaytree-ts cache-miss
1262 http fetch GET 200 https://registry.npmjs.org/bignumber.js 31ms (cache miss)
1263 silly packumentCache full:https://registry.npmjs.org/bignumber.js set size:undefined disposed:false
1264 http fetch GET 200 https://registry.npmjs.org/splaytree-ts 283ms (cache miss)
1265 silly packumentCache full:https://registry.npmjs.org/splaytree-ts set size:undefined disposed:false
1266 silly placeDep ROOT arc@0.2.0 OK for: @turf/great-circle@7.4.0 want: ^0.2.0
1267 silly placeDep ROOT jsts@2.7.1 OK for: @turf/jsts@2.7.2 want: 2.7.1
1268 silly placeDep ROOT robust-predicates@2.0.4 OK for: @turf/line-intersect@7.4.0 want: ^2.0.4
1269 silly placeDep ROOT tinyqueue@2.0.3 OK for: @turf/line-intersect@7.4.0 want: ^2.0.3
1270 silly placeDep ROOT fast-deep-equal@3.1.3 OK for: @turf/line-overlap@7.4.0 want: ^3.1.3
1271 silly placeDep ROOT @types/earcut@2.1.4 OK for: @turf/tesselate@7.4.0 want: ^2.1.4
1272 silly placeDep ROOT earcut@2.2.4 OK for: @turf/tesselate@7.4.0 want: ^2.2.4
1273 silly placeDep ROOT @types/d3-voronoi@1.1.12 OK for: @turf/voronoi@7.4.0 want: ^1.1.12
1274 silly placeDep ROOT d3-voronoi@1.1.2 OK for: @turf/voronoi@7.4.0 want: 1.1.2
1275 silly placeDep ROOT @types/prop-types@15.7.15 OK for: @types/react@18.3.31 want: *
1276 silly placeDep ROOT csstype@3.2.3 OK for: @types/react@18.3.31 want: ^3.2.2
1277 silly placeDep ROOT @babel/core@7.29.7 OK for: @vitejs/plugin-react@4.7.0 want: ^7.28.0
1278 silly placeDep ROOT @babel/plugin-transform-react-jsx-self@7.29.7 OK for: @vitejs/plugin-react@4.7.0 want: ^7.27.1
1279 silly placeDep ROOT @babel/plugin-transform-react-jsx-source@7.29.7 OK for: @vitejs/plugin-react@4.7.0 want: ^7.27.1
1280 silly placeDep ROOT @rolldown/pluginutils@1.0.0-beta.27 OK for: @vitejs/plugin-react@4.7.0 want: 1.0.0-beta.27
1281 silly placeDep ROOT @types/babel__core@7.20.5 OK for: @vitejs/plugin-react@4.7.0 want: ^7.20.5
1282 silly placeDep ROOT react-refresh@0.17.0 OK for: @vitejs/plugin-react@4.7.0 want: ^0.17.0
1283 silly fetch manifest debug@^4.1.0
1284 silly packumentCache full:https://registry.npmjs.org/debug cache-miss
1285 silly fetch manifest json5@^2.2.3
1286 silly packumentCache full:https://registry.npmjs.org/json5 cache-miss
1287 silly fetch manifest semver@^6.3.1
1288 silly packumentCache full:https://registry.npmjs.org/semver cache-miss
1289 silly fetch manifest gensync@^1.0.0-beta.2
1290 silly packumentCache full:https://registry.npmjs.org/gensync cache-miss
1291 silly fetch manifest @babel/types@^7.29.7
1292 silly packumentCache full:https://registry.npmjs.org/@babel%2ftypes cache-miss
1293 silly fetch manifest @babel/parser@^7.29.7
1294 silly packumentCache full:https://registry.npmjs.org/@babel%2fparser cache-miss
1295 silly fetch manifest @babel/helpers@^7.29.7
1296 silly packumentCache full:https://registry.npmjs.org/@babel%2fhelpers cache-miss
1297 silly fetch manifest @babel/template@^7.29.7
1298 silly packumentCache full:https://registry.npmjs.org/@babel%2ftemplate cache-miss
1299 silly fetch manifest @babel/traverse@^7.29.7
1300 silly packumentCache full:https://registry.npmjs.org/@babel%2ftraverse cache-miss
1301 http cache https://registry.npmjs.org/debug 6ms (cache hit)
1302 silly packumentCache full:https://registry.npmjs.org/debug set size:195840 disposed:false
1303 silly fetch manifest @babel/generator@^7.29.7
1304 silly packumentCache full:https://registry.npmjs.org/@babel%2fgenerator cache-miss
1305 http fetch GET 200 https://registry.npmjs.org/gensync 31ms (cache miss)
1306 silly packumentCache full:https://registry.npmjs.org/gensync set size:undefined disposed:false
1307 silly fetch manifest @babel/code-frame@^7.29.7
1308 silly packumentCache full:https://registry.npmjs.org/@babel%2fcode-frame cache-miss
1309 http fetch GET 200 https://registry.npmjs.org/json5 39ms (cache miss)
1310 silly packumentCache full:https://registry.npmjs.org/json5 set size:undefined disposed:false
1311 silly fetch manifest convert-source-map@^2.0.0
1312 silly packumentCache full:https://registry.npmjs.org/convert-source-map cache-miss
1313 http fetch GET 200 https://registry.npmjs.org/@babel%2ftemplate 48ms (cache miss)
1314 silly packumentCache full:https://registry.npmjs.org/@babel%2ftemplate set size:undefined disposed:false
1315 silly fetch manifest @jridgewell/remapping@^2.3.5
1316 silly packumentCache full:https://registry.npmjs.org/@jridgewell%2fremapping cache-miss
1317 http fetch GET 200 https://registry.npmjs.org/convert-source-map 48ms (cache miss)
1318 silly packumentCache full:https://registry.npmjs.org/convert-source-map set size:undefined disposed:false
1319 silly fetch manifest @babel/helper-module-transforms@^7.29.7
1320 silly packumentCache full:https://registry.npmjs.org/@babel%2fhelper-module-transforms cache-miss
1321 http fetch GET 200 https://registry.npmjs.org/@babel%2fcode-frame 57ms (cache miss)
1322 silly packumentCache full:https://registry.npmjs.org/@babel%2fcode-frame set size:undefined disposed:false
1323 silly fetch manifest @babel/helper-compilation-targets@^7.29.7
1324 silly packumentCache full:https://registry.npmjs.org/@babel%2fhelper-compilation-targets cache-miss
1325 http fetch GET 200 https://registry.npmjs.org/@babel%2ftraverse 92ms (cache miss)
1326 silly packumentCache full:https://registry.npmjs.org/@babel%2ftraverse set size:undefined disposed:false
1327 silly fetch manifest @babel/helper-plugin-utils@^7.29.7
1328 silly packumentCache full:https://registry.npmjs.org/@babel%2fhelper-plugin-utils cache-miss
1329 http fetch GET 200 https://registry.npmjs.org/@jridgewell%2fremapping 46ms (cache miss)
1330 silly packumentCache full:https://registry.npmjs.org/@jridgewell%2fremapping set size:undefined disposed:false
1331 silly fetch manifest @babel/helper-plugin-utils@^7.29.7
1332 silly packumentCache full:https://registry.npmjs.org/@babel%2fhelper-plugin-utils cache-miss
1333 http fetch GET 200 https://registry.npmjs.org/@babel%2fgenerator 89ms (cache miss)
1334 silly packumentCache full:https://registry.npmjs.org/@babel%2fgenerator set size:undefined disposed:false
1335 silly fetch manifest @babel/types@^7.20.7
1336 silly packumentCache full:https://registry.npmjs.org/@babel%2ftypes cache-miss
1337 http fetch GET 200 https://registry.npmjs.org/@babel%2fparser 108ms (cache miss)
1338 silly packumentCache full:https://registry.npmjs.org/@babel%2fparser set size:undefined disposed:false
1339 silly fetch manifest @babel/parser@^7.20.7
1340 silly packumentCache full:https://registry.npmjs.org/@babel%2fparser cache-miss
1341 http cache https://registry.npmjs.org/@babel%2fparser 2ms (cache hit)
1342 silly packumentCache full:https://registry.npmjs.org/@babel%2fparser set size:737961 disposed:false
1343 silly fetch manifest @types/babel__template@*
1344 silly packumentCache full:https://registry.npmjs.org/@types%2fbabel__template cache-miss
1345 http fetch GET 200 https://registry.npmjs.org/@babel%2fhelpers 115ms (cache miss)
1346 silly packumentCache full:https://registry.npmjs.org/@babel%2fhelpers set size:undefined disposed:false
1347 silly fetch manifest @types/babel__traverse@*
1348 silly packumentCache full:https://registry.npmjs.org/@types%2fbabel__traverse cache-miss
1349 http fetch GET 200 https://registry.npmjs.org/@babel%2fhelper-plugin-utils 38ms (cache miss)
1350 silly packumentCache full:https://registry.npmjs.org/@babel%2fhelper-plugin-utils set size:undefined disposed:false
1351 silly fetch manifest @types/babel__generator@*
1352 silly packumentCache full:https://registry.npmjs.org/@types%2fbabel__generator cache-miss
1353 http fetch GET 200 https://registry.npmjs.org/@babel%2fhelper-plugin-utils 45ms (cache miss)
1354 silly packumentCache full:https://registry.npmjs.org/@babel%2fhelper-plugin-utils set size:undefined disposed:false
1355 http fetch GET 200 https://registry.npmjs.org/@babel%2fhelper-compilation-targets 58ms (cache miss)
1356 silly packumentCache full:https://registry.npmjs.org/@babel%2fhelper-compilation-targets set size:undefined disposed:false
1357 http fetch GET 200 https://registry.npmjs.org/@babel%2fhelper-module-transforms 61ms (cache miss)
1358 silly packumentCache full:https://registry.npmjs.org/@babel%2fhelper-module-transforms set size:undefined disposed:false
1359 http fetch GET 200 https://registry.npmjs.org/@types%2fbabel__template 43ms (cache miss)
1360 silly packumentCache full:https://registry.npmjs.org/@types%2fbabel__template set size:undefined disposed:false
1361 http fetch GET 200 https://registry.npmjs.org/@types%2fbabel__generator 30ms (cache miss)
1362 silly packumentCache full:https://registry.npmjs.org/@types%2fbabel__generator set size:undefined disposed:false
1363 http fetch GET 200 https://registry.npmjs.org/@types%2fbabel__traverse 49ms (cache miss)
1364 silly packumentCache full:https://registry.npmjs.org/@types%2fbabel__traverse set size:undefined disposed:false
1365 http fetch GET 200 https://registry.npmjs.org/@babel%2ftypes 175ms (cache miss)
1366 silly packumentCache full:https://registry.npmjs.org/@babel%2ftypes set size:undefined disposed:false
1367 http fetch GET 200 https://registry.npmjs.org/@babel%2ftypes 99ms (cache miss)
1368 silly packumentCache full:https://registry.npmjs.org/@babel%2ftypes set size:undefined disposed:false
1369 http fetch GET 200 https://registry.npmjs.org/semver 300ms (cache miss)
1370 silly packumentCache full:https://registry.npmjs.org/semver set size:undefined disposed:false
1371 silly fetch manifest @babel/core@^7.0.0
1372 silly packumentCache full:https://registry.npmjs.org/@babel%2fcore cache-miss
1373 http cache https://registry.npmjs.org/@babel%2fcore 2ms (cache hit)
1374 silly packumentCache full:https://registry.npmjs.org/@babel%2fcore set size:788273 disposed:false
1375 silly placeDep ROOT @babel/code-frame@7.29.7 OK for: @babel/core@7.29.7 want: ^7.29.7
1376 silly placeDep ROOT @babel/generator@7.29.8 OK for: @babel/core@7.29.7 want: ^7.29.7
1377 silly placeDep ROOT @babel/helper-compilation-targets@7.29.7 OK for: @babel/core@7.29.7 want: ^7.29.7
1378 silly placeDep ROOT @babel/helper-module-transforms@7.29.7 OK for: @babel/core@7.29.7 want: ^7.29.7
1379 silly placeDep ROOT @babel/helpers@7.29.7 OK for: @babel/core@7.29.7 want: ^7.29.7
1380 silly placeDep ROOT @babel/parser@7.29.8 OK for: @babel/core@7.29.7 want: ^7.29.7
1381 silly placeDep ROOT @babel/template@7.29.7 OK for: @babel/core@7.29.7 want: ^7.29.7
1382 silly placeDep ROOT @babel/traverse@7.29.8 OK for: @babel/core@7.29.7 want: ^7.29.7
1383 silly placeDep ROOT @babel/types@7.29.8 OK for: @babel/core@7.29.7 want: ^7.29.7
1384 silly placeDep ROOT @jridgewell/remapping@2.3.5 OK for: @babel/core@7.29.7 want: ^2.3.5
1385 silly placeDep ROOT convert-source-map@2.0.0 OK for: @babel/core@7.29.7 want: ^2.0.0
1386 silly placeDep ROOT debug@4.4.3 OK for: @babel/core@7.29.7 want: ^4.1.0
1387 silly placeDep ROOT gensync@1.0.0-beta.2 OK for: @babel/core@7.29.7 want: ^1.0.0-beta.2
1388 silly placeDep ROOT json5@2.2.3 OK for: @babel/core@7.29.7 want: ^2.2.3
1389 silly placeDep ROOT semver@6.3.1 OK for: @babel/core@7.29.7 want: ^6.3.1
1390 silly fetch manifest js-tokens@^4.0.0
1391 silly packumentCache full:https://registry.npmjs.org/js-tokens cache-miss
1392 silly fetch manifest @babel/helper-validator-identifier@^7.29.7
1393 silly packumentCache full:https://registry.npmjs.org/@babel%2fhelper-validator-identifier cache-miss
1394 silly fetch manifest jsesc@^3.0.2
1395 silly packumentCache full:https://registry.npmjs.org/jsesc cache-miss
1396 silly fetch manifest @babel/types@^7.29.8
1397 silly packumentCache full:https://registry.npmjs.org/@babel%2ftypes cache-miss
1398 silly fetch manifest @babel/parser@^7.29.8
1399 silly packumentCache full:https://registry.npmjs.org/@babel%2fparser cache-hit
1400 silly fetch manifest @jridgewell/gen-mapping@^0.3.12
1401 silly packumentCache full:https://registry.npmjs.org/@jridgewell%2fgen-mapping cache-miss
1402 silly fetch manifest @jridgewell/trace-mapping@^0.3.28
1403 silly packumentCache full:https://registry.npmjs.org/@jridgewell%2ftrace-mapping cache-miss
1404 silly fetch manifest lru-cache@^5.1.1
1405 silly packumentCache full:https://registry.npmjs.org/lru-cache cache-miss
1406 silly fetch manifest browserslist@^4.24.0
1407 silly packumentCache full:https://registry.npmjs.org/browserslist cache-miss
1408 silly fetch manifest @babel/compat-data@^7.29.7
1409 silly packumentCache full:https://registry.npmjs.org/@babel%2fcompat-data cache-miss
1410 http cache https://registry.npmjs.org/browserslist 3ms (cache hit)
1411 silly packumentCache full:https://registry.npmjs.org/browserslist set size:516369 disposed:false
1412 silly fetch manifest @babel/helper-validator-option@^7.29.7
1413 silly packumentCache full:https://registry.npmjs.org/@babel%2fhelper-validator-option cache-miss
1414 http cache https://registry.npmjs.org/@babel%2ftypes 7ms (cache hit)
1415 silly packumentCache full:https://registry.npmjs.org/@babel%2ftypes set size:502938 disposed:false
1416 silly fetch manifest @babel/helper-module-imports@^7.29.7
1417 silly packumentCache full:https://registry.npmjs.org/@babel%2fhelper-module-imports cache-miss
1418 http fetch GET 200 https://registry.npmjs.org/js-tokens 39ms (cache miss)
1419 silly packumentCache full:https://registry.npmjs.org/js-tokens set size:undefined disposed:false
1420 silly fetch manifest @babel/helper-validator-identifier@^7.29.7
1421 silly packumentCache full:https://registry.npmjs.org/@babel%2fhelper-validator-identifier cache-miss
1422 http fetch GET 200 https://registry.npmjs.org/@jridgewell%2ftrace-mapping 43ms (cache miss)
1423 silly packumentCache full:https://registry.npmjs.org/@jridgewell%2ftrace-mapping set size:undefined disposed:false
1424 silly fetch manifest debug@^4.3.1
1425 silly packumentCache full:https://registry.npmjs.org/debug cache-hit
1426 silly fetch manifest @babel/helper-globals@^7.29.7
1427 silly packumentCache full:https://registry.npmjs.org/@babel%2fhelper-globals cache-miss
1428 http fetch GET 200 https://registry.npmjs.org/jsesc 46ms (cache miss)
1429 silly packumentCache full:https://registry.npmjs.org/jsesc set size:undefined disposed:false
1430 silly fetch manifest @babel/helper-string-parser@^7.29.7
1431 silly packumentCache full:https://registry.npmjs.org/@babel%2fhelper-string-parser cache-miss
1432 http fetch GET 200 https://registry.npmjs.org/@babel%2fhelper-validator-identifier 47ms (cache miss)
1433 silly packumentCache full:https://registry.npmjs.org/@babel%2fhelper-validator-identifier set size:undefined disposed:false
1434 silly fetch manifest @jridgewell/gen-mapping@^0.3.5
1435 silly packumentCache full:https://registry.npmjs.org/@jridgewell%2fgen-mapping cache-miss
1436 http fetch GET 200 https://registry.npmjs.org/@jridgewell%2fgen-mapping 50ms (cache miss)
1437 silly packumentCache full:https://registry.npmjs.org/@jridgewell%2fgen-mapping set size:undefined disposed:false
1438 silly fetch manifest @jridgewell/trace-mapping@^0.3.24
1439 silly packumentCache full:https://registry.npmjs.org/@jridgewell%2ftrace-mapping cache-miss
1440 http cache https://registry.npmjs.org/@jridgewell%2ftrace-mapping 1ms (cache hit)
1441 silly packumentCache full:https://registry.npmjs.org/@jridgewell%2ftrace-mapping set size:170909 disposed:false
1442 silly fetch manifest ms@^2.1.3
1443 silly packumentCache full:https://registry.npmjs.org/ms cache-miss
1444 http fetch GET 200 https://registry.npmjs.org/@babel%2fhelper-validator-option 48ms (cache miss)
1445 silly packumentCache full:https://registry.npmjs.org/@babel%2fhelper-validator-option set size:undefined disposed:false
1446 http fetch GET 200 https://registry.npmjs.org/@babel%2fhelper-module-imports 50ms (cache miss)
1447 silly packumentCache full:https://registry.npmjs.org/@babel%2fhelper-module-imports set size:undefined disposed:false
1448 http fetch GET 200 https://registry.npmjs.org/@babel%2fhelper-validator-identifier 34ms (cache miss)
1449 silly packumentCache full:https://registry.npmjs.org/@babel%2fhelper-validator-identifier set size:undefined disposed:false
1450 http fetch GET 200 https://registry.npmjs.org/@babel%2fhelper-globals 31ms (cache miss)
1451 silly packumentCache full:https://registry.npmjs.org/@babel%2fhelper-globals set size:undefined disposed:false
1452 http fetch GET 200 https://registry.npmjs.org/@babel%2fhelper-string-parser 36ms (cache miss)
1453 silly packumentCache full:https://registry.npmjs.org/@babel%2fhelper-string-parser set size:undefined disposed:false
1454 http fetch GET 200 https://registry.npmjs.org/ms 38ms (cache miss)
1455 silly packumentCache full:https://registry.npmjs.org/ms set size:undefined disposed:false
1456 http fetch GET 200 https://registry.npmjs.org/@jridgewell%2fgen-mapping 45ms (cache miss)
1457 silly packumentCache full:https://registry.npmjs.org/@jridgewell%2fgen-mapping set size:undefined disposed:false
1458 http fetch GET 200 https://registry.npmjs.org/lru-cache 98ms (cache miss)
1459 silly packumentCache full:https://registry.npmjs.org/lru-cache set size:undefined disposed:false
1460 http fetch GET 200 https://registry.npmjs.org/@babel%2fcompat-data 103ms (cache miss)
1461 silly packumentCache full:https://registry.npmjs.org/@babel%2fcompat-data set size:undefined disposed:false
1462 silly placeDep ROOT @babel/helper-validator-identifier@7.29.7 OK for: @babel/code-frame@7.29.7 want: ^7.29.7
1463 silly placeDep ROOT js-tokens@4.0.0 OK for: @babel/code-frame@7.29.7 want: ^4.0.0
1464 silly placeDep ROOT picocolors@1.1.1 OK for: @babel/code-frame@7.29.7 want: ^1.1.1
1465 silly placeDep ROOT @jridgewell/gen-mapping@0.3.13 OK for: @babel/generator@7.29.8 want: ^0.3.12
1466 silly placeDep ROOT @jridgewell/trace-mapping@0.3.31 OK for: @babel/generator@7.29.8 want: ^0.3.28
1467 silly placeDep ROOT jsesc@3.1.0 OK for: @babel/generator@7.29.8 want: ^3.0.2
1468 silly fetch manifest @jridgewell/sourcemap-codec@^1.5.0
1469 silly packumentCache full:https://registry.npmjs.org/@jridgewell%2fsourcemap-codec cache-miss
1470 silly fetch manifest @jridgewell/resolve-uri@^3.1.0
1471 silly packumentCache full:https://registry.npmjs.org/@jridgewell%2fresolve-uri cache-miss
1472 silly fetch manifest @jridgewell/sourcemap-codec@^1.4.14
1473 silly packumentCache full:https://registry.npmjs.org/@jridgewell%2fsourcemap-codec cache-miss
1474 http fetch GET 200 https://registry.npmjs.org/@jridgewell%2fsourcemap-codec 37ms (cache miss)
1475 silly packumentCache full:https://registry.npmjs.org/@jridgewell%2fsourcemap-codec set size:undefined disposed:false
1476 http fetch GET 200 https://registry.npmjs.org/@jridgewell%2fresolve-uri 38ms (cache miss)
1477 silly packumentCache full:https://registry.npmjs.org/@jridgewell%2fresolve-uri set size:undefined disposed:false
1478 http fetch GET 200 https://registry.npmjs.org/@jridgewell%2fsourcemap-codec 43ms (cache miss)
1479 silly packumentCache full:https://registry.npmjs.org/@jridgewell%2fsourcemap-codec set size:undefined disposed:false
1480 silly placeDep ROOT @babel/compat-data@7.29.7 OK for: @babel/helper-compilation-targets@7.29.7 want: ^7.29.7
1481 silly placeDep ROOT @babel/helper-validator-option@7.29.7 OK for: @babel/helper-compilation-targets@7.29.7 want: ^7.29.7
1482 silly placeDep ROOT browserslist@4.28.7 OK for: @babel/helper-compilation-targets@7.29.7 want: ^4.24.0
1483 silly placeDep ROOT lru-cache@5.1.1 OK for: @babel/helper-compilation-targets@7.29.7 want: ^5.1.1
1484 silly fetch manifest node-releases@^2.0.51
1485 silly packumentCache full:https://registry.npmjs.org/node-releases cache-miss
1486 silly fetch manifest electron-to-chromium@^1.5.393
1487 silly packumentCache full:https://registry.npmjs.org/electron-to-chromium cache-miss
1488 silly fetch manifest update-browserslist-db@^1.2.3
1489 silly packumentCache full:https://registry.npmjs.org/update-browserslist-db cache-miss
1490 silly fetch manifest baseline-browser-mapping@^2.10.44
1491 silly packumentCache full:https://registry.npmjs.org/baseline-browser-mapping cache-miss
1492 silly fetch manifest yallist@^3.0.2
1493 silly packumentCache full:https://registry.npmjs.org/yallist cache-miss
1494 http fetch GET 200 https://registry.npmjs.org/yallist 29ms (cache miss)
1495 silly packumentCache full:https://registry.npmjs.org/yallist set size:undefined disposed:false
1496 http fetch GET 200 https://registry.npmjs.org/node-releases 40ms (cache miss)
1497 silly packumentCache full:https://registry.npmjs.org/node-releases set size:undefined disposed:false
1498 http fetch GET 200 https://registry.npmjs.org/update-browserslist-db 41ms (cache miss)
1499 silly packumentCache full:https://registry.npmjs.org/update-browserslist-db set size:undefined disposed:false
1500 http fetch GET 200 https://registry.npmjs.org/baseline-browser-mapping 51ms (cache miss)
1501 silly packumentCache full:https://registry.npmjs.org/baseline-browser-mapping set size:undefined disposed:false
1502 http fetch GET 200 https://registry.npmjs.org/electron-to-chromium 280ms (cache miss)
1503 silly packumentCache full:https://registry.npmjs.org/electron-to-chromium set size:undefined disposed:false
1504 silly placeDep ROOT @babel/helper-module-imports@7.29.7 OK for: @babel/helper-module-transforms@7.29.7 want: ^7.29.7
1505 silly placeDep ROOT @babel/helper-plugin-utils@7.29.7 OK for: @babel/plugin-transform-react-jsx-self@7.29.7 want: ^7.29.7
1506 silly placeDep ROOT @babel/helper-globals@7.29.7 OK for: @babel/traverse@7.29.8 want: ^7.29.7
1507 silly placeDep ROOT @babel/helper-string-parser@7.29.7 OK for: @babel/types@7.29.8 want: ^7.29.7
1508 silly placeDep ROOT @jridgewell/sourcemap-codec@1.5.5 OK for: @jridgewell/gen-mapping@0.3.13 want: ^1.5.0
1509 silly placeDep ROOT @jridgewell/resolve-uri@3.1.2 OK for: @jridgewell/trace-mapping@0.3.31 want: ^3.1.0
1510 silly placeDep ROOT @types/babel__generator@7.27.0 OK for: @types/babel__core@7.20.5 want: *
1511 silly placeDep ROOT @types/babel__template@7.4.4 OK for: @types/babel__core@7.20.5 want: *
1512 silly placeDep ROOT @types/babel__traverse@7.28.0 OK for: @types/babel__core@7.20.5 want: *
1513 silly placeDep ROOT caniuse-lite@1.0.30001807 OK for: autoprefixer@10.5.4 want: ^1.0.30001806
1514 silly placeDep ROOT fraction.js@5.3.4 OK for: autoprefixer@10.5.4 want: ^5.3.4
1515 silly placeDep ROOT postcss-value-parser@4.2.0 OK for: autoprefixer@10.5.4 want: ^4.2.0
1516 silly fetch manifest browserslist@>= 4.21.0
1517 silly packumentCache full:https://registry.npmjs.org/browserslist cache-hit
1518 silly placeDep ROOT baseline-browser-mapping@2.11.12 OK for: browserslist@4.28.7 want: ^2.10.44
1519 silly placeDep ROOT electron-to-chromium@1.5.402 OK for: browserslist@4.28.7 want: ^1.5.393
1520 silly placeDep ROOT node-releases@2.0.53 OK for: browserslist@4.28.7 want: ^2.0.51
1521 silly placeDep ROOT update-browserslist-db@1.3.0 OK for: browserslist@4.28.7 want: ^1.2.3
1522 silly fetch manifest escalade@^3.2.0
1523 silly packumentCache full:https://registry.npmjs.org/escalade cache-miss
1524 http fetch GET 200 https://registry.npmjs.org/escalade 41ms (cache miss)
1525 silly packumentCache full:https://registry.npmjs.org/escalade set size:undefined disposed:false
1526 silly placeDep ROOT point-in-polygon@1.1.0 OK for: concaveman@1.2.1 want: ^1.1.0
1527 silly placeDep ROOT chalk@4.1.2 OK for: concurrently@8.2.2 want: ^4.1.2
1528 silly placeDep ROOT date-fns@2.30.0 OK for: concurrently@8.2.2 want: ^2.30.0
1529 silly placeDep ROOT lodash@4.18.1 OK for: concurrently@8.2.2 want: ^4.17.21
1530 silly placeDep ROOT rxjs@7.8.2 OK for: concurrently@8.2.2 want: ^7.8.1
1531 silly placeDep ROOT shell-quote@1.10.0 OK for: concurrently@8.2.2 want: ^1.8.1
1532 silly placeDep ROOT spawn-command@0.0.2 OK for: concurrently@8.2.2 want: 0.0.2
1533 silly placeDep ROOT supports-color@8.1.1 OK for: concurrently@8.2.2 want: ^8.1.1
1534 silly placeDep ROOT tree-kill@1.2.2 OK for: concurrently@8.2.2 want: ^1.2.2
1535 silly placeDep ROOT yargs@17.7.3 OK for: concurrently@8.2.2 want: ^17.7.2
1536 silly fetch manifest ansi-styles@^4.1.0
1537 silly packumentCache full:https://registry.npmjs.org/ansi-styles cache-miss
1538 silly fetch manifest supports-color@^7.1.0
1539 silly packumentCache full:https://registry.npmjs.org/supports-color cache-miss
1540 silly fetch manifest @babel/runtime@^7.21.0
1541 silly packumentCache full:https://registry.npmjs.org/@babel%2fruntime cache-miss
1542 silly fetch manifest has-flag@^4.0.0
1543 silly packumentCache full:https://registry.npmjs.org/has-flag cache-miss
1544 silly fetch manifest y18n@^5.0.5
1545 silly packumentCache full:https://registry.npmjs.org/y18n cache-miss
1546 silly fetch manifest cliui@^8.0.1
1547 silly packumentCache full:https://registry.npmjs.org/cliui cache-miss
1548 silly fetch manifest escalade@^3.1.1
1549 silly packumentCache full:https://registry.npmjs.org/escalade cache-miss
1550 silly fetch manifest string-width@^4.2.3
1551 silly packumentCache full:https://registry.npmjs.org/string-width cache-miss
1552 silly fetch manifest yargs-parser@^21.1.1
1553 silly packumentCache full:https://registry.npmjs.org/yargs-parser cache-miss
1554 http cache https://registry.npmjs.org/escalade 3ms (cache hit)
1555 silly packumentCache full:https://registry.npmjs.org/escalade set size:33724 disposed:false
1556 silly fetch manifest get-caller-file@^2.0.5
1557 silly packumentCache full:https://registry.npmjs.org/get-caller-file cache-miss
1558 http cache https://registry.npmjs.org/supports-color 4ms (cache hit)
1559 silly packumentCache full:https://registry.npmjs.org/supports-color set size:124169 disposed:false
1560 silly fetch manifest require-directory@^2.1.1
1561 silly packumentCache full:https://registry.npmjs.org/require-directory cache-miss
1562 http fetch GET 200 https://registry.npmjs.org/has-flag 29ms (cache miss)
1563 silly packumentCache full:https://registry.npmjs.org/has-flag set size:undefined disposed:false
1564 http fetch GET 200 https://registry.npmjs.org/ansi-styles 30ms (cache miss)
1565 silly packumentCache full:https://registry.npmjs.org/ansi-styles set size:undefined disposed:false
1566 http fetch GET 200 https://registry.npmjs.org/get-caller-file 28ms (cache miss)
1567 silly packumentCache full:https://registry.npmjs.org/get-caller-file set size:undefined disposed:false
1568 http fetch GET 200 https://registry.npmjs.org/cliui 36ms (cache miss)
1569 silly packumentCache full:https://registry.npmjs.org/cliui set size:undefined disposed:false
1570 http fetch GET 200 https://registry.npmjs.org/y18n 41ms (cache miss)
1571 silly packumentCache full:https://registry.npmjs.org/y18n set size:undefined disposed:false
1572 http fetch GET 200 https://registry.npmjs.org/string-width 41ms (cache miss)
1573 silly packumentCache full:https://registry.npmjs.org/string-width set size:undefined disposed:false
1574 http fetch GET 200 https://registry.npmjs.org/require-directory 37ms (cache miss)
1575 silly packumentCache full:https://registry.npmjs.org/require-directory set size:undefined disposed:false
1576 http fetch GET 200 https://registry.npmjs.org/yargs-parser 46ms (cache miss)
1577 silly packumentCache full:https://registry.npmjs.org/yargs-parser set size:undefined disposed:false
1578 http fetch GET 200 https://registry.npmjs.org/@babel%2fruntime 164ms (cache miss)
1579 silly packumentCache full:https://registry.npmjs.org/@babel%2fruntime set size:undefined disposed:false
1580 silly placeDep ROOT ansi-styles@4.3.0 OK for: chalk@4.1.2 want: ^4.1.0
1581 silly placeDep node_modules/chalk supports-color@7.2.0 OK for: chalk@4.1.2 want: ^7.1.0
1582 silly fetch manifest color-convert@^2.0.1
1583 silly packumentCache full:https://registry.npmjs.org/color-convert cache-miss
1584 http fetch GET 200 https://registry.npmjs.org/color-convert 35ms (cache miss)
1585 silly packumentCache full:https://registry.npmjs.org/color-convert set size:undefined disposed:false
1586 silly placeDep ROOT color-convert@2.0.1 OK for: ansi-styles@4.3.0 want: ^2.0.1
1587 silly fetch manifest color-name@~1.1.4
1588 silly packumentCache full:https://registry.npmjs.org/color-name cache-miss
1589 http fetch GET 200 https://registry.npmjs.org/color-name 26ms (cache miss)
1590 silly packumentCache full:https://registry.npmjs.org/color-name set size:undefined disposed:false
1591 silly placeDep ROOT color-name@1.1.4 OK for: color-convert@2.0.1 want: ~1.1.4
1592 silly placeDep ROOT object-assign@4.1.1 OK for: cors@2.8.6 want: ^4
1593 silly placeDep ROOT vary@1.1.2 OK for: cors@2.8.6 want: ^1
1594 silly placeDep ROOT d3-array@2.12.1 OK for: d3-geo@2.0.2 want: ^2.5.0
1595 silly fetch manifest internmap@^1.0.0
1596 silly packumentCache full:https://registry.npmjs.org/internmap cache-miss
1597 http fetch GET 200 https://registry.npmjs.org/internmap 26ms (cache miss)
1598 silly packumentCache full:https://registry.npmjs.org/internmap set size:undefined disposed:false
1599 silly placeDep ROOT internmap@1.0.1 OK for: d3-array@2.12.1 want: ^1.0.0
1600 silly placeDep ROOT @babel/runtime@7.29.7 OK for: date-fns@2.30.0 want: ^7.21.0
1601 silly placeDep ROOT ms@2.1.3 OK for: debug@4.4.3 want: ^2.1.3
1602 silly placeDep ROOT accepts@1.3.8 OK for: express@4.22.2 want: ~1.3.8
1603 silly placeDep ROOT array-flatten@1.1.1 OK for: express@4.22.2 want: 1.1.1
1604 silly placeDep ROOT body-parser@1.20.6 OK for: express@4.22.2 want: ~1.20.5
1605 silly placeDep ROOT content-disposition@0.5.4 OK for: express@4.22.2 want: ~0.5.4
1606 silly placeDep ROOT content-type@1.0.5 OK for: express@4.22.2 want: ~1.0.4
1607 silly placeDep ROOT cookie@0.7.2 OK for: express@4.22.2 want: ~0.7.1
1608 silly placeDep ROOT cookie-signature@1.0.7 OK for: express@4.22.2 want: ~1.0.6
1609 silly placeDep node_modules/express debug@2.6.9 OK for: express@4.22.2 want: 2.6.9
1610 silly placeDep ROOT depd@2.0.0 OK for: express@4.22.2 want: 2.0.0
1611 silly placeDep ROOT encodeurl@2.0.0 OK for: express@4.22.2 want: ~2.0.0
1612 silly placeDep ROOT escape-html@1.0.3 OK for: express@4.22.2 want: ~1.0.3
1613 silly placeDep ROOT etag@1.8.1 OK for: express@4.22.2 want: ~1.8.1
1614 silly placeDep ROOT finalhandler@1.3.2 OK for: express@4.22.2 want: ~1.3.1
1615 silly placeDep ROOT fresh@0.5.2 OK for: express@4.22.2 want: ~0.5.2
1616 silly placeDep ROOT http-errors@2.0.1 OK for: express@4.22.2 want: ~2.0.0
1617 silly placeDep ROOT merge-descriptors@1.0.3 OK for: express@4.22.2 want: 1.0.3
1618 silly placeDep ROOT methods@1.1.2 OK for: express@4.22.2 want: ~1.1.2
1619 silly placeDep ROOT on-finished@2.4.1 OK for: express@4.22.2 want: ~2.4.1
1620 silly placeDep ROOT parseurl@1.3.3 OK for: express@4.22.2 want: ~1.3.3
1621 silly placeDep ROOT path-to-regexp@0.1.13 OK for: express@4.22.2 want: ~0.1.12
1622 silly placeDep ROOT proxy-addr@2.0.7 OK for: express@4.22.2 want: ~2.0.7
1623 silly placeDep ROOT qs@6.15.3 OK for: express@4.22.2 want: ~6.15.1
1624 silly placeDep ROOT range-parser@1.2.1 OK for: express@4.22.2 want: ~1.2.1
1625 silly placeDep ROOT safe-buffer@5.2.1 OK for: express@4.22.2 want: 5.2.1
1626 silly placeDep ROOT send@0.19.2 OK for: express@4.22.2 want: ~0.19.0
1627 silly placeDep ROOT serve-static@1.16.3 OK for: express@4.22.2 want: ~1.16.2
1628 silly placeDep ROOT setprototypeof@1.2.0 OK for: express@4.22.2 want: 1.2.0
1629 silly placeDep ROOT statuses@2.0.2 OK for: express@4.22.2 want: ~2.0.1
1630 silly placeDep ROOT type-is@1.6.18 OK for: express@4.22.2 want: ~1.6.18
1631 silly placeDep ROOT utils-merge@1.0.1 OK for: express@4.22.2 want: 1.0.1
1632 silly fetch manifest mime-types@~2.1.34
1633 silly packumentCache full:https://registry.npmjs.org/mime-types cache-miss
1634 silly fetch manifest negotiator@0.6.3
1635 silly packumentCache full:https://registry.npmjs.org/negotiator cache-miss
1636 silly fetch manifest bytes@~3.1.2
1637 silly packumentCache full:https://registry.npmjs.org/bytes cache-miss
1638 silly fetch manifest unpipe@~1.0.0
1639 silly packumentCache full:https://registry.npmjs.org/unpipe cache-miss
1640 silly fetch manifest destroy@~1.2.0
1641 silly packumentCache full:https://registry.npmjs.org/destroy cache-miss
1642 silly fetch manifest raw-body@~2.5.3
1643 silly packumentCache full:https://registry.npmjs.org/raw-body cache-miss
1644 silly fetch manifest iconv-lite@~0.4.24
1645 silly packumentCache full:https://registry.npmjs.org/iconv-lite cache-miss
1646 silly fetch manifest http-errors@~2.0.1
1647 silly packumentCache full:https://registry.npmjs.org/http-errors cache-miss
1648 silly fetch manifest content-type@~1.0.5
1649 silly packumentCache full:https://registry.npmjs.org/content-type cache-miss
1650 http cache https://registry.npmjs.org/content-type 3ms (cache hit)
1651 silly packumentCache full:https://registry.npmjs.org/content-type set size:18994 disposed:false
1652 silly fetch manifest ms@2.0.0
1653 silly packumentCache full:https://registry.npmjs.org/ms cache-miss
1654 http cache https://registry.npmjs.org/http-errors 3ms (cache hit)
1655 silly packumentCache full:https://registry.npmjs.org/http-errors set size:71987 disposed:false
1656 silly fetch manifest unpipe@~1.0.0
1657 silly packumentCache full:https://registry.npmjs.org/unpipe cache-miss
1658 http cache https://registry.npmjs.org/ms 2ms (cache hit)
1659 silly packumentCache full:https://registry.npmjs.org/ms set size:92208 disposed:false
1660 silly fetch manifest statuses@~2.0.2
1661 silly packumentCache full:https://registry.npmjs.org/statuses cache-miss
1662 http cache https://registry.npmjs.org/statuses 0ms (cache hit)
1663 silly packumentCache full:https://registry.npmjs.org/statuses set size:37117 disposed:false
1664 silly fetch manifest inherits@~2.0.4
1665 silly packumentCache full:https://registry.npmjs.org/inherits cache-miss
1666 http fetch GET 200 https://registry.npmjs.org/negotiator 32ms (cache miss)
1667 silly packumentCache full:https://registry.npmjs.org/negotiator set size:undefined disposed:false
1668 silly fetch manifest setprototypeof@~1.2.0
1669 silly packumentCache full:https://registry.npmjs.org/setprototypeof cache-miss
1670 http fetch GET 200 https://registry.npmjs.org/mime-types 34ms (cache miss)
1671 silly packumentCache full:https://registry.npmjs.org/mime-types set size:undefined disposed:false
1672 silly fetch manifest toidentifier@~1.0.1
1673 silly packumentCache full:https://registry.npmjs.org/toidentifier cache-miss
1674 http cache https://registry.npmjs.org/setprototypeof 4ms (cache hit)
1675 silly packumentCache full:https://registry.npmjs.org/setprototypeof set size:14532 disposed:false
1676 silly fetch manifest ee-first@1.1.1
1677 silly packumentCache full:https://registry.npmjs.org/ee-first cache-miss
1678 http fetch GET 200 https://registry.npmjs.org/unpipe 31ms (cache miss)
1679 silly packumentCache full:https://registry.npmjs.org/unpipe set size:undefined disposed:false
1680 silly fetch manifest forwarded@0.2.0
1681 silly packumentCache full:https://registry.npmjs.org/forwarded cache-miss
1682 http fetch GET 200 https://registry.npmjs.org/unpipe 37ms (cache miss)
1683 silly packumentCache full:https://registry.npmjs.org/unpipe set size:undefined disposed:false
1684 silly fetch manifest ipaddr.js@1.9.1
1685 silly packumentCache full:https://registry.npmjs.org/ipaddr.js cache-miss
1686 http fetch GET 200 https://registry.npmjs.org/inherits 31ms (cache miss)
1687 silly packumentCache full:https://registry.npmjs.org/inherits set size:undefined disposed:false
1688 silly fetch manifest side-channel@^1.1.1
1689 silly packumentCache full:https://registry.npmjs.org/side-channel cache-miss
1690 http fetch GET 200 https://registry.npmjs.org/raw-body 38ms (cache miss)
1691 silly packumentCache full:https://registry.npmjs.org/raw-body set size:undefined disposed:false
1692 silly fetch manifest es-define-property@^1.0.1
1693 silly packumentCache full:https://registry.npmjs.org/es-define-property cache-miss
1694 http fetch GET 200 https://registry.npmjs.org/destroy 39ms (cache miss)
1695 silly packumentCache full:https://registry.npmjs.org/destroy set size:undefined disposed:false
1696 silly fetch manifest mime@1.6.0
1697 silly packumentCache full:https://registry.npmjs.org/mime cache-miss
1698 http fetch GET 200 https://registry.npmjs.org/iconv-lite 40ms (cache miss)
1699 silly packumentCache full:https://registry.npmjs.org/iconv-lite set size:undefined disposed:false
1700 silly fetch manifest destroy@1.2.0
1701 silly packumentCache full:https://registry.npmjs.org/destroy cache-miss
1702 http cache https://registry.npmjs.org/destroy 1ms (cache hit)
1703 silly packumentCache full:https://registry.npmjs.org/destroy set size:15738 disposed:false
1704 silly fetch manifest mime-types@~2.1.24
1705 silly packumentCache full:https://registry.npmjs.org/mime-types cache-miss
1706 http cache https://registry.npmjs.org/mime-types 1ms (cache hit)
1707 silly packumentCache full:https://registry.npmjs.org/mime-types set size:139110 disposed:false
1708 silly fetch manifest media-typer@0.3.0
1709 silly packumentCache full:https://registry.npmjs.org/media-typer cache-miss
1710 http fetch GET 200 https://registry.npmjs.org/ee-first 25ms (cache miss)
1711 silly packumentCache full:https://registry.npmjs.org/ee-first set size:undefined disposed:false
1712 http fetch GET 200 https://registry.npmjs.org/forwarded 27ms (cache miss)
1713 silly packumentCache full:https://registry.npmjs.org/forwarded set size:undefined disposed:false
1714 http fetch GET 200 https://registry.npmjs.org/toidentifier 28ms (cache miss)
1715 silly packumentCache full:https://registry.npmjs.org/toidentifier set size:undefined disposed:false
1716 http fetch GET 200 https://registry.npmjs.org/es-define-property 26ms (cache miss)
1717 silly packumentCache full:https://registry.npmjs.org/es-define-property set size:undefined disposed:false
1718 http fetch GET 200 https://registry.npmjs.org/ipaddr.js 30ms (cache miss)
1719 silly packumentCache full:https://registry.npmjs.org/ipaddr.js set size:undefined disposed:false
1720 http fetch GET 200 https://registry.npmjs.org/side-channel 32ms (cache miss)
1721 silly packumentCache full:https://registry.npmjs.org/side-channel set size:undefined disposed:false
1722 http fetch GET 200 https://registry.npmjs.org/media-typer 29ms (cache miss)
1723 silly packumentCache full:https://registry.npmjs.org/media-typer set size:undefined disposed:false
1724 http fetch GET 200 https://registry.npmjs.org/mime 40ms (cache miss)
1725 silly packumentCache full:https://registry.npmjs.org/mime set size:undefined disposed:false
1726 http fetch GET 200 https://registry.npmjs.org/bytes 301ms (cache miss)
1727 silly packumentCache full:https://registry.npmjs.org/bytes set size:undefined disposed:false
1728 silly placeDep ROOT mime-types@2.1.35 OK for: accepts@1.3.8 want: ~2.1.34
1729 silly placeDep ROOT negotiator@0.6.3 OK for: accepts@1.3.8 want: 0.6.3
1730 silly fetch manifest mime-db@1.52.0
1731 silly packumentCache full:https://registry.npmjs.org/mime-db cache-miss
1732 http fetch GET 200 https://registry.npmjs.org/mime-db 31ms (cache miss)
1733 silly packumentCache full:https://registry.npmjs.org/mime-db set size:undefined disposed:false
1734 silly placeDep ROOT bytes@3.1.2 OK for: body-parser@1.20.6 want: ~3.1.2
1735 silly placeDep node_modules/body-parser debug@2.6.9 OK for: body-parser@1.20.6 want: 2.6.9
1736 silly placeDep ROOT destroy@1.2.0 OK for: body-parser@1.20.6 want: ~1.2.0
1737 silly placeDep ROOT iconv-lite@0.4.24 OK for: body-parser@1.20.6 want: ~0.4.24
1738 silly placeDep ROOT raw-body@2.5.3 OK for: body-parser@1.20.6 want: ~2.5.3
1739 silly placeDep ROOT unpipe@1.0.0 OK for: body-parser@1.20.6 want: ~1.0.0
1740 silly fetch manifest safer-buffer@>= 2.1.2 < 3
1741 silly packumentCache full:https://registry.npmjs.org/safer-buffer cache-miss
1742 http fetch GET 200 https://registry.npmjs.org/safer-buffer 28ms (cache miss)
1743 silly packumentCache full:https://registry.npmjs.org/safer-buffer set size:undefined disposed:false
1744 silly placeDep node_modules/finalhandler debug@2.6.9 OK for: finalhandler@1.3.2 want: 2.6.9
1745 silly placeDep node_modules/geojson-polygon-self-intersections rbush@2.0.2 OK for: geojson-polygon-self-intersections@1.2.2 want: ^2.0.1
1746 silly fetch manifest quickselect@^1.0.1
1747 silly packumentCache full:https://registry.npmjs.org/quickselect cache-miss
1748 http cache https://registry.npmjs.org/quickselect 1ms (cache hit)
1749 silly packumentCache full:https://registry.npmjs.org/quickselect set size:11053 disposed:false
1750 silly placeDep ROOT inherits@2.0.4 OK for: http-errors@2.0.1 want: ~2.0.4
1751 silly placeDep ROOT toidentifier@1.0.1 OK for: http-errors@2.0.1 want: ~1.0.1
1752 silly placeDep ROOT safer-buffer@2.1.2 OK for: iconv-lite@0.4.24 want: >= 2.1.2 < 3
1753 silly placeDep ROOT @mapbox/corslite@0.0.7 OK for: leaflet-routing-machine@3.2.12 want: 0.0.7
1754 silly placeDep ROOT @mapbox/polyline@0.2.0 OK for: leaflet-routing-machine@3.2.12 want: ^0.2.0
1755 silly placeDep ROOT osrm-text-instructions@0.13.4 OK for: leaflet-routing-machine@3.2.12 want: ^0.13.2
1756 silly placeDep ROOT yallist@3.1.1 OK for: lru-cache@5.1.1 want: ^3.0.2
1757 silly placeDep ROOT mime-db@1.52.0 OK for: mime-types@2.1.35 want: 1.52.0
1758 silly placeDep ROOT ee-first@1.1.1 OK for: on-finished@2.4.1 want: 1.1.1
1759 silly placeDep node_modules/point-in-polygon-hao robust-predicates@3.0.3 OK for: point-in-polygon-hao@1.2.4 want: ^3.0.2
1760 silly placeDep ROOT bignumber.js@9.3.1 OK for: polyclip-ts@0.16.8 want: ^9.1.0
1761 silly placeDep ROOT splaytree-ts@1.0.2 OK for: polyclip-ts@0.16.8 want: ^1.0.2
1762 silly placeDep ROOT nanoid@3.3.17 OK for: postcss@8.5.26 want: ^3.3.17
1763 silly placeDep ROOT source-map-js@1.2.1 OK for: postcss@8.5.26 want: ^1.2.1
1764 silly placeDep ROOT forwarded@0.2.0 OK for: proxy-addr@2.0.7 want: 0.2.0
1765 silly placeDep ROOT ipaddr.js@1.9.1 OK for: proxy-addr@2.0.7 want: 1.9.1
1766 silly placeDep ROOT es-define-property@1.0.1 OK for: qs@6.15.3 want: ^1.0.1
1767 silly placeDep ROOT side-channel@1.1.1 OK for: qs@6.15.3 want: ^1.1.1
1768 silly fetch manifest es-errors@^1.3.0
1769 silly packumentCache full:https://registry.npmjs.org/es-errors cache-miss
1770 silly fetch manifest object-inspect@^1.13.4
1771 silly packumentCache full:https://registry.npmjs.org/object-inspect cache-miss
1772 silly fetch manifest side-channel-list@^1.0.1
1773 silly packumentCache full:https://registry.npmjs.org/side-channel-list cache-miss
1774 silly fetch manifest side-channel-map@^1.0.1
1775 silly packumentCache full:https://registry.npmjs.org/side-channel-map cache-miss
1776 silly fetch manifest side-channel-weakmap@^1.0.2
1777 silly packumentCache full:https://registry.npmjs.org/side-channel-weakmap cache-miss
1778 http fetch GET 200 https://registry.npmjs.org/es-errors 26ms (cache miss)
1779 silly packumentCache full:https://registry.npmjs.org/es-errors set size:undefined disposed:false
1780 http fetch GET 200 https://registry.npmjs.org/side-channel-list 28ms (cache miss)
1781 silly packumentCache full:https://registry.npmjs.org/side-channel-list set size:undefined disposed:false
1782 http fetch GET 200 https://registry.npmjs.org/side-channel-weakmap 31ms (cache miss)
1783 silly packumentCache full:https://registry.npmjs.org/side-channel-weakmap set size:undefined disposed:false
1784 http fetch GET 200 https://registry.npmjs.org/object-inspect 33ms (cache miss)
1785 silly packumentCache full:https://registry.npmjs.org/object-inspect set size:undefined disposed:false
1786 http fetch GET 200 https://registry.npmjs.org/side-channel-map 34ms (cache miss)
1787 silly packumentCache full:https://registry.npmjs.org/side-channel-map set size:undefined disposed:false
1788 silly placeDep ROOT quickselect@2.0.0 OK for: rbush@3.0.1 want: ^2.0.0
1789 silly placeDep ROOT loose-envify@1.4.0 OK for: react@18.3.1 want: ^1.1.0
1790 silly placeDep ROOT scheduler@0.23.2 OK for: react-dom@18.3.1 want: ^0.23.2
1791 silly fetch manifest leaflet@^1.9.0
1792 silly packumentCache full:https://registry.npmjs.org/leaflet cache-miss
1793 http cache https://registry.npmjs.org/leaflet 2ms (cache hit)
1794 silly packumentCache full:https://registry.npmjs.org/leaflet set size:146664 disposed:false
1795 silly fetch manifest react@^18.0.0
1796 silly packumentCache full:https://registry.npmjs.org/react cache-miss
1797 http cache https://registry.npmjs.org/react 8ms (cache hit)
1798 silly packumentCache full:https://registry.npmjs.org/react set size:6868792 disposed:false
1799 silly fetch manifest react-dom@^18.0.0
1800 silly packumentCache full:https://registry.npmjs.org/react-dom cache-miss
1801 http cache https://registry.npmjs.org/react-dom 14ms (cache hit)
1802 silly packumentCache full:https://registry.npmjs.org/react-dom set size:9221722 disposed:false
1803 silly placeDep ROOT @react-leaflet/core@2.1.0 OK for: react-leaflet@4.2.1 want: ^2.1.0
1804 silly fetch manifest react@>=16.8
1805 silly packumentCache full:https://registry.npmjs.org/react cache-miss
1806 http cache https://registry.npmjs.org/react 8ms (cache hit)
1807 silly packumentCache full:https://registry.npmjs.org/react set size:6868792 disposed:false
1808 silly placeDep ROOT @remix-run/router@1.23.3 OK for: react-router-dom@6.30.4 want: 1.23.3
1809 silly placeDep ROOT react-router@6.30.4 OK for: react-router-dom@6.30.4 want: 6.30.4
1810 silly fetch manifest react@^16.0.0 || ^17.0.0 || ^18.0.0 || ^19.0.0
1811 silly packumentCache full:https://registry.npmjs.org/react cache-miss
1812 http cache https://registry.npmjs.org/react 7ms (cache hit)
1813 silly packumentCache full:https://registry.npmjs.org/react set size:6868792 disposed:false
1814 silly fetch manifest react-dom@^16.0.0 || ^17.0.0 || ^18.0.0 || ^19.0.0
1815 silly packumentCache full:https://registry.npmjs.org/react-dom cache-miss
1816 http cache https://registry.npmjs.org/react-dom 8ms (cache hit)
1817 silly packumentCache full:https://registry.npmjs.org/react-dom set size:9221722 disposed:false
1818 silly placeDep ROOT eventemitter3@4.0.7 OK for: recharts@2.15.4 want: ^4.0.1
1819 silly placeDep ROOT react-is@18.3.1 OK for: recharts@2.15.4 want: ^18.3.1
1820 silly placeDep ROOT react-smooth@4.0.4 OK for: recharts@2.15.4 want: ^4.0.4
1821 silly placeDep ROOT recharts-scale@0.4.5 OK for: recharts@2.15.4 want: ^0.4.4
1822 silly placeDep ROOT tiny-invariant@1.3.3 OK for: recharts@2.15.4 want: ^1.3.1
1823 silly placeDep ROOT victory-vendor@36.9.2 OK for: recharts@2.15.4 want: ^36.6.8
1824 silly fetch manifest fast-equals@^5.0.1
1825 silly packumentCache full:https://registry.npmjs.org/fast-equals cache-miss
1826 silly fetch manifest prop-types@^15.8.1
1827 silly packumentCache full:https://registry.npmjs.org/prop-types cache-miss
1828 silly fetch manifest react-transition-group@^4.4.5
1829 silly packumentCache full:https://registry.npmjs.org/react-transition-group cache-miss
1830 silly fetch manifest decimal.js-light@^2.4.1
1831 silly packumentCache full:https://registry.npmjs.org/decimal.js-light cache-miss
1832 silly fetch manifest d3-ease@^3.0.1
1833 silly packumentCache full:https://registry.npmjs.org/d3-ease cache-miss
1834 silly fetch manifest d3-time@^3.0.0
1835 silly packumentCache full:https://registry.npmjs.org/d3-time cache-miss
1836 silly fetch manifest d3-array@^3.1.6
1837 silly packumentCache full:https://registry.npmjs.org/d3-array cache-miss
1838 silly fetch manifest d3-scale@^4.0.2
1839 silly packumentCache full:https://registry.npmjs.org/d3-scale cache-miss
1840 silly fetch manifest d3-shape@^3.1.0
1841 silly packumentCache full:https://registry.npmjs.org/d3-shape cache-miss
1842 http cache https://registry.npmjs.org/d3-array 4ms (cache hit)
1843 silly packumentCache full:https://registry.npmjs.org/d3-array set size:246308 disposed:false
1844 silly fetch manifest d3-timer@^3.0.1
1845 silly packumentCache full:https://registry.npmjs.org/d3-timer cache-miss
1846 http fetch GET 200 https://registry.npmjs.org/react-transition-group 31ms (cache miss)
1847 silly packumentCache full:https://registry.npmjs.org/react-transition-group set size:undefined disposed:false
1848 silly fetch manifest @types/d3-ease@^3.0.0
1849 silly packumentCache full:https://registry.npmjs.org/@types%2fd3-ease cache-miss
1850 http fetch GET 200 https://registry.npmjs.org/decimal.js-light 33ms (cache miss)
1851 silly packumentCache full:https://registry.npmjs.org/decimal.js-light set size:undefined disposed:false
1852 silly fetch manifest @types/d3-time@^3.0.0
1853 silly packumentCache full:https://registry.npmjs.org/@types%2fd3-time cache-miss
1854 http fetch GET 200 https://registry.npmjs.org/d3-time 36ms (cache miss)
1855 silly packumentCache full:https://registry.npmjs.org/d3-time set size:undefined disposed:false
1856 silly fetch manifest d3-interpolate@^3.0.1
1857 silly packumentCache full:https://registry.npmjs.org/d3-interpolate cache-miss
1858 http fetch GET 200 https://registry.npmjs.org/d3-timer 32ms (cache miss)
1859 silly packumentCache full:https://registry.npmjs.org/d3-timer set size:undefined disposed:false
1860 silly fetch manifest @types/d3-array@^3.0.3
1861 silly packumentCache full:https://registry.npmjs.org/@types%2fd3-array cache-miss
1862 http fetch GET 200 https://registry.npmjs.org/d3-ease 40ms (cache miss)
1863 silly packumentCache full:https://registry.npmjs.org/d3-ease set size:undefined disposed:false
1864 silly fetch manifest @types/d3-scale@^4.0.2
1865 silly packumentCache full:https://registry.npmjs.org/@types%2fd3-scale cache-miss
1866 http fetch GET 200 https://registry.npmjs.org/prop-types 62ms (cache miss)
1867 silly packumentCache full:https://registry.npmjs.org/prop-types set size:undefined disposed:false
1868 silly fetch manifest @types/d3-shape@^3.1.0
1869 silly packumentCache full:https://registry.npmjs.org/@types%2fd3-shape cache-miss
1870 http fetch GET 200 https://registry.npmjs.org/@types%2fd3-ease 32ms (cache miss)
1871 silly packumentCache full:https://registry.npmjs.org/@types%2fd3-ease set size:undefined disposed:false
1872 silly fetch manifest @types/d3-timer@^3.0.0
1873 silly packumentCache full:https://registry.npmjs.org/@types%2fd3-timer cache-miss
1874 http fetch GET 200 https://registry.npmjs.org/@types%2fd3-time 35ms (cache miss)
1875 silly packumentCache full:https://registry.npmjs.org/@types%2fd3-time set size:undefined disposed:false
1876 silly fetch manifest @types/d3-interpolate@^3.0.1
1877 silly packumentCache full:https://registry.npmjs.org/@types%2fd3-interpolate cache-miss
1878 http fetch GET 200 https://registry.npmjs.org/d3-interpolate 37ms (cache miss)
1879 silly packumentCache full:https://registry.npmjs.org/d3-interpolate set size:undefined disposed:false
1880 http fetch GET 200 https://registry.npmjs.org/fast-equals 75ms (cache miss)
1881 silly packumentCache full:https://registry.npmjs.org/fast-equals set size:undefined disposed:false
1882 http fetch GET 200 https://registry.npmjs.org/d3-shape 77ms (cache miss)
1883 silly packumentCache full:https://registry.npmjs.org/d3-shape set size:undefined disposed:false
1884 http fetch GET 200 https://registry.npmjs.org/@types%2fd3-array 40ms (cache miss)
1885 silly packumentCache full:https://registry.npmjs.org/@types%2fd3-array set size:undefined disposed:false
1886 http fetch GET 200 https://registry.npmjs.org/d3-scale 82ms (cache miss)
1887 silly packumentCache full:https://registry.npmjs.org/d3-scale set size:undefined disposed:false
1888 http fetch GET 200 https://registry.npmjs.org/@types%2fd3-shape 36ms (cache miss)
1889 silly packumentCache full:https://registry.npmjs.org/@types%2fd3-shape set size:undefined disposed:false
1890 http fetch GET 200 https://registry.npmjs.org/@types%2fd3-interpolate 33ms (cache miss)
1891 silly packumentCache full:https://registry.npmjs.org/@types%2fd3-interpolate set size:undefined disposed:false
1892 http fetch GET 200 https://registry.npmjs.org/@types%2fd3-scale 288ms (cache miss)
1893 silly packumentCache full:https://registry.npmjs.org/@types%2fd3-scale set size:undefined disposed:false
1894 http fetch GET 200 https://registry.npmjs.org/@types%2fd3-timer 268ms (cache miss)
1895 silly packumentCache full:https://registry.npmjs.org/@types%2fd3-timer set size:undefined disposed:false
1896 silly fetch manifest react@^16.8.0 || ^17.0.0 || ^18.0.0 || ^19.0.0
1897 silly packumentCache full:https://registry.npmjs.org/react cache-miss
1898 http cache https://registry.npmjs.org/react 9ms (cache hit)
1899 silly packumentCache full:https://registry.npmjs.org/react set size:6868792 disposed:false
1900 silly fetch manifest react-dom@^16.8.0 || ^17.0.0 || ^18.0.0 || ^19.0.0
1901 silly packumentCache full:https://registry.npmjs.org/react-dom cache-miss
1902 http cache https://registry.npmjs.org/react-dom 8ms (cache hit)
1903 silly packumentCache full:https://registry.npmjs.org/react-dom set size:9221722 disposed:false
1904 silly placeDep ROOT fast-equals@5.4.1 OK for: react-smooth@4.0.4 want: ^5.0.1
1905 silly placeDep ROOT prop-types@15.8.1 OK for: react-smooth@4.0.4 want: ^15.8.1
1906 silly placeDep ROOT react-transition-group@4.4.5 OK for: react-smooth@4.0.4 want: ^4.4.5
1907 silly fetch manifest react-is@^16.13.1
1908 silly packumentCache full:https://registry.npmjs.org/react-is cache-miss
1909 silly fetch manifest dom-helpers@^5.0.1
1910 silly packumentCache full:https://registry.npmjs.org/dom-helpers cache-miss
1911 http cache https://registry.npmjs.org/react-is 6ms (cache hit)
1912 silly packumentCache full:https://registry.npmjs.org/react-is set size:5557857 disposed:false
1913 http fetch GET 200 https://registry.npmjs.org/dom-helpers 37ms (cache miss)
1914 silly packumentCache full:https://registry.npmjs.org/dom-helpers set size:undefined disposed:false
1915 silly placeDep node_modules/prop-types react-is@16.13.1 OK for: prop-types@15.8.1 want: ^16.13.1
1916 silly placeDep ROOT dom-helpers@5.2.1 OK for: react-transition-group@4.4.5 want: ^5.0.1
1917 silly placeDep ROOT decimal.js-light@2.5.1 OK for: recharts-scale@0.4.5 want: ^2.4.1
1918 silly placeDep node_modules/send debug@2.6.9 OK for: send@0.19.2 want: 2.6.9
1919 silly placeDep ROOT mime@1.6.0 OK for: send@0.19.2 want: 1.6.0
1920 silly placeDep ROOT es-errors@1.3.0 OK for: side-channel@1.1.1 want: ^1.3.0
1921 silly placeDep ROOT object-inspect@1.13.4 OK for: side-channel@1.1.1 want: ^1.13.4
1922 silly placeDep ROOT side-channel-list@1.0.1 OK for: side-channel@1.1.1 want: ^1.0.1
1923 silly placeDep ROOT side-channel-map@1.0.1 OK for: side-channel@1.1.1 want: ^1.0.1
1924 silly placeDep ROOT side-channel-weakmap@1.0.2 OK for: side-channel@1.1.1 want: ^1.0.2
1925 silly fetch manifest call-bound@^1.0.2
1926 silly packumentCache full:https://registry.npmjs.org/call-bound cache-miss
1927 silly fetch manifest get-intrinsic@^1.2.5
1928 silly packumentCache full:https://registry.npmjs.org/get-intrinsic cache-miss
1929 silly fetch manifest call-bound@^1.0.2
1930 silly packumentCache full:https://registry.npmjs.org/call-bound cache-miss
1931 silly fetch manifest get-intrinsic@^1.2.5
1932 silly packumentCache full:https://registry.npmjs.org/get-intrinsic cache-miss
1933 http fetch GET 200 https://registry.npmjs.org/call-bound 26ms (cache miss)
1934 silly packumentCache full:https://registry.npmjs.org/call-bound set size:undefined disposed:false
1935 http fetch GET 200 https://registry.npmjs.org/call-bound 32ms (cache miss)
1936 silly packumentCache full:https://registry.npmjs.org/call-bound set size:undefined disposed:false
1937 http fetch GET 200 https://registry.npmjs.org/get-intrinsic 32ms (cache miss)
1938 silly packumentCache full:https://registry.npmjs.org/get-intrinsic set size:undefined disposed:false
1939 http fetch GET 200 https://registry.npmjs.org/get-intrinsic 89ms (cache miss)
1940 silly packumentCache full:https://registry.npmjs.org/get-intrinsic set size:undefined disposed:false
1941 silly placeDep ROOT call-bound@1.0.4 OK for: side-channel-map@1.0.1 want: ^1.0.2
1942 silly placeDep ROOT get-intrinsic@1.3.0 OK for: side-channel-map@1.0.1 want: ^1.2.5
1943 silly fetch manifest call-bind-apply-helpers@^1.0.2
1944 silly packumentCache full:https://registry.npmjs.org/call-bind-apply-helpers cache-miss
1945 silly fetch manifest get-intrinsic@^1.3.0
1946 silly packumentCache full:https://registry.npmjs.org/get-intrinsic cache-miss
1947 silly fetch manifest gopd@^1.2.0
1948 silly packumentCache full:https://registry.npmjs.org/gopd cache-miss
1949 silly fetch manifest hasown@^2.0.2
1950 silly packumentCache full:https://registry.npmjs.org/hasown cache-miss
1951 silly fetch manifest get-proto@^1.0.1
1952 silly packumentCache full:https://registry.npmjs.org/get-proto cache-miss
1953 silly fetch manifest has-symbols@^1.1.0
1954 silly packumentCache full:https://registry.npmjs.org/has-symbols cache-miss
1955 silly fetch manifest function-bind@^1.1.2
1956 silly packumentCache full:https://registry.npmjs.org/function-bind cache-miss
1957 silly fetch manifest es-object-atoms@^1.1.1
1958 silly packumentCache full:https://registry.npmjs.org/es-object-atoms cache-miss
1959 silly fetch manifest math-intrinsics@^1.1.0
1960 silly packumentCache full:https://registry.npmjs.org/math-intrinsics cache-miss
1961 http cache https://registry.npmjs.org/get-intrinsic 3ms (cache hit)
1962 silly packumentCache full:https://registry.npmjs.org/get-intrinsic set size:60985 disposed:false
1963 silly fetch manifest call-bind-apply-helpers@^1.0.2
1964 silly packumentCache full:https://registry.npmjs.org/call-bind-apply-helpers cache-miss
1965 http fetch GET 200 https://registry.npmjs.org/hasown 28ms (cache miss)
1966 silly packumentCache full:https://registry.npmjs.org/hasown set size:undefined disposed:false
1967 http fetch GET 200 https://registry.npmjs.org/gopd 28ms (cache miss)
1968 silly packumentCache full:https://registry.npmjs.org/gopd set size:undefined disposed:false
1969 http fetch GET 200 https://registry.npmjs.org/has-symbols 28ms (cache miss)
1970 silly packumentCache full:https://registry.npmjs.org/has-symbols set size:undefined disposed:false
1971 http fetch GET 200 https://registry.npmjs.org/call-bind-apply-helpers 30ms (cache miss)
1972 silly packumentCache full:https://registry.npmjs.org/call-bind-apply-helpers set size:undefined disposed:false
1973 http fetch GET 200 https://registry.npmjs.org/function-bind 29ms (cache miss)
1974 silly packumentCache full:https://registry.npmjs.org/function-bind set size:undefined disposed:false
1975 http fetch GET 200 https://registry.npmjs.org/es-object-atoms 29ms (cache miss)
1976 silly packumentCache full:https://registry.npmjs.org/es-object-atoms set size:undefined disposed:false
1977 http fetch GET 200 https://registry.npmjs.org/get-proto 33ms (cache miss)
1978 silly packumentCache full:https://registry.npmjs.org/get-proto set size:undefined disposed:false
1979 http fetch GET 200 https://registry.npmjs.org/math-intrinsics 34ms (cache miss)
1980 silly packumentCache full:https://registry.npmjs.org/math-intrinsics set size:undefined disposed:false
1981 http fetch GET 200 https://registry.npmjs.org/call-bind-apply-helpers 43ms (cache miss)
1982 silly packumentCache full:https://registry.npmjs.org/call-bind-apply-helpers set size:undefined disposed:false
1983 silly placeDep ROOT call-bind-apply-helpers@1.0.2 OK for: call-bound@1.0.4 want: ^1.0.2
1984 silly placeDep ROOT function-bind@1.1.2 OK for: call-bind-apply-helpers@1.0.2 want: ^1.1.2
1985 silly placeDep ROOT es-object-atoms@1.1.2 OK for: get-intrinsic@1.3.0 want: ^1.1.1
1986 silly placeDep ROOT get-proto@1.0.1 OK for: get-intrinsic@1.3.0 want: ^1.0.1
1987 silly placeDep ROOT gopd@1.2.0 OK for: get-intrinsic@1.3.0 want: ^1.2.0
1988 silly placeDep ROOT has-symbols@1.1.0 OK for: get-intrinsic@1.3.0 want: ^1.1.0
1989 silly placeDep ROOT hasown@2.0.4 OK for: get-intrinsic@1.3.0 want: ^2.0.2
1990 silly placeDep ROOT math-intrinsics@1.1.0 OK for: get-intrinsic@1.3.0 want: ^1.1.0
1991 silly fetch manifest dunder-proto@^1.0.1
1992 silly packumentCache full:https://registry.npmjs.org/dunder-proto cache-miss
1993 http fetch GET 200 https://registry.npmjs.org/dunder-proto 42ms (cache miss)
1994 silly packumentCache full:https://registry.npmjs.org/dunder-proto set size:undefined disposed:false
1995 silly placeDep ROOT dunder-proto@1.0.1 OK for: get-proto@1.0.1 want: ^1.0.1
1996 silly placeDep ROOT has-flag@4.0.0 OK for: supports-color@8.1.1 want: ^4.0.0
1997 silly fetch manifest postcss@^8.4.47
1998 silly packumentCache full:https://registry.npmjs.org/postcss cache-hit
1999 silly fetch manifest tsx@^4.8.1
2000 silly packumentCache full:https://registry.npmjs.org/tsx cache-miss
2001 http fetch GET 200 https://registry.npmjs.org/tsx 40ms (cache miss)
2002 silly packumentCache full:https://registry.npmjs.org/tsx set size:undefined disposed:false
2003 silly fetch manifest yaml@^2.4.2
2004 silly packumentCache full:https://registry.npmjs.org/yaml cache-miss
2005 http fetch GET 200 https://registry.npmjs.org/yaml 68ms (cache miss)
2006 silly packumentCache full:https://registry.npmjs.org/yaml set size:undefined disposed:false
2007 silly placeDep ROOT @alloc/quick-lru@5.2.0 OK for: tailwindcss@3.4.19 want: ^5.2.0
2008 silly placeDep ROOT arg@5.0.2 OK for: tailwindcss@3.4.19 want: ^5.0.2
2009 silly placeDep ROOT chokidar@3.6.0 OK for: tailwindcss@3.4.19 want: ^3.6.0
2010 silly placeDep ROOT didyoumean@1.2.2 OK for: tailwindcss@3.4.19 want: ^1.2.2
2011 silly placeDep ROOT dlv@1.1.3 OK for: tailwindcss@3.4.19 want: ^1.1.3
2012 silly placeDep ROOT fast-glob@3.3.3 OK for: tailwindcss@3.4.19 want: ^3.3.2
2013 silly placeDep ROOT glob-parent@6.0.2 OK for: tailwindcss@3.4.19 want: ^6.0.2
2014 silly placeDep ROOT is-glob@4.0.3 OK for: tailwindcss@3.4.19 want: ^4.0.3
2015 silly placeDep ROOT jiti@1.21.7 OK for: tailwindcss@3.4.19 want: ^1.21.7
2016 silly placeDep ROOT lilconfig@3.1.3 OK for: tailwindcss@3.4.19 want: ^3.1.3
2017 silly placeDep ROOT micromatch@4.0.8 OK for: tailwindcss@3.4.19 want: ^4.0.8
2018 silly placeDep ROOT normalize-path@3.0.0 OK for: tailwindcss@3.4.19 want: ^3.0.0
2019 silly placeDep ROOT object-hash@3.0.0 OK for: tailwindcss@3.4.19 want: ^3.0.0
2020 silly placeDep ROOT postcss-import@15.1.0 OK for: tailwindcss@3.4.19 want: ^15.1.0
2021 silly placeDep ROOT postcss-js@4.1.0 OK for: tailwindcss@3.4.19 want: ^4.0.1
2022 silly placeDep ROOT postcss-load-config@6.0.1 OK for: tailwindcss@3.4.19 want: ^4.0.2 || ^5.0 || ^6.0
2023 silly placeDep ROOT postcss-nested@6.2.0 OK for: tailwindcss@3.4.19 want: ^6.2.0
2024 silly placeDep ROOT postcss-selector-parser@6.1.4 OK for: tailwindcss@3.4.19 want: ^6.1.2
2025 silly placeDep ROOT resolve@1.22.12 OK for: tailwindcss@3.4.19 want: ^1.22.8
2026 silly placeDep ROOT sucrase@3.35.1 OK for: tailwindcss@3.4.19 want: ^3.35.0
2027 silly fetch manifest braces@~3.0.2
2028 silly packumentCache full:https://registry.npmjs.org/braces cache-miss
2029 silly fetch manifest is-glob@~4.0.1
2030 silly packumentCache full:https://registry.npmjs.org/is-glob cache-miss
2031 silly fetch manifest anymatch@~3.1.2
2032 silly packumentCache full:https://registry.npmjs.org/anymatch cache-miss
2033 silly fetch manifest readdirp@~3.6.0
2034 silly packumentCache full:https://registry.npmjs.org/readdirp cache-miss
2035 silly fetch manifest glob-parent@~5.1.2
2036 silly packumentCache full:https://registry.npmjs.org/glob-parent cache-miss
2037 silly fetch manifest is-binary-path@~2.1.0
2038 silly packumentCache full:https://registry.npmjs.org/is-binary-path cache-miss
2039 silly fetch manifest normalize-path@~3.0.0
2040 silly packumentCache full:https://registry.npmjs.org/normalize-path cache-miss
2041 silly fetch manifest fsevents@~2.3.2
2042 silly packumentCache full:https://registry.npmjs.org/fsevents cache-miss
2043 silly fetch manifest @nodelib/fs.stat@^2.0.2
2044 silly packumentCache full:https://registry.npmjs.org/@nodelib%2ffs.stat cache-miss
2045 http cache https://registry.npmjs.org/glob-parent 4ms (cache hit)
2046 silly packumentCache full:https://registry.npmjs.org/glob-parent set size:42445 disposed:false
2047 silly fetch manifest @nodelib/fs.walk@^1.2.3
2048 silly packumentCache full:https://registry.npmjs.org/@nodelib%2ffs.walk cache-miss
2049 http cache https://registry.npmjs.org/is-glob 4ms (cache hit)
2050 silly packumentCache full:https://registry.npmjs.org/is-glob set size:40530 disposed:false
2051 silly fetch manifest glob-parent@^5.1.2
2052 silly packumentCache full:https://registry.npmjs.org/glob-parent cache-hit
2053 silly fetch manifest merge2@^1.3.0
2054 silly packumentCache full:https://registry.npmjs.org/merge2 cache-miss
2055 http cache https://registry.npmjs.org/normalize-path 4ms (cache hit)
2056 silly packumentCache full:https://registry.npmjs.org/normalize-path set size:28713 disposed:false
2057 silly fetch manifest is-extglob@^2.1.1
2058 silly packumentCache full:https://registry.npmjs.org/is-extglob cache-miss
2059 http cache https://registry.npmjs.org/fsevents 5ms (cache hit)
2060 silly packumentCache full:https://registry.npmjs.org/fsevents set size:182472 disposed:false
2061 silly fetch manifest braces@^3.0.3
2062 silly packumentCache full:https://registry.npmjs.org/braces cache-miss
2063 http fetch GET 200 https://registry.npmjs.org/anymatch 31ms (cache miss)
2064 silly packumentCache full:https://registry.npmjs.org/anymatch set size:undefined disposed:false
2065 silly fetch manifest picomatch@^2.3.1
2066 silly packumentCache full:https://registry.npmjs.org/picomatch cache-miss
2067 http fetch GET 200 https://registry.npmjs.org/merge2 30ms (cache miss)
2068 silly packumentCache full:https://registry.npmjs.org/merge2 set size:undefined disposed:false
2069 silly fetch manifest resolve@^1.1.7
2070 silly packumentCache full:https://registry.npmjs.org/resolve cache-miss
2071 http fetch GET 200 https://registry.npmjs.org/braces 36ms (cache miss)
2072 silly packumentCache full:https://registry.npmjs.org/braces set size:undefined disposed:false
2073 silly fetch manifest read-cache@^1.0.0
2074 silly packumentCache full:https://registry.npmjs.org/read-cache cache-miss
2075 http fetch GET 200 https://registry.npmjs.org/is-extglob 32ms (cache miss)
2076 silly packumentCache full:https://registry.npmjs.org/is-extglob set size:undefined disposed:false
2077 silly fetch manifest camelcase-css@^2.0.1
2078 silly packumentCache full:https://registry.npmjs.org/camelcase-css cache-miss
2079 http cache https://registry.npmjs.org/resolve 3ms (cache hit)
2080 silly packumentCache full:https://registry.npmjs.org/resolve set size:244568 disposed:false
2081 silly fetch manifest postcss-selector-parser@^6.1.1
2082 silly packumentCache full:https://registry.npmjs.org/postcss-selector-parser cache-miss
2083 http fetch GET 200 https://registry.npmjs.org/readdirp 41ms (cache miss)
2084 silly packumentCache full:https://registry.npmjs.org/readdirp set size:undefined disposed:false
2085 silly fetch manifest cssesc@^3.0.0
2086 silly packumentCache full:https://registry.npmjs.org/cssesc cache-miss
2087 http fetch GET 200 https://registry.npmjs.org/braces 35ms (cache miss)
2088 silly packumentCache full:https://registry.npmjs.org/braces set size:undefined disposed:false
2089 silly fetch manifest util-deprecate@^1.0.2
2090 silly packumentCache full:https://registry.npmjs.org/util-deprecate cache-miss
2091 http cache https://registry.npmjs.org/postcss-selector-parser 3ms (cache hit)
2092 silly packumentCache full:https://registry.npmjs.org/postcss-selector-parser set size:193966 disposed:false
2093 silly fetch manifest path-parse@^1.0.7
2094 silly packumentCache full:https://registry.npmjs.org/path-parse cache-miss
2095 http fetch GET 200 https://registry.npmjs.org/@nodelib%2ffs.stat 54ms (cache miss)
2096 silly packumentCache full:https://registry.npmjs.org/@nodelib%2ffs.stat set size:undefined disposed:false
2097 silly fetch manifest is-core-module@^2.16.1
2098 silly packumentCache full:https://registry.npmjs.org/is-core-module cache-miss
2099 http fetch GET 200 https://registry.npmjs.org/is-binary-path 57ms (cache miss)
2100 silly packumentCache full:https://registry.npmjs.org/is-binary-path set size:undefined disposed:false
2101 silly fetch manifest supports-preserve-symlinks-flag@^1.0.0
2102 silly packumentCache full:https://registry.npmjs.org/supports-preserve-symlinks-flag cache-miss
2103 http fetch GET 200 https://registry.npmjs.org/read-cache 25ms (cache miss)
2104 silly packumentCache full:https://registry.npmjs.org/read-cache set size:undefined disposed:false
2105 silly fetch manifest commander@^4.0.0
2106 silly packumentCache full:https://registry.npmjs.org/commander cache-miss
2107 http cache https://registry.npmjs.org/commander 1ms (cache hit)
2108 silly packumentCache full:https://registry.npmjs.org/commander set size:353115 disposed:false
2109 silly fetch manifest lines-and-columns@^1.1.6
2110 silly packumentCache full:https://registry.npmjs.org/lines-and-columns cache-miss
2111 http fetch GET 200 https://registry.npmjs.org/picomatch 40ms (cache miss)
2112 silly packumentCache full:https://registry.npmjs.org/picomatch set size:undefined disposed:false
2113 silly fetch manifest mz@^2.7.0
2114 silly packumentCache full:https://registry.npmjs.org/mz cache-miss
2115 http fetch GET 200 https://registry.npmjs.org/cssesc 32ms (cache miss)
2116 silly packumentCache full:https://registry.npmjs.org/cssesc set size:undefined disposed:false
2117 silly fetch manifest pirates@^4.0.1
2118 silly packumentCache full:https://registry.npmjs.org/pirates cache-miss
2119 http fetch GET 200 https://registry.npmjs.org/camelcase-css 36ms (cache miss)
2120 silly packumentCache full:https://registry.npmjs.org/camelcase-css set size:undefined disposed:false
2121 silly fetch manifest tinyglobby@^0.2.11
2122 silly packumentCache full:https://registry.npmjs.org/tinyglobby cache-miss
2123 http fetch GET 200 https://registry.npmjs.org/path-parse 31ms (cache miss)
2124 silly packumentCache full:https://registry.npmjs.org/path-parse set size:undefined disposed:false
2125 silly fetch manifest ts-interface-checker@^0.1.9
2126 silly packumentCache full:https://registry.npmjs.org/ts-interface-checker cache-miss
2127 http fetch GET 200 https://registry.npmjs.org/util-deprecate 32ms (cache miss)
2128 silly packumentCache full:https://registry.npmjs.org/util-deprecate set size:undefined disposed:false
2129 http fetch GET 200 https://registry.npmjs.org/@nodelib%2ffs.walk 85ms (cache miss)
2130 silly packumentCache full:https://registry.npmjs.org/@nodelib%2ffs.walk set size:undefined disposed:false
2131 http fetch GET 200 https://registry.npmjs.org/lines-and-columns 28ms (cache miss)
2132 silly packumentCache full:https://registry.npmjs.org/lines-and-columns set size:undefined disposed:false
2133 http fetch GET 200 https://registry.npmjs.org/is-core-module 45ms (cache miss)
2134 silly packumentCache full:https://registry.npmjs.org/is-core-module set size:undefined disposed:false
2135 http fetch GET 200 https://registry.npmjs.org/mz 30ms (cache miss)
2136 silly packumentCache full:https://registry.npmjs.org/mz set size:undefined disposed:false
2137 http fetch GET 200 https://registry.npmjs.org/supports-preserve-symlinks-flag 47ms (cache miss)
2138 silly packumentCache full:https://registry.npmjs.org/supports-preserve-symlinks-flag set size:undefined disposed:false
2139 http fetch GET 200 https://registry.npmjs.org/pirates 30ms (cache miss)
2140 silly packumentCache full:https://registry.npmjs.org/pirates set size:undefined disposed:false
2141 http fetch GET 200 https://registry.npmjs.org/tinyglobby 31ms (cache miss)
2142 silly packumentCache full:https://registry.npmjs.org/tinyglobby set size:undefined disposed:false
2143 http fetch GET 200 https://registry.npmjs.org/ts-interface-checker 32ms (cache miss)
2144 silly packumentCache full:https://registry.npmjs.org/ts-interface-checker set size:undefined disposed:false
2145 silly placeDep ROOT anymatch@3.1.3 OK for: chokidar@3.6.0 want: ~3.1.2
2146 silly placeDep ROOT braces@3.0.3 OK for: chokidar@3.6.0 want: ~3.0.2
2147 silly placeDep ROOT fsevents@2.3.3 OK for: chokidar@3.6.0 want: ~2.3.2
2148 silly placeDep node_modules/chokidar glob-parent@5.1.2 OK for: chokidar@3.6.0 want: ~5.1.2
2149 silly placeDep ROOT is-binary-path@2.1.0 OK for: chokidar@3.6.0 want: ~2.1.0
2150 silly placeDep ROOT readdirp@3.6.0 OK for: chokidar@3.6.0 want: ~3.6.0
2151 silly fetch manifest picomatch@^2.0.4
2152 silly packumentCache full:https://registry.npmjs.org/picomatch cache-miss
2153 silly fetch manifest fill-range@^7.1.1
2154 silly packumentCache full:https://registry.npmjs.org/fill-range cache-miss
2155 silly fetch manifest binary-extensions@^2.0.0
2156 silly packumentCache full:https://registry.npmjs.org/binary-extensions cache-miss
2157 silly fetch manifest picomatch@^2.2.1
2158 silly packumentCache full:https://registry.npmjs.org/picomatch cache-miss
2159 http cache https://registry.npmjs.org/picomatch 1ms (cache hit)
2160 silly packumentCache full:https://registry.npmjs.org/picomatch set size:128942 disposed:false
2161 http cache https://registry.npmjs.org/picomatch 2ms (cache hit)
2162 silly packumentCache full:https://registry.npmjs.org/picomatch set size:128942 disposed:false
2163 silly packumentCache full:https://registry.npmjs.org/picomatch dispose
2164 http fetch GET 200 https://registry.npmjs.org/fill-range 33ms (cache miss)
2165 silly packumentCache full:https://registry.npmjs.org/fill-range set size:undefined disposed:false
2166 http fetch GET 200 https://registry.npmjs.org/binary-extensions 68ms (cache miss)
2167 silly packumentCache full:https://registry.npmjs.org/binary-extensions set size:undefined disposed:false
2168 silly placeDep ROOT picomatch@2.3.2 OK for: anymatch@3.1.3 want: ^2.0.4
2169 silly placeDep ROOT fill-range@7.1.1 OK for: braces@3.0.3 want: ^7.1.1
2170 silly fetch manifest to-regex-range@^5.0.1
2171 silly packumentCache full:https://registry.npmjs.org/to-regex-range cache-miss
2172 http fetch GET 200 https://registry.npmjs.org/to-regex-range 28ms (cache miss)
2173 silly packumentCache full:https://registry.npmjs.org/to-regex-range set size:undefined disposed:false
2174 silly placeDep ROOT @nodelib/fs.stat@2.0.5 OK for: fast-glob@3.3.3 want: ^2.0.2
2175 silly placeDep ROOT @nodelib/fs.walk@1.2.8 OK for: fast-glob@3.3.3 want: ^1.2.3
2176 silly placeDep node_modules/fast-glob glob-parent@5.1.2 OK for: fast-glob@3.3.3 want: ^5.1.2
2177 silly placeDep ROOT merge2@1.4.1 OK for: fast-glob@3.3.3 want: ^1.3.0
2178 silly fetch manifest fastq@^1.6.0
2179 silly packumentCache full:https://registry.npmjs.org/fastq cache-miss
2180 silly fetch manifest @nodelib/fs.scandir@2.1.5
2181 silly packumentCache full:https://registry.npmjs.org/@nodelib%2ffs.scandir cache-miss
2182 http fetch GET 200 https://registry.npmjs.org/fastq 49ms (cache miss)
2183 silly packumentCache full:https://registry.npmjs.org/fastq set size:undefined disposed:false
2184 http fetch GET 200 https://registry.npmjs.org/@nodelib%2ffs.scandir 476ms (cache miss)
2185 silly packumentCache full:https://registry.npmjs.org/@nodelib%2ffs.scandir set size:undefined disposed:false
2186 silly placeDep ROOT @nodelib/fs.scandir@2.1.5 OK for: @nodelib/fs.walk@1.2.8 want: 2.1.5
2187 silly placeDep ROOT fastq@1.20.1 OK for: @nodelib/fs.walk@1.2.8 want: ^1.6.0
2188 silly fetch manifest run-parallel@^1.1.9
2189 silly packumentCache full:https://registry.npmjs.org/run-parallel cache-miss
2190 silly fetch manifest reusify@^1.0.4
2191 silly packumentCache full:https://registry.npmjs.org/reusify cache-miss
2192 http fetch GET 200 https://registry.npmjs.org/run-parallel 31ms (cache miss)
2193 silly packumentCache full:https://registry.npmjs.org/run-parallel set size:undefined disposed:false
2194 http fetch GET 200 https://registry.npmjs.org/reusify 36ms (cache miss)
2195 silly packumentCache full:https://registry.npmjs.org/reusify set size:undefined disposed:false
2196 silly placeDep ROOT run-parallel@1.2.0 OK for: @nodelib/fs.scandir@2.1.5 want: ^1.1.9
2197 silly fetch manifest queue-microtask@^1.2.2
2198 silly packumentCache full:https://registry.npmjs.org/queue-microtask cache-miss
2199 http fetch GET 200 https://registry.npmjs.org/queue-microtask 32ms (cache miss)
2200 silly packumentCache full:https://registry.npmjs.org/queue-microtask set size:undefined disposed:false
2201 silly placeDep ROOT reusify@1.1.0 OK for: fastq@1.20.1 want: ^1.0.4
2202 silly placeDep ROOT to-regex-range@5.0.1 OK for: fill-range@7.1.1 want: ^5.0.1
2203 silly fetch manifest is-number@^7.0.0
2204 silly packumentCache full:https://registry.npmjs.org/is-number cache-miss
2205 http fetch GET 200 https://registry.npmjs.org/is-number 50ms (cache miss)
2206 silly packumentCache full:https://registry.npmjs.org/is-number set size:undefined disposed:false
2207 silly placeDep ROOT binary-extensions@2.3.0 OK for: is-binary-path@2.1.0 want: ^2.0.0
2208 silly placeDep ROOT is-extglob@2.1.1 OK for: is-glob@4.0.3 want: ^2.1.1
2209 silly placeDep ROOT read-cache@1.0.0 OK for: postcss-import@15.1.0 want: ^1.0.0
2210 silly fetch manifest pify@^2.3.0
2211 silly packumentCache full:https://registry.npmjs.org/pify cache-miss
2212 http fetch GET 200 https://registry.npmjs.org/pify 29ms (cache miss)
2213 silly packumentCache full:https://registry.npmjs.org/pify set size:undefined disposed:false
2214 silly placeDep ROOT camelcase-css@2.0.1 OK for: postcss-js@4.1.0 want: ^2.0.1
2215 silly placeDep ROOT cssesc@3.0.0 OK for: postcss-selector-parser@6.1.4 want: ^3.0.0
2216 silly placeDep ROOT util-deprecate@1.0.2 OK for: postcss-selector-parser@6.1.4 want: ^1.0.2
2217 silly placeDep ROOT pify@2.3.0 OK for: read-cache@1.0.0 want: ^2.3.0
2218 silly placeDep ROOT is-core-module@2.16.2 OK for: resolve@1.22.12 want: ^2.16.1
2219 silly placeDep ROOT path-parse@1.0.7 OK for: resolve@1.22.12 want: ^1.0.7
2220 silly placeDep ROOT supports-preserve-symlinks-flag@1.0.0 OK for: resolve@1.22.12 want: ^1.0.0
2221 silly placeDep ROOT queue-microtask@1.2.3 OK for: run-parallel@1.2.0 want: ^1.2.2
2222 silly placeDep ROOT commander@4.1.1 OK for: sucrase@3.35.1 want: ^4.0.0
2223 silly placeDep ROOT lines-and-columns@1.2.4 OK for: sucrase@3.35.1 want: ^1.1.6
2224 silly placeDep ROOT mz@2.7.0 OK for: sucrase@3.35.1 want: ^2.7.0
2225 silly placeDep ROOT pirates@4.0.7 OK for: sucrase@3.35.1 want: ^4.0.1
2226 silly placeDep ROOT tinyglobby@0.2.17 OK for: sucrase@3.35.1 want: ^0.2.11
2227 silly placeDep ROOT ts-interface-checker@0.1.13 OK for: sucrase@3.35.1 want: ^0.1.9
2228 silly fetch manifest any-promise@^1.0.0
2229 silly packumentCache full:https://registry.npmjs.org/any-promise cache-miss
2230 silly fetch manifest thenify-all@^1.0.0
2231 silly packumentCache full:https://registry.npmjs.org/thenify-all cache-miss
2232 silly fetch manifest fdir@^6.5.0
2233 silly packumentCache full:https://registry.npmjs.org/fdir cache-miss
2234 silly fetch manifest picomatch@^4.0.4
2235 silly packumentCache full:https://registry.npmjs.org/picomatch cache-hit
2236 http fetch GET 200 https://registry.npmjs.org/thenify-all 31ms (cache miss)
2237 silly packumentCache full:https://registry.npmjs.org/thenify-all set size:undefined disposed:false
2238 http fetch GET 200 https://registry.npmjs.org/fdir 73ms (cache miss)
2239 silly packumentCache full:https://registry.npmjs.org/fdir set size:undefined disposed:false
2240 http fetch GET 200 https://registry.npmjs.org/any-promise 303ms (cache miss)
2241 silly packumentCache full:https://registry.npmjs.org/any-promise set size:undefined disposed:false
2242 silly placeDep ROOT any-promise@1.3.0 OK for: mz@2.7.0 want: ^1.0.0
2243 silly placeDep ROOT thenify-all@1.6.0 OK for: mz@2.7.0 want: ^1.0.0
2244 silly fetch manifest thenify@>= 3.1.0 < 4
2245 silly packumentCache full:https://registry.npmjs.org/thenify cache-miss
2246 http fetch GET 200 https://registry.npmjs.org/thenify 27ms (cache miss)
2247 silly packumentCache full:https://registry.npmjs.org/thenify set size:undefined disposed:false
2248 silly placeDep ROOT thenify@3.3.1 OK for: thenify-all@1.6.0 want: >= 3.1.0 < 4
2249 silly placeDep node_modules/tinyglobby fdir@6.5.0 OK for: tinyglobby@0.2.17 want: ^6.5.0
2250 silly placeDep node_modules/tinyglobby picomatch@4.0.5 OK for: fdir@6.5.0 want: ^3 || ^4
2251 silly placeDep ROOT is-number@7.0.0 OK for: to-regex-range@5.0.1 want: ^7.0.0
2252 silly placeDep node_modules/topojson-client commander@2.20.3 OK for: topojson-client@3.1.0 want: 2
2253 silly placeDep node_modules/topojson-server commander@2.20.3 OK for: topojson-server@3.0.1 want: 2
2254 silly placeDep ROOT media-typer@0.3.0 OK for: type-is@1.6.18 want: 0.3.0
2255 silly placeDep ROOT escalade@3.2.0 OK for: update-browserslist-db@1.3.0 want: ^3.2.0
2256 silly placeDep ROOT @types/d3-array@3.2.2 OK for: victory-vendor@36.9.2 want: ^3.0.3
2257 silly placeDep ROOT @types/d3-ease@3.0.2 OK for: victory-vendor@36.9.2 want: ^3.0.0
2258 silly placeDep ROOT @types/d3-interpolate@3.0.4 OK for: victory-vendor@36.9.2 want: ^3.0.1
2259 silly placeDep ROOT @types/d3-scale@4.0.9 OK for: victory-vendor@36.9.2 want: ^4.0.2
2260 silly placeDep ROOT @types/d3-shape@3.1.8 OK for: victory-vendor@36.9.2 want: ^3.1.0
2261 silly placeDep ROOT @types/d3-time@3.0.4 OK for: victory-vendor@36.9.2 want: ^3.0.0
2262 silly placeDep ROOT @types/d3-timer@3.0.2 OK for: victory-vendor@36.9.2 want: ^3.0.0
2263 silly placeDep node_modules/victory-vendor d3-array@3.2.4 OK for: victory-vendor@36.9.2 want: ^3.1.6
2264 silly placeDep ROOT d3-ease@3.0.1 OK for: victory-vendor@36.9.2 want: ^3.0.1
2265 silly placeDep ROOT d3-interpolate@3.0.1 OK for: victory-vendor@36.9.2 want: ^3.0.1
2266 silly placeDep ROOT d3-scale@4.0.2 OK for: victory-vendor@36.9.2 want: ^4.0.2
2267 silly placeDep ROOT d3-shape@3.2.0 OK for: victory-vendor@36.9.2 want: ^3.1.0
2268 silly placeDep ROOT d3-time@3.1.0 OK for: victory-vendor@36.9.2 want: ^3.0.0
2269 silly placeDep ROOT d3-timer@3.0.1 OK for: victory-vendor@36.9.2 want: ^3.0.1
2270 silly fetch manifest @types/d3-color@*
2271 silly packumentCache full:https://registry.npmjs.org/@types%2fd3-color cache-miss
2272 silly fetch manifest @types/d3-time@*
2273 silly packumentCache full:https://registry.npmjs.org/@types%2fd3-time cache-miss
2274 silly fetch manifest @types/d3-path@*
2275 silly packumentCache full:https://registry.npmjs.org/@types%2fd3-path cache-miss
2276 silly fetch manifest d3-color@1 - 3
2277 silly packumentCache full:https://registry.npmjs.org/d3-color cache-miss
2278 silly fetch manifest d3-format@1 - 3
2279 silly packumentCache full:https://registry.npmjs.org/d3-format cache-miss
2280 silly fetch manifest d3-time@2.1.1 - 3
2281 silly packumentCache full:https://registry.npmjs.org/d3-time cache-miss
2282 silly fetch manifest d3-time-format@2 - 4
2283 silly packumentCache full:https://registry.npmjs.org/d3-time-format cache-miss
2284 silly fetch manifest d3-path@^3.1.0
2285 silly packumentCache full:https://registry.npmjs.org/d3-path cache-miss
2286 http cache https://registry.npmjs.org/d3-time 3ms (cache hit)
2287 silly packumentCache full:https://registry.npmjs.org/d3-time set size:150406 disposed:false
2288 http cache https://registry.npmjs.org/@types%2fd3-time 4ms (cache hit)
2289 silly packumentCache full:https://registry.npmjs.org/@types%2fd3-time set size:52652 disposed:false
2290 http fetch GET 200 https://registry.npmjs.org/d3-path 40ms (cache miss)
2291 silly packumentCache full:https://registry.npmjs.org/d3-path set size:undefined disposed:false
2292 http fetch GET 200 https://registry.npmjs.org/@types%2fd3-color 42ms (cache miss)
2293 silly packumentCache full:https://registry.npmjs.org/@types%2fd3-color set size:undefined disposed:false
2294 http fetch GET 200 https://registry.npmjs.org/d3-color 43ms (cache miss)
2295 silly packumentCache full:https://registry.npmjs.org/d3-color set size:undefined disposed:false
2296 http fetch GET 200 https://registry.npmjs.org/d3-time-format 43ms (cache miss)
2297 silly packumentCache full:https://registry.npmjs.org/d3-time-format set size:undefined disposed:false
2298 http fetch GET 200 https://registry.npmjs.org/d3-format 44ms (cache miss)
2299 silly packumentCache full:https://registry.npmjs.org/d3-format set size:undefined disposed:false
2300 http fetch GET 200 https://registry.npmjs.org/@types%2fd3-path 45ms (cache miss)
2301 silly packumentCache full:https://registry.npmjs.org/@types%2fd3-path set size:undefined disposed:false
2302 silly placeDep ROOT @types/d3-color@3.1.3 OK for: @types/d3-interpolate@3.0.4 want: *
2303 silly placeDep ROOT @types/d3-path@3.1.1 OK for: @types/d3-shape@3.1.8 want: *
2304 silly placeDep ROOT d3-color@3.1.0 OK for: d3-interpolate@3.0.1 want: 1 - 3
2305 silly placeDep ROOT d3-format@3.1.2 OK for: d3-scale@4.0.2 want: 1 - 3
2306 silly placeDep ROOT d3-time-format@4.1.0 OK for: d3-scale@4.0.2 want: 2 - 4
2307 silly placeDep ROOT d3-path@3.1.0 OK for: d3-shape@3.2.0 want: ^3.1.0
2308 silly placeDep ROOT esbuild@0.21.5 OK for: vite@5.4.21 want: ^0.21.3
2309 silly placeDep ROOT rollup@4.62.4 OK for: vite@5.4.21 want: ^4.20.0
2310 silly fetch manifest @esbuild/aix-ppc64@0.21.5
2311 silly packumentCache full:https://registry.npmjs.org/@esbuild%2faix-ppc64 cache-miss
2312 silly fetch manifest @esbuild/linux-arm@0.21.5
2313 silly packumentCache full:https://registry.npmjs.org/@esbuild%2flinux-arm cache-miss
2314 silly fetch manifest @esbuild/linux-x64@0.21.5
2315 silly packumentCache full:https://registry.npmjs.org/@esbuild%2flinux-x64 cache-miss
2316 silly fetch manifest @esbuild/sunos-x64@0.21.5
2317 silly packumentCache full:https://registry.npmjs.org/@esbuild%2fsunos-x64 cache-miss
2318 silly fetch manifest @esbuild/win32-x64@0.21.5
2319 silly packumentCache full:https://registry.npmjs.org/@esbuild%2fwin32-x64 cache-miss
2320 silly fetch manifest @esbuild/darwin-x64@0.21.5
2321 silly packumentCache full:https://registry.npmjs.org/@esbuild%2fdarwin-x64 cache-miss
2322 silly fetch manifest @esbuild/linux-ia32@0.21.5
2323 silly packumentCache full:https://registry.npmjs.org/@esbuild%2flinux-ia32 cache-miss
2324 silly fetch manifest @esbuild/netbsd-x64@0.21.5
2325 silly packumentCache full:https://registry.npmjs.org/@esbuild%2fnetbsd-x64 cache-miss
2326 silly fetch manifest @esbuild/win32-ia32@0.21.5
2327 silly packumentCache full:https://registry.npmjs.org/@esbuild%2fwin32-ia32 cache-miss
2328 http fetch GET 200 https://registry.npmjs.org/@esbuild%2fdarwin-x64 62ms (cache miss)
2329 silly packumentCache full:https://registry.npmjs.org/@esbuild%2fdarwin-x64 set size:undefined disposed:false
2330 silly fetch manifest @esbuild/android-arm@0.21.5
2331 silly packumentCache full:https://registry.npmjs.org/@esbuild%2fandroid-arm cache-miss
2332 http fetch GET 200 https://registry.npmjs.org/@esbuild%2faix-ppc64 69ms (cache miss)
2333 silly packumentCache full:https://registry.npmjs.org/@esbuild%2faix-ppc64 set size:undefined disposed:false
2334 silly fetch manifest @esbuild/android-x64@0.21.5
2335 silly packumentCache full:https://registry.npmjs.org/@esbuild%2fandroid-x64 cache-miss
2336 http fetch GET 200 https://registry.npmjs.org/@esbuild%2flinux-x64 73ms (cache miss)
2337 silly packumentCache full:https://registry.npmjs.org/@esbuild%2flinux-x64 set size:undefined disposed:false
2338 silly fetch manifest @esbuild/freebsd-x64@0.21.5
2339 silly packumentCache full:https://registry.npmjs.org/@esbuild%2ffreebsd-x64 cache-miss
2340 http fetch GET 200 https://registry.npmjs.org/@esbuild%2fnetbsd-x64 76ms (cache miss)
2341 silly packumentCache full:https://registry.npmjs.org/@esbuild%2fnetbsd-x64 set size:undefined disposed:false
2342 silly fetch manifest @esbuild/linux-arm64@0.21.5
2343 silly packumentCache full:https://registry.npmjs.org/@esbuild%2flinux-arm64 cache-miss
2344 http fetch GET 200 https://registry.npmjs.org/@esbuild%2fwin32-x64 77ms (cache miss)
2345 silly packumentCache full:https://registry.npmjs.org/@esbuild%2fwin32-x64 set size:undefined disposed:false
2346 silly fetch manifest @esbuild/linux-ppc64@0.21.5
2347 silly packumentCache full:https://registry.npmjs.org/@esbuild%2flinux-ppc64 cache-miss
2348 http fetch GET 200 https://registry.npmjs.org/@esbuild%2fsunos-x64 78ms (cache miss)
2349 silly packumentCache full:https://registry.npmjs.org/@esbuild%2fsunos-x64 set size:undefined disposed:false
2350 silly fetch manifest @esbuild/linux-s390x@0.21.5
2351 silly packumentCache full:https://registry.npmjs.org/@esbuild%2flinux-s390x cache-miss
2352 http fetch GET 200 https://registry.npmjs.org/@esbuild%2flinux-ia32 79ms (cache miss)
2353 silly packumentCache full:https://registry.npmjs.org/@esbuild%2flinux-ia32 set size:undefined disposed:false
2354 silly fetch manifest @esbuild/openbsd-x64@0.21.5
2355 silly packumentCache full:https://registry.npmjs.org/@esbuild%2fopenbsd-x64 cache-miss
2356 http fetch GET 200 https://registry.npmjs.org/@esbuild%2fwin32-ia32 81ms (cache miss)
2357 silly packumentCache full:https://registry.npmjs.org/@esbuild%2fwin32-ia32 set size:undefined disposed:false
2358 silly fetch manifest @esbuild/win32-arm64@0.21.5
2359 silly packumentCache full:https://registry.npmjs.org/@esbuild%2fwin32-arm64 cache-miss
2360 http fetch GET 200 https://registry.npmjs.org/@esbuild%2fandroid-arm 58ms (cache miss)
2361 silly packumentCache full:https://registry.npmjs.org/@esbuild%2fandroid-arm set size:undefined disposed:false
2362 silly fetch manifest @esbuild/darwin-arm64@0.21.5
2363 silly packumentCache full:https://registry.npmjs.org/@esbuild%2fdarwin-arm64 cache-miss
2364 http fetch GET 200 https://registry.npmjs.org/@esbuild%2fopenbsd-x64 45ms (cache miss)
2365 silly packumentCache full:https://registry.npmjs.org/@esbuild%2fopenbsd-x64 set size:undefined disposed:false
2366 silly fetch manifest @esbuild/android-arm64@0.21.5
2367 silly packumentCache full:https://registry.npmjs.org/@esbuild%2fandroid-arm64 cache-miss
2368 http fetch GET 200 https://registry.npmjs.org/@esbuild%2flinux-arm64 73ms (cache miss)
2369 silly packumentCache full:https://registry.npmjs.org/@esbuild%2flinux-arm64 set size:undefined disposed:false
2370 silly fetch manifest @esbuild/freebsd-arm64@0.21.5
2371 silly packumentCache full:https://registry.npmjs.org/@esbuild%2ffreebsd-arm64 cache-miss
2372 http fetch GET 200 https://registry.npmjs.org/@esbuild%2flinux-ppc64 83ms (cache miss)
2373 silly packumentCache full:https://registry.npmjs.org/@esbuild%2flinux-ppc64 set size:undefined disposed:false
2374 silly fetch manifest @esbuild/linux-loong64@0.21.5
2375 silly packumentCache full:https://registry.npmjs.org/@esbuild%2flinux-loong64 cache-miss
2376 http fetch GET 200 https://registry.npmjs.org/@esbuild%2fandroid-arm64 45ms (cache miss)
2377 silly packumentCache full:https://registry.npmjs.org/@esbuild%2fandroid-arm64 set size:undefined disposed:false
2378 silly fetch manifest @esbuild/linux-riscv64@0.21.5
2379 silly packumentCache full:https://registry.npmjs.org/@esbuild%2flinux-riscv64 cache-miss
2380 http fetch GET 200 https://registry.npmjs.org/@esbuild%2fandroid-x64 101ms (cache miss)
2381 silly packumentCache full:https://registry.npmjs.org/@esbuild%2fandroid-x64 set size:undefined disposed:false
2382 silly fetch manifest @esbuild/linux-mips64el@0.21.5
2383 silly packumentCache full:https://registry.npmjs.org/@esbuild%2flinux-mips64el cache-miss
2384 http fetch GET 200 https://registry.npmjs.org/@esbuild%2fwin32-arm64 91ms (cache miss)
2385 silly packumentCache full:https://registry.npmjs.org/@esbuild%2fwin32-arm64 set size:undefined disposed:false
2386 silly fetch manifest @types/estree@1.0.9
2387 silly packumentCache full:https://registry.npmjs.org/@types%2festree cache-miss
2388 http fetch GET 200 https://registry.npmjs.org/@esbuild%2fdarwin-arm64 59ms (cache miss)
2389 silly packumentCache full:https://registry.npmjs.org/@esbuild%2fdarwin-arm64 set size:undefined disposed:false
2390 silly fetch manifest @rollup/rollup-darwin-x64@4.62.4
2391 silly packumentCache full:https://registry.npmjs.org/@rollup%2frollup-darwin-x64 cache-miss
2392 http fetch GET 200 https://registry.npmjs.org/@esbuild%2flinux-s390x 111ms (cache miss)
2393 silly packumentCache full:https://registry.npmjs.org/@esbuild%2flinux-s390x set size:undefined disposed:false
2394 silly fetch manifest @rollup/rollup-freebsd-x64@4.62.4
2395 silly packumentCache full:https://registry.npmjs.org/@rollup%2frollup-freebsd-x64 cache-miss
2396 http fetch GET 200 https://registry.npmjs.org/@esbuild%2flinux-arm 203ms (cache miss)
2397 silly packumentCache full:https://registry.npmjs.org/@esbuild%2flinux-arm set size:undefined disposed:false
2398 silly fetch manifest @rollup/rollup-openbsd-x64@4.62.4
2399 silly packumentCache full:https://registry.npmjs.org/@rollup%2frollup-openbsd-x64 cache-miss
2400 http fetch GET 200 https://registry.npmjs.org/@types%2festree 49ms (cache miss)
2401 silly packumentCache full:https://registry.npmjs.org/@types%2festree set size:undefined disposed:false
2402 silly fetch manifest @napi-rs/lzma-linux-x64-gnu@1.5.1
2403 silly packumentCache full:https://registry.npmjs.org/@napi-rs%2flzma-linux-x64-gnu cache-miss
2404 http fetch GET 200 https://registry.npmjs.org/@esbuild%2flinux-loong64 67ms (cache miss)
2405 silly packumentCache full:https://registry.npmjs.org/@esbuild%2flinux-loong64 set size:undefined disposed:false
2406 silly fetch manifest @rollup/rollup-darwin-arm64@4.62.4
2407 silly packumentCache full:https://registry.npmjs.org/@rollup%2frollup-darwin-arm64 cache-miss
2408 http fetch GET 200 https://registry.npmjs.org/@esbuild%2flinux-riscv64 68ms (cache miss)
2409 silly packumentCache full:https://registry.npmjs.org/@esbuild%2flinux-riscv64 set size:undefined disposed:false
2410 silly fetch manifest @rollup/rollup-android-arm64@4.62.4
2411 silly packumentCache full:https://registry.npmjs.org/@rollup%2frollup-android-arm64 cache-miss
2412 http fetch GET 200 https://registry.npmjs.org/@rollup%2frollup-darwin-x64 69ms (cache miss)
2413 silly packumentCache full:https://registry.npmjs.org/@rollup%2frollup-darwin-x64 set size:undefined disposed:false
2414 silly fetch manifest @rollup/rollup-freebsd-arm64@4.62.4
2415 silly packumentCache full:https://registry.npmjs.org/@rollup%2frollup-freebsd-arm64 cache-miss
2416 http fetch GET 200 https://registry.npmjs.org/@esbuild%2flinux-mips64el 90ms (cache miss)
2417 silly packumentCache full:https://registry.npmjs.org/@esbuild%2flinux-mips64el set size:undefined disposed:false
2418 silly fetch manifest @rollup/rollup-linux-x64-gnu@4.62.4
2419 silly packumentCache full:https://registry.npmjs.org/@rollup%2frollup-linux-x64-gnu cache-miss
2420 http fetch GET 200 https://registry.npmjs.org/@rollup%2frollup-freebsd-x64 78ms (cache miss)
2421 silly packumentCache full:https://registry.npmjs.org/@rollup%2frollup-freebsd-x64 set size:undefined disposed:false
2422 silly fetch manifest @rollup/rollup-win32-x64-gnu@4.62.4
2423 silly packumentCache full:https://registry.npmjs.org/@rollup%2frollup-win32-x64-gnu cache-miss
2424 http fetch GET 200 https://registry.npmjs.org/@rollup%2frollup-openbsd-x64 65ms (cache miss)
2425 silly packumentCache full:https://registry.npmjs.org/@rollup%2frollup-openbsd-x64 set size:undefined disposed:false
2426 silly fetch manifest @rollup/rollup-linux-x64-musl@4.62.4
2427 silly packumentCache full:https://registry.npmjs.org/@rollup%2frollup-linux-x64-musl cache-miss
2428 http fetch GET 200 https://registry.npmjs.org/@napi-rs%2flzma-linux-x64-gnu 52ms (cache miss)
2429 silly packumentCache full:https://registry.npmjs.org/@napi-rs%2flzma-linux-x64-gnu set size:undefined disposed:false
2430 silly fetch manifest @rollup/rollup-win32-x64-msvc@4.62.4
2431 silly packumentCache full:https://registry.npmjs.org/@rollup%2frollup-win32-x64-msvc cache-miss
2432 http fetch GET 200 https://registry.npmjs.org/@rollup%2frollup-darwin-arm64 58ms (cache miss)
2433 silly packumentCache full:https://registry.npmjs.org/@rollup%2frollup-darwin-arm64 set size:undefined disposed:false
2434 silly fetch manifest @rollup/rollup-linux-arm64-gnu@4.62.4
2435 silly packumentCache full:https://registry.npmjs.org/@rollup%2frollup-linux-arm64-gnu cache-miss
2436 http fetch GET 200 https://registry.npmjs.org/@rollup%2frollup-android-arm64 57ms (cache miss)
2437 silly packumentCache full:https://registry.npmjs.org/@rollup%2frollup-android-arm64 set size:undefined disposed:false
2438 silly fetch manifest @rollup/rollup-linux-ppc64-gnu@4.62.4
2439 silly packumentCache full:https://registry.npmjs.org/@rollup%2frollup-linux-ppc64-gnu cache-miss
2440 http fetch GET 200 https://registry.npmjs.org/@rollup%2frollup-freebsd-arm64 61ms (cache miss)
2441 silly packumentCache full:https://registry.npmjs.org/@rollup%2frollup-freebsd-arm64 set size:undefined disposed:false
2442 silly fetch manifest @rollup/rollup-linux-s390x-gnu@4.62.4
2443 silly packumentCache full:https://registry.npmjs.org/@rollup%2frollup-linux-s390x-gnu cache-miss
2444 http fetch GET 200 https://registry.npmjs.org/@esbuild%2ffreebsd-x64 248ms (cache miss)
2445 silly packumentCache full:https://registry.npmjs.org/@esbuild%2ffreebsd-x64 set size:undefined disposed:false
2446 silly fetch manifest @rollup/rollup-win32-ia32-msvc@4.62.4
2447 silly packumentCache full:https://registry.npmjs.org/@rollup%2frollup-win32-ia32-msvc cache-miss
2448 http fetch GET 200 https://registry.npmjs.org/@rollup%2frollup-win32-x64-gnu 58ms (cache miss)
2449 silly packumentCache full:https://registry.npmjs.org/@rollup%2frollup-win32-x64-gnu set size:undefined disposed:false
2450 silly fetch manifest @rollup/rollup-android-arm-eabi@4.62.4
2451 silly packumentCache full:https://registry.npmjs.org/@rollup%2frollup-android-arm-eabi cache-miss
2452 http fetch GET 200 https://registry.npmjs.org/@rollup%2frollup-linux-ppc64-gnu 44ms (cache miss)
2453 silly packumentCache full:https://registry.npmjs.org/@rollup%2frollup-linux-ppc64-gnu set size:undefined disposed:false
2454 silly fetch manifest @rollup/rollup-linux-arm64-musl@4.62.4
2455 silly packumentCache full:https://registry.npmjs.org/@rollup%2frollup-linux-arm64-musl cache-miss
2456 http fetch GET 200 https://registry.npmjs.org/@rollup%2frollup-linux-x64-gnu 90ms (cache miss)
2457 silly packumentCache full:https://registry.npmjs.org/@rollup%2frollup-linux-x64-gnu set size:undefined disposed:false
2458 silly fetch manifest @rollup/rollup-linux-ppc64-musl@4.62.4
2459 silly packumentCache full:https://registry.npmjs.org/@rollup%2frollup-linux-ppc64-musl cache-miss
2460 http fetch GET 200 https://registry.npmjs.org/@rollup%2frollup-linux-arm64-gnu 77ms (cache miss)
2461 silly packumentCache full:https://registry.npmjs.org/@rollup%2frollup-linux-arm64-gnu set size:undefined disposed:false
2462 silly fetch manifest @rollup/rollup-win32-arm64-msvc@4.62.4
2463 silly packumentCache full:https://registry.npmjs.org/@rollup%2frollup-win32-arm64-msvc cache-miss
2464 http fetch GET 200 https://registry.npmjs.org/@rollup%2frollup-win32-x64-msvc 96ms (cache miss)
2465 silly packumentCache full:https://registry.npmjs.org/@rollup%2frollup-win32-x64-msvc set size:undefined disposed:false
2466 silly fetch manifest @rollup/rollup-linux-loong64-gnu@4.62.4
2467 silly packumentCache full:https://registry.npmjs.org/@rollup%2frollup-linux-loong64-gnu cache-miss
2468 http fetch GET 200 https://registry.npmjs.org/@rollup%2frollup-linux-s390x-gnu 58ms (cache miss)
2469 silly packumentCache full:https://registry.npmjs.org/@rollup%2frollup-linux-s390x-gnu set size:undefined disposed:false
2470 silly fetch manifest @rollup/rollup-linux-riscv64-gnu@4.62.4
2471 silly packumentCache full:https://registry.npmjs.org/@rollup%2frollup-linux-riscv64-gnu cache-miss
2472 http fetch GET 200 https://registry.npmjs.org/@rollup%2frollup-linux-arm64-musl 57ms (cache miss)
2473 silly packumentCache full:https://registry.npmjs.org/@rollup%2frollup-linux-arm64-musl set size:undefined disposed:false
2474 silly fetch manifest @rollup/rollup-openharmony-arm64@4.62.4
2475 silly packumentCache full:https://registry.npmjs.org/@rollup%2frollup-openharmony-arm64 cache-miss
2476 http fetch GET 200 https://registry.npmjs.org/@rollup%2frollup-linux-ppc64-musl 58ms (cache miss)
2477 silly packumentCache full:https://registry.npmjs.org/@rollup%2frollup-linux-ppc64-musl set size:undefined disposed:false
2478 silly fetch manifest @rollup/rollup-linux-loong64-musl@4.62.4
2479 silly packumentCache full:https://registry.npmjs.org/@rollup%2frollup-linux-loong64-musl cache-miss
2480 http fetch GET 200 https://registry.npmjs.org/@rollup%2frollup-linux-loong64-gnu 51ms (cache miss)
2481 silly packumentCache full:https://registry.npmjs.org/@rollup%2frollup-linux-loong64-gnu set size:undefined disposed:false
2482 silly fetch manifest @rollup/rollup-linux-riscv64-musl@4.62.4
2483 silly packumentCache full:https://registry.npmjs.org/@rollup%2frollup-linux-riscv64-musl cache-miss
2484 http fetch GET 200 https://registry.npmjs.org/@rollup%2frollup-android-arm-eabi 98ms (cache miss)
2485 silly packumentCache full:https://registry.npmjs.org/@rollup%2frollup-android-arm-eabi set size:undefined disposed:false
2486 silly fetch manifest @rollup/rollup-linux-arm-gnueabihf@4.62.4
2487 silly packumentCache full:https://registry.npmjs.org/@rollup%2frollup-linux-arm-gnueabihf cache-miss
2488 http fetch GET 200 https://registry.npmjs.org/@rollup%2frollup-win32-arm64-msvc 58ms (cache miss)
2489 silly packumentCache full:https://registry.npmjs.org/@rollup%2frollup-win32-arm64-msvc set size:undefined disposed:false
2490 silly fetch manifest @rollup/rollup-linux-arm-musleabihf@4.62.4
2491 silly packumentCache full:https://registry.npmjs.org/@rollup%2frollup-linux-arm-musleabihf cache-miss
2492 http fetch GET 200 https://registry.npmjs.org/@rollup%2frollup-linux-riscv64-gnu 63ms (cache miss)
2493 silly packumentCache full:https://registry.npmjs.org/@rollup%2frollup-linux-riscv64-gnu set size:undefined disposed:false
2494 http fetch GET 200 https://registry.npmjs.org/@esbuild%2ffreebsd-arm64 287ms (cache miss)
2495 silly packumentCache full:https://registry.npmjs.org/@esbuild%2ffreebsd-arm64 set size:undefined disposed:false
2496 http fetch GET 200 https://registry.npmjs.org/@rollup%2frollup-linux-x64-musl 172ms (cache miss)
2497 silly packumentCache full:https://registry.npmjs.org/@rollup%2frollup-linux-x64-musl set size:undefined disposed:false
2498 http fetch GET 200 https://registry.npmjs.org/@rollup%2frollup-openharmony-arm64 47ms (cache miss)
2499 silly packumentCache full:https://registry.npmjs.org/@rollup%2frollup-openharmony-arm64 set size:undefined disposed:false
2500 http fetch GET 200 https://registry.npmjs.org/@rollup%2frollup-linux-loong64-musl 54ms (cache miss)
2501 silly packumentCache full:https://registry.npmjs.org/@rollup%2frollup-linux-loong64-musl set size:undefined disposed:false
2502 http fetch GET 200 https://registry.npmjs.org/@rollup%2frollup-linux-arm-musleabihf 47ms (cache miss)
2503 silly packumentCache full:https://registry.npmjs.org/@rollup%2frollup-linux-arm-musleabihf set size:undefined disposed:false
2504 http fetch GET 200 https://registry.npmjs.org/@rollup%2frollup-linux-riscv64-musl 54ms (cache miss)
2505 silly packumentCache full:https://registry.npmjs.org/@rollup%2frollup-linux-riscv64-musl set size:undefined disposed:false
2506 http fetch GET 200 https://registry.npmjs.org/@rollup%2frollup-win32-ia32-msvc 164ms (cache miss)
2507 silly packumentCache full:https://registry.npmjs.org/@rollup%2frollup-win32-ia32-msvc set size:undefined disposed:false
2508 http fetch GET 200 https://registry.npmjs.org/@rollup%2frollup-linux-arm-gnueabihf 85ms (cache miss)
2509 silly packumentCache full:https://registry.npmjs.org/@rollup%2frollup-linux-arm-gnueabihf set size:undefined disposed:false
2510 silly placeDep ROOT @esbuild/aix-ppc64@0.21.5 OK for: esbuild@0.21.5 want: 0.21.5
2511 silly placeDep ROOT @esbuild/android-arm@0.21.5 OK for: esbuild@0.21.5 want: 0.21.5
2512 silly placeDep ROOT @esbuild/android-arm64@0.21.5 OK for: esbuild@0.21.5 want: 0.21.5
2513 silly placeDep ROOT @esbuild/android-x64@0.21.5 OK for: esbuild@0.21.5 want: 0.21.5
2514 silly placeDep ROOT @esbuild/darwin-arm64@0.21.5 OK for: esbuild@0.21.5 want: 0.21.5
2515 silly placeDep ROOT @esbuild/darwin-x64@0.21.5 OK for: esbuild@0.21.5 want: 0.21.5
2516 silly placeDep ROOT @esbuild/freebsd-arm64@0.21.5 OK for: esbuild@0.21.5 want: 0.21.5
2517 silly placeDep ROOT @esbuild/freebsd-x64@0.21.5 OK for: esbuild@0.21.5 want: 0.21.5
2518 silly placeDep ROOT @esbuild/linux-arm@0.21.5 OK for: esbuild@0.21.5 want: 0.21.5
2519 silly placeDep ROOT @esbuild/linux-arm64@0.21.5 OK for: esbuild@0.21.5 want: 0.21.5
2520 silly placeDep ROOT @esbuild/linux-ia32@0.21.5 OK for: esbuild@0.21.5 want: 0.21.5
2521 silly placeDep ROOT @esbuild/linux-loong64@0.21.5 OK for: esbuild@0.21.5 want: 0.21.5
2522 silly placeDep ROOT @esbuild/linux-mips64el@0.21.5 OK for: esbuild@0.21.5 want: 0.21.5
2523 silly placeDep ROOT @esbuild/linux-ppc64@0.21.5 OK for: esbuild@0.21.5 want: 0.21.5
2524 silly placeDep ROOT @esbuild/linux-riscv64@0.21.5 OK for: esbuild@0.21.5 want: 0.21.5
2525 silly placeDep ROOT @esbuild/linux-s390x@0.21.5 OK for: esbuild@0.21.5 want: 0.21.5
2526 silly placeDep ROOT @esbuild/linux-x64@0.21.5 OK for: esbuild@0.21.5 want: 0.21.5
2527 silly placeDep ROOT @esbuild/netbsd-x64@0.21.5 OK for: esbuild@0.21.5 want: 0.21.5
2528 silly placeDep ROOT @esbuild/openbsd-x64@0.21.5 OK for: esbuild@0.21.5 want: 0.21.5
2529 silly placeDep ROOT @esbuild/sunos-x64@0.21.5 OK for: esbuild@0.21.5 want: 0.21.5
2530 silly placeDep ROOT @esbuild/win32-arm64@0.21.5 OK for: esbuild@0.21.5 want: 0.21.5
2531 silly placeDep ROOT @esbuild/win32-ia32@0.21.5 OK for: esbuild@0.21.5 want: 0.21.5
2532 silly placeDep ROOT @esbuild/win32-x64@0.21.5 OK for: esbuild@0.21.5 want: 0.21.5
2533 silly placeDep ROOT @napi-rs/lzma-linux-x64-gnu@1.5.1 OK for: rollup@4.62.4 want: 1.5.1
2534 silly placeDep ROOT @rollup/rollup-android-arm-eabi@4.62.4 OK for: rollup@4.62.4 want: 4.62.4
2535 silly placeDep ROOT @rollup/rollup-android-arm64@4.62.4 OK for: rollup@4.62.4 want: 4.62.4
2536 silly placeDep ROOT @rollup/rollup-darwin-arm64@4.62.4 OK for: rollup@4.62.4 want: 4.62.4
2537 silly placeDep ROOT @rollup/rollup-darwin-x64@4.62.4 OK for: rollup@4.62.4 want: 4.62.4
2538 silly placeDep ROOT @rollup/rollup-freebsd-arm64@4.62.4 OK for: rollup@4.62.4 want: 4.62.4
2539 silly placeDep ROOT @rollup/rollup-freebsd-x64@4.62.4 OK for: rollup@4.62.4 want: 4.62.4
2540 silly placeDep ROOT @rollup/rollup-linux-arm-gnueabihf@4.62.4 OK for: rollup@4.62.4 want: 4.62.4
2541 silly placeDep ROOT @rollup/rollup-linux-arm-musleabihf@4.62.4 OK for: rollup@4.62.4 want: 4.62.4
2542 silly placeDep ROOT @rollup/rollup-linux-arm64-gnu@4.62.4 OK for: rollup@4.62.4 want: 4.62.4
2543 silly placeDep ROOT @rollup/rollup-linux-arm64-musl@4.62.4 OK for: rollup@4.62.4 want: 4.62.4
2544 silly placeDep ROOT @rollup/rollup-linux-loong64-gnu@4.62.4 OK for: rollup@4.62.4 want: 4.62.4
2545 silly placeDep ROOT @rollup/rollup-linux-loong64-musl@4.62.4 OK for: rollup@4.62.4 want: 4.62.4
2546 silly placeDep ROOT @rollup/rollup-linux-ppc64-gnu@4.62.4 OK for: rollup@4.62.4 want: 4.62.4
2547 silly placeDep ROOT @rollup/rollup-linux-ppc64-musl@4.62.4 OK for: rollup@4.62.4 want: 4.62.4
2548 silly placeDep ROOT @rollup/rollup-linux-riscv64-gnu@4.62.4 OK for: rollup@4.62.4 want: 4.62.4
2549 silly placeDep ROOT @rollup/rollup-linux-riscv64-musl@4.62.4 OK for: rollup@4.62.4 want: 4.62.4
2550 silly placeDep ROOT @rollup/rollup-linux-s390x-gnu@4.62.4 OK for: rollup@4.62.4 want: 4.62.4
2551 silly placeDep ROOT @rollup/rollup-linux-x64-gnu@4.62.4 OK for: rollup@4.62.4 want: 4.62.4
2552 silly placeDep ROOT @rollup/rollup-linux-x64-musl@4.62.4 OK for: rollup@4.62.4 want: 4.62.4
2553 silly placeDep ROOT @rollup/rollup-openbsd-x64@4.62.4 OK for: rollup@4.62.4 want: 4.62.4
2554 silly placeDep ROOT @rollup/rollup-openharmony-arm64@4.62.4 OK for: rollup@4.62.4 want: 4.62.4
2555 silly placeDep ROOT @rollup/rollup-win32-arm64-msvc@4.62.4 OK for: rollup@4.62.4 want: 4.62.4
2556 silly placeDep ROOT @rollup/rollup-win32-ia32-msvc@4.62.4 OK for: rollup@4.62.4 want: 4.62.4
2557 silly placeDep ROOT @rollup/rollup-win32-x64-gnu@4.62.4 OK for: rollup@4.62.4 want: 4.62.4
2558 silly placeDep ROOT @rollup/rollup-win32-x64-msvc@4.62.4 OK for: rollup@4.62.4 want: 4.62.4
2559 silly placeDep ROOT @types/estree@1.0.9 OK for: rollup@4.62.4 want: 1.0.9
2560 silly placeDep ROOT cliui@8.0.1 OK for: yargs@17.7.3 want: ^8.0.1
2561 silly placeDep ROOT get-caller-file@2.0.5 OK for: yargs@17.7.3 want: ^2.0.5
2562 silly placeDep ROOT require-directory@2.1.1 OK for: yargs@17.7.3 want: ^2.1.1
2563 silly placeDep ROOT string-width@4.2.3 OK for: yargs@17.7.3 want: ^4.2.3
2564 silly placeDep ROOT y18n@5.0.8 OK for: yargs@17.7.3 want: ^5.0.5
2565 silly placeDep ROOT yargs-parser@21.1.1 OK for: yargs@17.7.3 want: ^21.1.1
2566 silly fetch manifest wrap-ansi@^7.0.0
2567 silly packumentCache full:https://registry.npmjs.org/wrap-ansi cache-miss
2568 silly fetch manifest strip-ansi@^6.0.1
2569 silly packumentCache full:https://registry.npmjs.org/strip-ansi cache-miss
2570 silly fetch manifest string-width@^4.2.0
2571 silly packumentCache full:https://registry.npmjs.org/string-width cache-miss
2572 silly fetch manifest strip-ansi@^6.0.1
2573 silly packumentCache full:https://registry.npmjs.org/strip-ansi cache-miss
2574 silly fetch manifest emoji-regex@^8.0.0
2575 silly packumentCache full:https://registry.npmjs.org/emoji-regex cache-miss
2576 silly fetch manifest is-fullwidth-code-point@^3.0.0
2577 silly packumentCache full:https://registry.npmjs.org/is-fullwidth-code-point cache-miss
2578 http cache https://registry.npmjs.org/string-width 2ms (cache hit)
2579 silly packumentCache full:https://registry.npmjs.org/string-width set size:72458 disposed:false
2580 http fetch GET 200 https://registry.npmjs.org/strip-ansi 31ms (cache miss)
2581 silly packumentCache full:https://registry.npmjs.org/strip-ansi set size:undefined disposed:false
2582 http fetch GET 200 https://registry.npmjs.org/emoji-regex 33ms (cache miss)
2583 silly packumentCache full:https://registry.npmjs.org/emoji-regex set size:undefined disposed:false
2584 http fetch GET 200 https://registry.npmjs.org/is-fullwidth-code-point 35ms (cache miss)
2585 silly packumentCache full:https://registry.npmjs.org/is-fullwidth-code-point set size:undefined disposed:false
2586 http fetch GET 200 https://registry.npmjs.org/wrap-ansi 36ms (cache miss)
2587 silly packumentCache full:https://registry.npmjs.org/wrap-ansi set size:undefined disposed:false
2588 http fetch GET 200 https://registry.npmjs.org/strip-ansi 53ms (cache miss)
2589 silly packumentCache full:https://registry.npmjs.org/strip-ansi set size:undefined disposed:false
2590 silly placeDep ROOT strip-ansi@6.0.1 OK for: cliui@8.0.1 want: ^6.0.1
2591 silly placeDep ROOT wrap-ansi@7.0.0 OK for: cliui@8.0.1 want: ^7.0.0
2592 silly fetch manifest ansi-regex@^5.0.1
2593 silly packumentCache full:https://registry.npmjs.org/ansi-regex cache-miss
2594 http fetch GET 200 https://registry.npmjs.org/ansi-regex 32ms (cache miss)
2595 silly packumentCache full:https://registry.npmjs.org/ansi-regex set size:undefined disposed:false
2596 silly placeDep ROOT emoji-regex@8.0.0 OK for: string-width@4.2.3 want: ^8.0.0
2597 silly placeDep ROOT is-fullwidth-code-point@3.0.0 OK for: string-width@4.2.3 want: ^3.0.0
2598 silly placeDep ROOT ansi-regex@5.0.1 OK for: strip-ansi@6.0.1 want: ^5.0.1
2599 silly placeDep node_modules/body-parser ms@2.0.0 OK for: debug@2.6.9 want: 2.0.0
2600 silly placeDep node_modules/express ms@2.0.0 OK for: debug@2.6.9 want: 2.0.0
2601 silly placeDep node_modules/finalhandler ms@2.0.0 OK for: debug@2.6.9 want: 2.0.0
2602 silly placeDep node_modules/geojson-polygon-self-intersections quickselect@1.1.1 OK for: rbush@2.0.2 want: ^1.0.1
2603 silly placeDep node_modules/send/node_modules/debug ms@2.0.0 OK for: debug@2.6.9 want: 2.0.0
2604 silly reify moves {}
2605 silly audit bulk request {
2605 silly audit   '@turf/turf': [ '7.4.0' ],
2605 silly audit   '@types/react': [ '18.3.31' ],
2605 silly audit   '@types/react-dom': [ '18.3.7' ],
2605 silly audit   '@vitejs/plugin-react': [ '4.7.0' ],
2605 silly audit   vite: [ '5.4.21' ],
2605 silly audit   autoprefixer: [ '10.5.4' ],
2605 silly audit   postcss: [ '8.5.26' ],
2605 silly audit   clsx: [ '2.1.1' ],
2605 silly audit   concurrently: [ '8.2.2' ],
2605 silly audit   cors: [ '2.8.6' ],
2605 silly audit   dotenv: [ '16.6.1' ],
2605 silly audit   express: [ '4.22.2' ],
2605 silly audit   leaflet: [ '1.9.4' ],
2605 silly audit   'leaflet-routing-machine': [ '3.2.12' ],
2605 silly audit   'lucide-react': [ '0.427.0' ],
2605 silly audit   react: [ '18.3.1' ],
2605 silly audit   nodemailer: [ '6.10.1' ],
2605 silly audit   'react-dom': [ '18.3.1' ],
2605 silly audit   'react-leaflet': [ '4.2.1' ],
2605 silly audit   'react-router-dom': [ '6.30.4' ],
2605 silly audit   recharts: [ '2.15.4' ],
2605 silly audit   'tailwind-merge': [ '2.6.1' ],
2605 silly audit   tailwindcss: [ '3.4.19' ],
2605 silly audit   '@turf/along': [ '7.4.0' ],
2605 silly audit   '@turf/angle': [ '7.4.0' ],
2605 silly audit   '@turf/area': [ '7.4.0' ],
2605 silly audit   '@turf/bbox': [ '7.4.0' ],
2605 silly audit   '@turf/bbox-clip': [ '7.4.0' ],
2605 silly audit   '@turf/bbox-polygon': [ '7.4.0' ],
2605 silly audit   '@turf/bearing': [ '7.4.0' ],
2605 silly audit   '@turf/bezier-spline': [ '7.4.0' ],
2605 silly audit   '@turf/boolean-clockwise': [ '7.4.0' ],
2605 silly audit   '@turf/boolean-concave': [ '7.4.0' ],
2605 silly audit   '@turf/boolean-contains': [ '7.4.0' ],
2605 silly audit   '@turf/boolean-crosses': [ '7.4.0' ],
2605 silly audit   '@turf/boolean-disjoint': [ '7.4.0' ],
2605 silly audit   '@turf/boolean-equal': [ '7.4.0' ],
2605 silly audit   '@turf/boolean-intersects': [ '7.4.0' ],
2605 silly audit   '@turf/boolean-overlap': [ '7.4.0' ],
2605 silly audit   '@turf/boolean-parallel': [ '7.4.0' ],
2605 silly audit   '@turf/boolean-point-in-polygon': [ '7.4.0' ],
2605 silly audit   '@turf/boolean-point-on-line': [ '7.4.0' ],
2605 silly audit   '@turf/boolean-touches': [ '7.4.0' ],
2605 silly audit   '@turf/boolean-valid': [ '7.4.0' ],
2605 silly audit   '@turf/boolean-within': [ '7.4.0' ],
2605 silly audit   '@turf/buffer': [ '7.4.0' ],
2605 silly audit   '@turf/center': [ '7.4.0' ],
2605 silly audit   '@turf/center-mean': [ '7.4.0' ],
2605 silly audit   '@turf/center-median': [ '7.4.0' ],
2605 silly audit   '@turf/center-of-mass': [ '7.4.0' ],
2605 silly audit   '@turf/centroid': [ '7.4.0' ],
2605 silly audit   '@turf/circle': [ '7.4.0' ],
2605 silly audit   '@turf/clean-coords': [ '7.4.0' ],
2605 silly audit   '@turf/clone': [ '7.4.0' ],
2605 silly audit   '@turf/clusters': [ '7.4.0' ],
2605 silly audit   '@turf/clusters-dbscan': [ '7.4.0' ],
2605 silly audit   '@turf/clusters-kmeans': [ '7.4.0' ],
2605 silly audit   '@turf/collect': [ '7.4.0' ],
2605 silly audit   '@turf/combine': [ '7.4.0' ],
2605 silly audit   '@turf/concave': [ '7.4.0' ],
2605 silly audit   '@turf/convex': [ '7.4.0' ],
2605 silly audit   '@turf/destination': [ '7.4.0' ],
2605 silly audit   '@turf/difference': [ '7.4.0' ],
2605 silly audit   '@turf/directional-mean': [ '7.4.0' ],
2605 silly audit   '@turf/dissolve': [ '7.4.0' ],
2605 silly audit   '@turf/distance': [ '7.4.0' ],
2605 silly audit   '@turf/distance-weight': [ '7.4.0' ],
2605 silly audit   '@turf/ellipse': [ '7.4.0' ],
2605 silly audit   '@turf/envelope': [ '7.4.0' ],
2605 silly audit   '@turf/explode': [ '7.4.0' ],
2605 silly audit   '@turf/flatten': [ '7.4.0' ],
2605 silly audit   '@turf/flip': [ '7.4.0' ],
2605 silly audit   '@turf/geojson-rbush': [ '7.4.0' ],
2605 silly audit   '@turf/great-circle': [ '7.4.0' ],
2605 silly audit   '@turf/helpers': [ '7.4.0' ],
2605 silly audit   '@turf/hex-grid': [ '7.4.0' ],
2605 silly audit   '@turf/interpolate': [ '7.4.0' ],
2605 silly audit   '@turf/intersect': [ '7.4.0' ],
2605 silly audit   '@turf/invariant': [ '7.4.0' ],
2605 silly audit   '@turf/isobands': [ '7.4.0' ],
2605 silly audit   '@turf/isolines': [ '7.4.0' ],
2605 silly audit   '@turf/kinks': [ '7.4.0' ],
2605 silly audit   '@turf/length': [ '7.4.0' ],
2605 silly audit   '@turf/line-arc': [ '7.4.0' ],
2605 silly audit   '@turf/line-chunk': [ '7.4.0' ],
2605 silly audit   '@turf/line-intersect': [ '7.4.0' ],
2605 silly audit   '@turf/line-offset': [ '7.4.0' ],
2605 silly audit   '@turf/line-overlap': [ '7.4.0' ],
2605 silly audit   '@turf/line-segment': [ '7.4.0' ],
2605 silly audit   '@turf/line-slice': [ '7.4.0' ],
2605 silly audit   '@turf/line-slice-along': [ '7.4.0' ],
2605 silly audit   '@turf/line-split': [ '7.4.0' ],
2605 silly audit   '@turf/line-to-polygon': [ '7.4.0' ],
2605 silly audit   '@turf/mask': [ '7.4.0' ],
2605 silly audit   '@turf/meta': [ '7.4.0' ],
2605 silly audit   '@turf/midpoint': [ '7.4.0' ],
2605 silly audit   '@turf/moran-index': [ '7.4.0' ],
2605 silly audit   '@turf/nearest-neighbor-analysis': [ '7.4.0' ],
2605 silly audit   '@turf/nearest-point': [ '7.4.0' ],
2605 silly audit   '@turf/nearest-point-on-line': [ '7.4.0' ],
2605 silly audit   '@turf/nearest-point-to-line': [ '7.4.0' ],
2605 silly audit   '@turf/planepoint': [ '7.4.0' ],
2605 silly audit   '@turf/point-grid': [ '7.4.0' ],
2605 silly audit   '@turf/point-on-feature': [ '7.4.0' ],
2605 silly audit   '@turf/point-to-line-distance': [ '7.4.0' ],
2605 silly audit   '@turf/point-to-polygon-distance': [ '7.4.0' ],
2605 silly audit   '@turf/points-within-polygon': [ '7.4.0' ],
2605 silly audit   '@turf/polygon-smooth': [ '7.4.0' ],
2605 silly audit   '@turf/polygon-tangents': [ '7.4.0' ],
2605 silly audit   '@turf/polygon-to-line': [ '7.4.0' ],
2605 silly audit   '@turf/polygonize': [ '7.4.0' ],
2605 silly audit   '@turf/projection': [ '7.4.0' ],
2605 silly audit   '@turf/quadrat-analysis': [ '7.4.0' ],
2605 silly audit   '@turf/random': [ '7.4.0' ],
2605 silly audit   '@turf/rectangle-grid': [ '7.4.0' ],
2605 silly audit   '@turf/rewind': [ '7.4.0' ],
2605 silly audit   '@turf/rhumb-bearing': [ '7.4.0' ],
2605 silly audit   '@turf/rhumb-destination': [ '7.4.0' ],
2605 silly audit   '@turf/rhumb-distance': [ '7.4.0' ],
2605 silly audit   '@turf/sample': [ '7.4.0' ],
2605 silly audit   '@turf/sector': [ '7.4.0' ],
2605 silly audit   '@turf/shortest-path': [ '7.4.0' ],
2605 silly audit   '@turf/simplify': [ '7.4.0' ],
2605 silly audit   '@turf/square': [ '7.4.0' ],
2605 silly audit   '@turf/square-grid': [ '7.4.0' ],
2605 silly audit   '@turf/standard-deviational-ellipse': [ '7.4.0' ],
2605 silly audit   '@turf/tag': [ '7.4.0' ],
2605 silly audit   '@turf/tesselate': [ '7.4.0' ],
2605 silly audit   '@turf/tin': [ '7.4.0' ],
2605 silly audit   '@turf/transform-rotate': [ '7.4.0' ],
2605 silly audit   '@turf/transform-scale': [ '7.4.0' ],
2605 silly audit   '@turf/transform-translate': [ '7.4.0' ],
2605 silly audit   '@turf/triangle-grid': [ '7.4.0' ],
2605 silly audit   '@turf/truncate': [ '7.4.0' ],
2605 silly audit   '@turf/union': [ '7.4.0' ],
2605 silly audit   '@turf/unkink-polygon': [ '7.4.0' ],
2605 silly audit   '@turf/voronoi': [ '7.4.0' ],
2605 silly audit   '@types/geojson': [ '7946.0.16' ],
2605 silly audit   '@types/kdbush': [ '3.0.5' ],
2605 silly audit   tslib: [ '2.8.1' ],
2605 silly audit   'geojson-equality-ts': [ '1.0.2' ],
2605 silly audit   'point-in-polygon-hao': [ '1.2.4' ],
2605 silly audit   'geojson-polygon-self-intersections': [ '1.2.2' ],
2605 silly audit   '@turf/jsts': [ '2.7.2' ],
2605 silly audit   'd3-geo': [ '2.0.2' ],
2605 silly audit   rbush: [ '3.0.1', '2.0.2' ],
2605 silly audit   skmeans: [ '0.9.7' ],
2605 silly audit   'topojson-client': [ '3.1.0' ],
2605 silly audit   'topojson-server': [ '3.0.1' ],
2605 silly audit   concaveman: [ '1.2.1' ],
2605 silly audit   'polyclip-ts': [ '0.16.8' ],
2605 silly audit   arc: [ '0.2.0' ],
2605 silly audit   jsts: [ '2.7.1' ],
2605 silly audit   'robust-predicates': [ '2.0.4', '3.0.3' ],
2605 silly audit   tinyqueue: [ '2.0.3' ],
2605 silly audit   'fast-deep-equal': [ '3.1.3' ],
2605 silly audit   '@types/earcut': [ '2.1.4' ],
2605 silly audit   earcut: [ '2.2.4' ],
2605 silly audit   '@types/d3-voronoi': [ '1.1.12' ],
2605 silly audit   'd3-voronoi': [ '1.1.2' ],
2605 silly audit   '@types/prop-types': [ '15.7.15' ],
2605 silly audit   csstype: [ '3.2.3' ],
2605 silly audit   '@babel/core': [ '7.29.7' ],
2605 silly audit   '@babel/plugin-transform-react-jsx-self': [ '7.29.7' ],
2605 silly audit   '@babel/plugin-transform-react-jsx-source': [ '7.29.7' ],
2605 silly audit   '@rolldown/pluginutils': [ '1.0.0-beta.27' ],
2605 silly audit   '@types/babel__core': [ '7.20.5' ],
2605 silly audit   'react-refresh': [ '0.17.0' ],
2605 silly audit   '@babel/code-frame': [ '7.29.7' ],
2605 silly audit   '@babel/generator': [ '7.29.8' ],
2605 silly audit   '@babel/helper-compilation-targets': [ '7.29.7' ],
2605 silly audit   '@babel/helper-module-transforms': [ '7.29.7' ],
2605 silly audit   '@babel/helpers': [ '7.29.7' ],
2605 silly audit   '@babel/parser': [ '7.29.8' ],
2605 silly audit   '@babel/template': [ '7.29.7' ],
2605 silly audit   '@babel/traverse': [ '7.29.8' ],
2605 silly audit   '@babel/types': [ '7.29.8' ],
2605 silly audit   '@jridgewell/remapping': [ '2.3.5' ],
2605 silly audit   'convert-source-map': [ '2.0.0' ],
2605 silly audit   debug: [ '4.4.3', '2.6.9' ],
2605 silly audit   gensync: [ '1.0.0-beta.2' ],
2605 silly audit   json5: [ '2.2.3' ],
2605 silly audit   semver: [ '6.3.1' ],
2605 silly audit   '@babel/helper-validator-identifier': [ '7.29.7' ],
2605 silly audit   'js-tokens': [ '4.0.0' ],
2605 silly audit   picocolors: [ '1.1.1' ],
2605 silly audit   '@jridgewell/gen-mapping': [ '0.3.13' ],
2605 silly audit   '@jridgewell/trace-mapping': [ '0.3.31' ],
2605 silly audit   jsesc: [ '3.1.0' ],
2605 silly audit   '@babel/compat-data': [ '7.29.7' ],
2605 silly audit   '@babel/helper-validator-option': [ '7.29.7' ],
2605 silly audit   browserslist: [ '4.28.7' ],
2605 silly audit   'lru-cache': [ '5.1.1' ],
2605 silly audit   '@babel/helper-module-imports': [ '7.29.7' ],
2605 silly audit   '@babel/helper-plugin-utils': [ '7.29.7' ],
2605 silly audit   '@babel/helper-globals': [ '7.29.7' ],
2605 silly audit   '@babel/helper-string-parser': [ '7.29.7' ],
2605 silly audit   '@jridgewell/sourcemap-codec': [ '1.5.5' ],
2605 silly audit   '@jridgewell/resolve-uri': [ '3.1.2' ],
2605 silly audit   '@types/babel__generator': [ '7.27.0' ],
2605 silly audit   '@types/babel__template': [ '7.4.4' ],
2605 silly audit   '@types/babel__traverse': [ '7.28.0' ],
2605 silly audit   'caniuse-lite': [ '1.0.30001807' ],
2605 silly audit   'fraction.js': [ '5.3.4' ],
2605 silly audit   'postcss-value-parser': [ '4.2.0' ],
2605 silly audit   'baseline-browser-mapping': [ '2.11.12' ],
2605 silly audit   'electron-to-chromium': [ '1.5.402' ],
2605 silly audit   'node-releases': [ '2.0.53' ],
2605 silly audit   'update-browserslist-db': [ '1.3.0' ],
2605 silly audit   'point-in-polygon': [ '1.1.0' ],
2605 silly audit   chalk: [ '4.1.2' ],
2605 silly audit   'date-fns': [ '2.30.0' ],
2605 silly audit   lodash: [ '4.18.1' ],
2605 silly audit   rxjs: [ '7.8.2' ],
2605 silly audit   'shell-quote': [ '1.10.0' ],
2605 silly audit   'spawn-command': [ '0.0.2' ],
2605 silly audit   'supports-color': [ '8.1.1', '7.2.0' ],
2605 silly audit   'tree-kill': [ '1.2.2' ],
2605 silly audit   yargs: [ '17.7.3' ],
2605 silly audit   'ansi-styles': [ '4.3.0' ],
2605 silly audit   'color-convert': [ '2.0.1' ],
2605 silly audit   'color-name': [ '1.1.4' ],
2605 silly audit   'object-assign': [ '4.1.1' ],
2605 silly audit   vary: [ '1.1.2' ],
2605 silly audit   'd3-array': [ '2.12.1', '3.2.4' ],
2605 silly audit   internmap: [ '1.0.1' ],
2605 silly audit   '@babel/runtime': [ '7.29.7' ],
2605 silly audit   ms: [ '2.1.3', '2.0.0' ],
2605 silly audit   accepts: [ '1.3.8' ],
2605 silly audit   'array-flatten': [ '1.1.1' ],
2605 silly audit   'body-parser': [ '1.20.6' ],
2605 silly audit   'content-disposition': [ '0.5.4' ],
2605 silly audit   'content-type': [ '1.0.5' ],
2605 silly audit   cookie: [ '0.7.2' ],
2605 silly audit   'cookie-signature': [ '1.0.7' ],
2605 silly audit   depd: [ '2.0.0' ],
2605 silly audit   encodeurl: [ '2.0.0' ],
2605 silly audit   'escape-html': [ '1.0.3' ],
2605 silly audit   etag: [ '1.8.1' ],
2605 silly audit   finalhandler: [ '1.3.2' ],
2605 silly audit   fresh: [ '0.5.2' ],
2605 silly audit   'http-errors': [ '2.0.1' ],
2605 silly audit   'merge-descriptors': [ '1.0.3' ],
2605 silly audit   methods: [ '1.1.2' ],
2605 silly audit   'on-finished': [ '2.4.1' ],
2605 silly audit   parseurl: [ '1.3.3' ],
2605 silly audit   'path-to-regexp': [ '0.1.13' ],
2605 silly audit   'proxy-addr': [ '2.0.7' ],
2605 silly audit   qs: [ '6.15.3' ],
2605 silly audit   'range-parser': [ '1.2.1' ],
2605 silly audit   'safe-buffer': [ '5.2.1' ],
2605 silly audit   send: [ '0.19.2' ],
2605 silly audit   'serve-static': [ '1.16.3' ],
2605 silly audit   setprototypeof: [ '1.2.0' ],
2605 silly audit   statuses: [ '2.0.2' ],
2605 silly audit   'type-is': [ '1.6.18' ],
2605 silly audit   'utils-merge': [ '1.0.1' ],
2605 silly audit   'mime-types': [ '2.1.35' ],
2605 silly audit   negotiator: [ '0.6.3' ],
2605 silly audit   bytes: [ '3.1.2' ],
2605 silly audit   destroy: [ '1.2.0' ],
2605 silly audit   'iconv-lite': [ '0.4.24' ],
2605 silly audit   'raw-body': [ '2.5.3' ],
2605 silly audit   unpipe: [ '1.0.0' ],
2605 silly audit   inherits: [ '2.0.4' ],
2605 silly audit   toidentifier: [ '1.0.1' ],
2605 silly audit   'safer-buffer': [ '2.1.2' ],
2605 silly audit   '@mapbox/corslite': [ '0.0.7' ],
2605 silly audit   '@mapbox/polyline': [ '0.2.0' ],
2605 silly audit   'osrm-text-instructions': [ '0.13.4' ],
2605 silly audit   yallist: [ '3.1.1' ],
2605 silly audit   'mime-db': [ '1.52.0' ],
2605 silly audit   'ee-first': [ '1.1.1' ],
2605 silly audit   'bignumber.js': [ '9.3.1' ],
2605 silly audit   'splaytree-ts': [ '1.0.2' ],
2605 silly audit   nanoid: [ '3.3.17' ],
2605 silly audit   'source-map-js': [ '1.2.1' ],
2605 silly audit   forwarded: [ '0.2.0' ],
2605 silly audit   'ipaddr.js': [ '1.9.1' ],
2605 silly audit   'es-define-property': [ '1.0.1' ],
2605 silly audit   'side-channel': [ '1.1.1' ],
2605 silly audit   quickselect: [ '2.0.0', '1.1.1' ],
2605 silly audit   'loose-envify': [ '1.4.0' ],
2605 silly audit   scheduler: [ '0.23.2' ],
2605 silly audit   '@react-leaflet/core': [ '2.1.0' ],
2605 silly audit   '@remix-run/router': [ '1.23.3' ],
2605 silly audit   'react-router': [ '6.30.4' ],
2605 silly audit   eventemitter3: [ '4.0.7' ],
2605 silly audit   'react-is': [ '18.3.1', '16.13.1' ],
2605 silly audit   'react-smooth': [ '4.0.4' ],
2605 silly audit   'recharts-scale': [ '0.4.5' ],
2605 silly audit   'tiny-invariant': [ '1.3.3' ],
2605 silly audit   'victory-vendor': [ '36.9.2' ],
2605 silly audit   'fast-equals': [ '5.4.1' ],
2605 silly audit   'prop-types': [ '15.8.1' ],
2605 silly audit   'react-transition-group': [ '4.4.5' ],
2605 silly audit   'dom-helpers': [ '5.2.1' ],
2605 silly audit   'decimal.js-light': [ '2.5.1' ],
2605 silly audit   mime: [ '1.6.0' ],
2605 silly audit   'es-errors': [ '1.3.0' ],
2605 silly audit   'object-inspect': [ '1.13.4' ],
2605 silly audit   'side-channel-list': [ '1.0.1' ],
2605 silly audit   'side-channel-map': [ '1.0.1' ],
2605 silly audit   'side-channel-weakmap': [ '1.0.2' ],
2605 silly audit   'call-bound': [ '1.0.4' ],
2605 silly audit   'get-intrinsic': [ '1.3.0' ],
2605 silly audit   'call-bind-apply-helpers': [ '1.0.2' ],
2605 silly audit   'function-bind': [ '1.1.2' ],
2605 silly audit   'es-object-atoms': [ '1.1.2' ],
2605 silly audit   'get-proto': [ '1.0.1' ],
2605 silly audit   gopd: [ '1.2.0' ],
2605 silly audit   'has-symbols': [ '1.1.0' ],
2605 silly audit   hasown: [ '2.0.4' ],
2605 silly audit   'math-intrinsics': [ '1.1.0' ],
2605 silly audit   'dunder-proto': [ '1.0.1' ],
2605 silly audit   'has-flag': [ '4.0.0' ],
2605 silly audit   '@alloc/quick-lru': [ '5.2.0' ],
2605 silly audit   arg: [ '5.0.2' ],
2605 silly audit   chokidar: [ '3.6.0' ],
2605 silly audit   didyoumean: [ '1.2.2' ],
2605 silly audit   dlv: [ '1.1.3' ],
2605 silly audit   'fast-glob': [ '3.3.3' ],
2605 silly audit   'glob-parent': [ '6.0.2', '5.1.2' ],
2605 silly audit   'is-glob': [ '4.0.3' ],
2605 silly audit   jiti: [ '1.21.7' ],
2605 silly audit   lilconfig: [ '3.1.3' ],
2605 silly audit   micromatch: [ '4.0.8' ],
2605 silly audit   'normalize-path': [ '3.0.0' ],
2605 silly audit   'object-hash': [ '3.0.0' ],
2605 silly audit   'postcss-import': [ '15.1.0' ],
2605 silly audit   'postcss-js': [ '4.1.0' ],
2605 silly audit   'postcss-load-config': [ '6.0.1' ],
2605 silly audit   'postcss-nested': [ '6.2.0' ],
2605 silly audit   'postcss-selector-parser': [ '6.1.4' ],
2605 silly audit   resolve: [ '1.22.12' ],
2605 silly audit   sucrase: [ '3.35.1' ],
2605 silly audit   anymatch: [ '3.1.3' ],
2605 silly audit   braces: [ '3.0.3' ],
2605 silly audit   fsevents: [ '2.3.3' ],
2605 silly audit   'is-binary-path': [ '2.1.0' ],
2605 silly audit   readdirp: [ '3.6.0' ],
2605 silly audit   picomatch: [ '2.3.2', '4.0.5' ],
2605 silly audit   'fill-range': [ '7.1.1' ],
2605 silly audit   '@nodelib/fs.stat': [ '2.0.5' ],
2605 silly audit   '@nodelib/fs.walk': [ '1.2.8' ],
2605 silly audit   merge2: [ '1.4.1' ],
2605 silly audit   '@nodelib/fs.scandir': [ '2.1.5' ],
2605 silly audit   fastq: [ '1.20.1' ],
2605 silly audit   'run-parallel': [ '1.2.0' ],
2605 silly audit   reusify: [ '1.1.0' ],
2605 silly audit   'to-regex-range': [ '5.0.1' ],
2605 silly audit   'binary-extensions': [ '2.3.0' ],
2605 silly audit   'is-extglob': [ '2.1.1' ],
2605 silly audit   'read-cache': [ '1.0.0' ],
2605 silly audit   'camelcase-css': [ '2.0.1' ],
2605 silly audit   cssesc: [ '3.0.0' ],
2605 silly audit   'util-deprecate': [ '1.0.2' ],
2605 silly audit   pify: [ '2.3.0' ],
2605 silly audit   'is-core-module': [ '2.16.2' ],
2605 silly audit   'path-parse': [ '1.0.7' ],
2605 silly audit   'supports-preserve-symlinks-flag': [ '1.0.0' ],
2605 silly audit   'queue-microtask': [ '1.2.3' ],
2605 silly audit   commander: [ '4.1.1', '2.20.3' ],
2605 silly audit   'lines-and-columns': [ '1.2.4' ],
2605 silly audit   mz: [ '2.7.0' ],
2605 silly audit   pirates: [ '4.0.7' ],
2605 silly audit   tinyglobby: [ '0.2.17' ],
2605 silly audit   'ts-interface-checker': [ '0.1.13' ],
2605 silly audit   'any-promise': [ '1.3.0' ],
2605 silly audit   'thenify-all': [ '1.6.0' ],
2605 silly audit   thenify: [ '3.3.1' ],
2605 silly audit   fdir: [ '6.5.0' ],
2605 silly audit   'is-number': [ '7.0.0' ],
2605 silly audit   'media-typer': [ '0.3.0' ],
2605 silly audit   escalade: [ '3.2.0' ],
2605 silly audit   '@types/d3-array': [ '3.2.2' ],
2605 silly audit   '@types/d3-ease': [ '3.0.2' ],
2605 silly audit   '@types/d3-interpolate': [ '3.0.4' ],
2605 silly audit   '@types/d3-scale': [ '4.0.9' ],
2605 silly audit   '@types/d3-shape': [ '3.1.8' ],
2605 silly audit   '@types/d3-time': [ '3.0.4' ],
2605 silly audit   '@types/d3-timer': [ '3.0.2' ],
2605 silly audit   'd3-ease': [ '3.0.1' ],
2605 silly audit   'd3-interpolate': [ '3.0.1' ],
2605 silly audit   'd3-scale': [ '4.0.2' ],
2605 silly audit   'd3-shape': [ '3.2.0' ],
2605 silly audit   'd3-time': [ '3.1.0' ],
2605 silly audit   'd3-timer': [ '3.0.1' ],
2605 silly audit   '@types/d3-color': [ '3.1.3' ],
2605 silly audit   '@types/d3-path': [ '3.1.1' ],
2605 silly audit   'd3-color': [ '3.1.0' ],
2605 silly audit   'd3-format': [ '3.1.2' ],
2605 silly audit   'd3-time-format': [ '4.1.0' ],
2605 silly audit   'd3-path': [ '3.1.0' ],
2605 silly audit   esbuild: [ '0.21.5' ],
2605 silly audit   rollup: [ '4.62.4' ],
2605 silly audit   '@esbuild/aix-ppc64': [ '0.21.5' ],
2605 silly audit   '@esbuild/android-arm': [ '0.21.5' ],
2605 silly audit   '@esbuild/android-arm64': [ '0.21.5' ],
2605 silly audit   '@esbuild/android-x64': [ '0.21.5' ],
2605 silly audit   '@esbuild/darwin-arm64': [ '0.21.5' ],
2605 silly audit   '@esbuild/darwin-x64': [ '0.21.5' ],
2605 silly audit   '@esbuild/freebsd-arm64': [ '0.21.5' ],
2605 silly audit   '@esbuild/freebsd-x64': [ '0.21.5' ],
2605 silly audit   '@esbuild/linux-arm': [ '0.21.5' ],
2605 silly audit   '@esbuild/linux-arm64': [ '0.21.5' ],
2605 silly audit   '@esbuild/linux-ia32': [ '0.21.5' ],
2605 silly audit   '@esbuild/linux-loong64': [ '0.21.5' ],
2605 silly audit   '@esbuild/linux-mips64el': [ '0.21.5' ],
2605 silly audit   '@esbuild/linux-ppc64': [ '0.21.5' ],
2605 silly audit   '@esbuild/linux-riscv64': [ '0.21.5' ],
2605 silly audit   '@esbuild/linux-s390x': [ '0.21.5' ],
2605 silly audit   '@esbuild/linux-x64': [ '0.21.5' ],
2605 silly audit   '@esbuild/netbsd-x64': [ '0.21.5' ],
2605 silly audit   '@esbuild/openbsd-x64': [ '0.21.5' ],
2605 silly audit   '@esbuild/sunos-x64': [ '0.21.5' ],
2605 silly audit   '@esbuild/win32-arm64': [ '0.21.5' ],
2605 silly audit   '@esbuild/win32-ia32': [ '0.21.5' ],
2605 silly audit   '@esbuild/win32-x64': [ '0.21.5' ],
2605 silly audit   '@napi-rs/lzma-linux-x64-gnu': [ '1.5.1' ],
2605 silly audit   '@rollup/rollup-android-arm-eabi': [ '4.62.4' ],
2605 silly audit   '@rollup/rollup-android-arm64': [ '4.62.4' ],
2605 silly audit   '@rollup/rollup-darwin-arm64': [ '4.62.4' ],
2605 silly audit   '@rollup/rollup-darwin-x64': [ '4.62.4' ],
2605 silly audit   '@rollup/rollup-freebsd-arm64': [ '4.62.4' ],
2605 silly audit   '@rollup/rollup-freebsd-x64': [ '4.62.4' ],
2605 silly audit   '@rollup/rollup-linux-arm-gnueabihf': [ '4.62.4' ],
2605 silly audit   '@rollup/rollup-linux-arm-musleabihf': [ '4.62.4' ],
2605 silly audit   '@rollup/rollup-linux-arm64-gnu': [ '4.62.4' ],
2605 silly audit   '@rollup/rollup-linux-arm64-musl': [ '4.62.4' ],
2605 silly audit   '@rollup/rollup-linux-loong64-gnu': [ '4.62.4' ],
2605 silly audit   '@rollup/rollup-linux-loong64-musl': [ '4.62.4' ],
2605 silly audit   '@rollup/rollup-linux-ppc64-gnu': [ '4.62.4' ],
2605 silly audit   '@rollup/rollup-linux-ppc64-musl': [ '4.62.4' ],
2605 silly audit   '@rollup/rollup-linux-riscv64-gnu': [ '4.62.4' ],
2605 silly audit   '@rollup/rollup-linux-riscv64-musl': [ '4.62.4' ],
2605 silly audit   '@rollup/rollup-linux-s390x-gnu': [ '4.62.4' ],
2605 silly audit   '@rollup/rollup-linux-x64-gnu': [ '4.62.4' ],
2605 silly audit   '@rollup/rollup-linux-x64-musl': [ '4.62.4' ],
2605 silly audit   '@rollup/rollup-openbsd-x64': [ '4.62.4' ],
2605 silly audit   '@rollup/rollup-openharmony-arm64': [ '4.62.4' ],
2605 silly audit   '@rollup/rollup-win32-arm64-msvc': [ '4.62.4' ],
2605 silly audit   '@rollup/rollup-win32-ia32-msvc': [ '4.62.4' ],
2605 silly audit   '@rollup/rollup-win32-x64-gnu': [ '4.62.4' ],
2605 silly audit   '@rollup/rollup-win32-x64-msvc': [ '4.62.4' ],
2605 silly audit   '@types/estree': [ '1.0.9' ],
2605 silly audit   cliui: [ '8.0.1' ],
2605 silly audit   'get-caller-file': [ '2.0.5' ],
2605 silly audit   'require-directory': [ '2.1.1' ],
2605 silly audit   'string-width': [ '4.2.3' ],
2605 silly audit   y18n: [ '5.0.8' ],
2605 silly audit   'yargs-parser': [ '21.1.1' ],
2605 silly audit   'strip-ansi': [ '6.0.1' ],
2605 silly audit   'wrap-ansi': [ '7.0.0' ],
2605 silly audit   'emoji-regex': [ '8.0.0' ],
2605 silly audit   'is-fullwidth-code-point': [ '3.0.0' ],
2605 silly audit   'ansi-regex': [ '5.0.1' ]
2605 silly audit }
2606 http cache ansi-regex@https://registry.npmjs.org/ansi-regex/-/ansi-regex-5.0.1.tgz 0ms (cache hit)
2607 http cache wrap-ansi@https://registry.npmjs.org/wrap-ansi/-/wrap-ansi-7.0.0.tgz 0ms (cache hit)
2608 http cache is-fullwidth-code-point@https://registry.npmjs.org/is-fullwidth-code-point/-/is-fullwidth-code-point-3.0.0.tgz 0ms (cache hit)
2609 http cache strip-ansi@https://registry.npmjs.org/strip-ansi/-/strip-ansi-6.0.1.tgz 0ms (cache hit)
2610 http cache yargs-parser@https://registry.npmjs.org/yargs-parser/-/yargs-parser-21.1.1.tgz 0ms (cache hit)
2611 http cache y18n@https://registry.npmjs.org/y18n/-/y18n-5.0.8.tgz 0ms (cache hit)
2612 http cache string-width@https://registry.npmjs.org/string-width/-/string-width-4.2.3.tgz 0ms (cache hit)
2613 http cache require-directory@https://registry.npmjs.org/require-directory/-/require-directory-2.1.1.tgz 0ms (cache hit)
2614 http cache get-caller-file@https://registry.npmjs.org/get-caller-file/-/get-caller-file-2.0.5.tgz 0ms (cache hit)
2615 http cache cliui@https://registry.npmjs.org/cliui/-/cliui-8.0.1.tgz 0ms (cache hit)
2616 http cache @types/estree@https://registry.npmjs.org/@types/estree/-/estree-1.0.9.tgz 0ms (cache hit)
2617 http cache @rollup/rollup-darwin-arm64@https://registry.npmjs.org/@rollup/rollup-darwin-arm64/-/rollup-darwin-arm64-4.62.4.tgz 0ms (cache hit)
2618 http cache emoji-regex@https://registry.npmjs.org/emoji-regex/-/emoji-regex-8.0.0.tgz 0ms (cache hit)
2619 http cache rollup@https://registry.npmjs.org/rollup/-/rollup-4.62.4.tgz 0ms (cache hit)
2620 http cache esbuild@https://registry.npmjs.org/esbuild/-/esbuild-0.21.5.tgz 0ms (cache hit)
2621 http cache d3-time-format@https://registry.npmjs.org/d3-time-format/-/d3-time-format-4.1.0.tgz 0ms (cache hit)
2622 http cache d3-color@https://registry.npmjs.org/d3-color/-/d3-color-3.1.0.tgz 0ms (cache hit)
2623 http cache d3-format@https://registry.npmjs.org/d3-format/-/d3-format-3.1.2.tgz 0ms (cache hit)
2624 http cache @types/d3-color@https://registry.npmjs.org/@types/d3-color/-/d3-color-3.1.3.tgz 0ms (cache hit)
2625 http cache @esbuild/darwin-arm64@https://registry.npmjs.org/@esbuild/darwin-arm64/-/darwin-arm64-0.21.5.tgz 0ms (cache hit)
2626 http cache d3-time@https://registry.npmjs.org/d3-time/-/d3-time-3.1.0.tgz 0ms (cache hit)
2627 http cache @types/d3-path@https://registry.npmjs.org/@types/d3-path/-/d3-path-3.1.1.tgz 0ms (cache hit)
2628 http cache d3-timer@https://registry.npmjs.org/d3-timer/-/d3-timer-3.0.1.tgz 0ms (cache hit)
2629 http cache d3-scale@https://registry.npmjs.org/d3-scale/-/d3-scale-4.0.2.tgz 0ms (cache hit)
2630 http cache d3-interpolate@https://registry.npmjs.org/d3-interpolate/-/d3-interpolate-3.0.1.tgz 0ms (cache hit)
2631 http cache d3-shape@https://registry.npmjs.org/d3-shape/-/d3-shape-3.2.0.tgz 0ms (cache hit)
2632 http cache @types/d3-timer@https://registry.npmjs.org/@types/d3-timer/-/d3-timer-3.0.2.tgz 0ms (cache hit)
2633 http cache @types/d3-time@https://registry.npmjs.org/@types/d3-time/-/d3-time-3.0.4.tgz 0ms (cache hit)
2634 http cache d3-path@https://registry.npmjs.org/d3-path/-/d3-path-3.1.0.tgz 0ms (cache hit)
2635 http cache @types/d3-shape@https://registry.npmjs.org/@types/d3-shape/-/d3-shape-3.1.8.tgz 0ms (cache hit)
2636 http cache @types/d3-scale@https://registry.npmjs.org/@types/d3-scale/-/d3-scale-4.0.9.tgz 0ms (cache hit)
2637 http cache @types/d3-interpolate@https://registry.npmjs.org/@types/d3-interpolate/-/d3-interpolate-3.0.4.tgz 0ms (cache hit)
2638 http cache d3-ease@https://registry.npmjs.org/d3-ease/-/d3-ease-3.0.1.tgz 0ms (cache hit)
2639 http cache @types/d3-ease@https://registry.npmjs.org/@types/d3-ease/-/d3-ease-3.0.2.tgz 1ms (cache hit)
2640 http cache @types/d3-array@https://registry.npmjs.org/@types/d3-array/-/d3-array-3.2.2.tgz 0ms (cache hit)
2641 http cache is-number@https://registry.npmjs.org/is-number/-/is-number-7.0.0.tgz 0ms (cache hit)
2642 http cache media-typer@https://registry.npmjs.org/media-typer/-/media-typer-0.3.0.tgz 0ms (cache hit)
2643 http cache thenify-all@https://registry.npmjs.org/thenify-all/-/thenify-all-1.6.0.tgz 0ms (cache hit)
2644 http cache any-promise@https://registry.npmjs.org/any-promise/-/any-promise-1.3.0.tgz 0ms (cache hit)
2645 http cache thenify@https://registry.npmjs.org/thenify/-/thenify-3.3.1.tgz 0ms (cache hit)
2646 http cache ts-interface-checker@https://registry.npmjs.org/ts-interface-checker/-/ts-interface-checker-0.1.13.tgz 0ms (cache hit)
2647 http cache escalade@https://registry.npmjs.org/escalade/-/escalade-3.2.0.tgz 0ms (cache hit)
2648 http cache pirates@https://registry.npmjs.org/pirates/-/pirates-4.0.7.tgz 0ms (cache hit)
2649 http cache tinyglobby@https://registry.npmjs.org/tinyglobby/-/tinyglobby-0.2.17.tgz 0ms (cache hit)
2650 http cache mz@https://registry.npmjs.org/mz/-/mz-2.7.0.tgz 0ms (cache hit)
2651 http cache commander@https://registry.npmjs.org/commander/-/commander-4.1.1.tgz 0ms (cache hit)
2652 http cache queue-microtask@https://registry.npmjs.org/queue-microtask/-/queue-microtask-1.2.3.tgz 0ms (cache hit)
2653 http cache supports-preserve-symlinks-flag@https://registry.npmjs.org/supports-preserve-symlinks-flag/-/supports-preserve-symlinks-flag-1.0.0.tgz 0ms (cache hit)
2654 http cache path-parse@https://registry.npmjs.org/path-parse/-/path-parse-1.0.7.tgz 0ms (cache hit)
2655 http cache lines-and-columns@https://registry.npmjs.org/lines-and-columns/-/lines-and-columns-1.2.4.tgz 0ms (cache hit)
2656 http cache pify@https://registry.npmjs.org/pify/-/pify-2.3.0.tgz 0ms (cache hit)
2657 http cache util-deprecate@https://registry.npmjs.org/util-deprecate/-/util-deprecate-1.0.2.tgz 0ms (cache hit)
2658 http cache camelcase-css@https://registry.npmjs.org/camelcase-css/-/camelcase-css-2.0.1.tgz 0ms (cache hit)
2659 http cache is-core-module@https://registry.npmjs.org/is-core-module/-/is-core-module-2.16.2.tgz 0ms (cache hit)
2660 http cache cssesc@https://registry.npmjs.org/cssesc/-/cssesc-3.0.0.tgz 0ms (cache hit)
2661 http cache read-cache@https://registry.npmjs.org/read-cache/-/read-cache-1.0.0.tgz 0ms (cache hit)
2662 http cache binary-extensions@https://registry.npmjs.org/binary-extensions/-/binary-extensions-2.3.0.tgz 0ms (cache hit)
2663 http cache reusify@https://registry.npmjs.org/reusify/-/reusify-1.1.0.tgz 0ms (cache hit)
2664 http cache fastq@https://registry.npmjs.org/fastq/-/fastq-1.20.1.tgz 0ms (cache hit)
2665 http cache @nodelib/fs.scandir@https://registry.npmjs.org/@nodelib/fs.scandir/-/fs.scandir-2.1.5.tgz 0ms (cache hit)
2666 http cache run-parallel@https://registry.npmjs.org/run-parallel/-/run-parallel-1.2.0.tgz 0ms (cache hit)
2667 http cache merge2@https://registry.npmjs.org/merge2/-/merge2-1.4.1.tgz 0ms (cache hit)
2668 http cache @nodelib/fs.walk@https://registry.npmjs.org/@nodelib/fs.walk/-/fs.walk-1.2.8.tgz 0ms (cache hit)
2669 http cache @nodelib/fs.stat@https://registry.npmjs.org/@nodelib/fs.stat/-/fs.stat-2.0.5.tgz 0ms (cache hit)
2670 http cache to-regex-range@https://registry.npmjs.org/to-regex-range/-/to-regex-range-5.0.1.tgz 0ms (cache hit)
2671 http cache fill-range@https://registry.npmjs.org/fill-range/-/fill-range-7.1.1.tgz 0ms (cache hit)
2672 http cache picomatch@https://registry.npmjs.org/picomatch/-/picomatch-2.3.2.tgz 0ms (cache hit)
2673 http cache readdirp@https://registry.npmjs.org/readdirp/-/readdirp-3.6.0.tgz 0ms (cache hit)
2674 http cache is-binary-path@https://registry.npmjs.org/is-binary-path/-/is-binary-path-2.1.0.tgz 0ms (cache hit)
2675 http cache fsevents@https://registry.npmjs.org/fsevents/-/fsevents-2.3.3.tgz 0ms (cache hit)
2676 http cache braces@https://registry.npmjs.org/braces/-/braces-3.0.3.tgz 0ms (cache hit)
2677 http cache anymatch@https://registry.npmjs.org/anymatch/-/anymatch-3.1.3.tgz 0ms (cache hit)
2678 http cache sucrase@https://registry.npmjs.org/sucrase/-/sucrase-3.35.1.tgz 0ms (cache hit)
2679 http cache resolve@https://registry.npmjs.org/resolve/-/resolve-1.22.12.tgz 0ms (cache hit)
2680 http cache postcss-selector-parser@https://registry.npmjs.org/postcss-selector-parser/-/postcss-selector-parser-6.1.4.tgz 0ms (cache hit)
2681 http cache postcss-nested@https://registry.npmjs.org/postcss-nested/-/postcss-nested-6.2.0.tgz 0ms (cache hit)
2682 http cache postcss-load-config@https://registry.npmjs.org/postcss-load-config/-/postcss-load-config-6.0.1.tgz 0ms (cache hit)
2683 http cache postcss-js@https://registry.npmjs.org/postcss-js/-/postcss-js-4.1.0.tgz 0ms (cache hit)
2684 http cache postcss-import@https://registry.npmjs.org/postcss-import/-/postcss-import-15.1.0.tgz 0ms (cache hit)
2685 http cache is-extglob@https://registry.npmjs.org/is-extglob/-/is-extglob-2.1.1.tgz 0ms (cache hit)
2686 http cache object-hash@https://registry.npmjs.org/object-hash/-/object-hash-3.0.0.tgz 0ms (cache hit)
2687 http cache normalize-path@https://registry.npmjs.org/normalize-path/-/normalize-path-3.0.0.tgz 0ms (cache hit)
2688 http cache micromatch@https://registry.npmjs.org/micromatch/-/micromatch-4.0.8.tgz 0ms (cache hit)
2689 http cache is-glob@https://registry.npmjs.org/is-glob/-/is-glob-4.0.3.tgz 0ms (cache hit)
2690 http cache glob-parent@https://registry.npmjs.org/glob-parent/-/glob-parent-6.0.2.tgz 0ms (cache hit)
2691 http cache jiti@https://registry.npmjs.org/jiti/-/jiti-1.21.7.tgz 0ms (cache hit)
2692 http cache fast-glob@https://registry.npmjs.org/fast-glob/-/fast-glob-3.3.3.tgz 0ms (cache hit)
2693 http cache dlv@https://registry.npmjs.org/dlv/-/dlv-1.1.3.tgz 0ms (cache hit)
2694 http cache didyoumean@https://registry.npmjs.org/didyoumean/-/didyoumean-1.2.2.tgz 0ms (cache hit)
2695 http cache chokidar@https://registry.npmjs.org/chokidar/-/chokidar-3.6.0.tgz 0ms (cache hit)
2696 http cache arg@https://registry.npmjs.org/arg/-/arg-5.0.2.tgz 0ms (cache hit)
2697 http cache has-flag@https://registry.npmjs.org/has-flag/-/has-flag-4.0.0.tgz 0ms (cache hit)
2698 http cache @alloc/quick-lru@https://registry.npmjs.org/@alloc/quick-lru/-/quick-lru-5.2.0.tgz 0ms (cache hit)
2699 http cache dunder-proto@https://registry.npmjs.org/dunder-proto/-/dunder-proto-1.0.1.tgz 0ms (cache hit)
2700 http cache math-intrinsics@https://registry.npmjs.org/math-intrinsics/-/math-intrinsics-1.1.0.tgz 0ms (cache hit)
2701 http cache has-symbols@https://registry.npmjs.org/has-symbols/-/has-symbols-1.1.0.tgz 0ms (cache hit)
2702 http cache hasown@https://registry.npmjs.org/hasown/-/hasown-2.0.4.tgz 0ms (cache hit)
2703 http cache lilconfig@https://registry.npmjs.org/lilconfig/-/lilconfig-3.1.3.tgz 0ms (cache hit)
2704 http cache get-proto@https://registry.npmjs.org/get-proto/-/get-proto-1.0.1.tgz 0ms (cache hit)
2705 http cache gopd@https://registry.npmjs.org/gopd/-/gopd-1.2.0.tgz 0ms (cache hit)
2706 http cache get-intrinsic@https://registry.npmjs.org/get-intrinsic/-/get-intrinsic-1.3.0.tgz 0ms (cache hit)
2707 http cache function-bind@https://registry.npmjs.org/function-bind/-/function-bind-1.1.2.tgz 0ms (cache hit)
2708 http cache call-bound@https://registry.npmjs.org/call-bound/-/call-bound-1.0.4.tgz 0ms (cache hit)
2709 http cache side-channel-weakmap@https://registry.npmjs.org/side-channel-weakmap/-/side-channel-weakmap-1.0.2.tgz 0ms (cache hit)
2710 http cache side-channel-list@https://registry.npmjs.org/side-channel-list/-/side-channel-list-1.0.1.tgz 0ms (cache hit)
2711 http cache side-channel-map@https://registry.npmjs.org/side-channel-map/-/side-channel-map-1.0.1.tgz 0ms (cache hit)
2712 http cache object-inspect@https://registry.npmjs.org/object-inspect/-/object-inspect-1.13.4.tgz 0ms (cache hit)
2713 http cache es-errors@https://registry.npmjs.org/es-errors/-/es-errors-1.3.0.tgz 0ms (cache hit)
2714 http cache mime@https://registry.npmjs.org/mime/-/mime-1.6.0.tgz 0ms (cache hit)
2715 http cache decimal.js-light@https://registry.npmjs.org/decimal.js-light/-/decimal.js-light-2.5.1.tgz 0ms (cache hit)
2716 http cache call-bind-apply-helpers@https://registry.npmjs.org/call-bind-apply-helpers/-/call-bind-apply-helpers-1.0.2.tgz 0ms (cache hit)
2717 http cache dom-helpers@https://registry.npmjs.org/dom-helpers/-/dom-helpers-5.2.1.tgz 0ms (cache hit)
2718 http cache react-transition-group@https://registry.npmjs.org/react-transition-group/-/react-transition-group-4.4.5.tgz 0ms (cache hit)
2719 http cache prop-types@https://registry.npmjs.org/prop-types/-/prop-types-15.8.1.tgz 0ms (cache hit)
2720 http cache fast-equals@https://registry.npmjs.org/fast-equals/-/fast-equals-5.4.1.tgz 0ms (cache hit)
2721 http cache es-object-atoms@https://registry.npmjs.org/es-object-atoms/-/es-object-atoms-1.1.2.tgz 0ms (cache hit)
2722 http cache tiny-invariant@https://registry.npmjs.org/tiny-invariant/-/tiny-invariant-1.3.3.tgz 0ms (cache hit)
2723 http cache react-smooth@https://registry.npmjs.org/react-smooth/-/react-smooth-4.0.4.tgz 0ms (cache hit)
2724 http cache react-is@https://registry.npmjs.org/react-is/-/react-is-18.3.1.tgz 0ms (cache hit)
2725 http cache eventemitter3@https://registry.npmjs.org/eventemitter3/-/eventemitter3-4.0.7.tgz 0ms (cache hit)
2726 http cache recharts-scale@https://registry.npmjs.org/recharts-scale/-/recharts-scale-0.4.5.tgz 0ms (cache hit)
2727 http cache @remix-run/router@https://registry.npmjs.org/@remix-run/router/-/router-1.23.3.tgz 0ms (cache hit)
2728 http cache react-router@https://registry.npmjs.org/react-router/-/react-router-6.30.4.tgz 0ms (cache hit)
2729 http cache scheduler@https://registry.npmjs.org/scheduler/-/scheduler-0.23.2.tgz 0ms (cache hit)
2730 http cache @react-leaflet/core@https://registry.npmjs.org/@react-leaflet/core/-/core-2.1.0.tgz 0ms (cache hit)
2731 http cache loose-envify@https://registry.npmjs.org/loose-envify/-/loose-envify-1.4.0.tgz 0ms (cache hit)
2732 http cache victory-vendor@https://registry.npmjs.org/victory-vendor/-/victory-vendor-36.9.2.tgz 0ms (cache hit)
2733 http cache quickselect@https://registry.npmjs.org/quickselect/-/quickselect-2.0.0.tgz 0ms (cache hit)
2734 http cache es-define-property@https://registry.npmjs.org/es-define-property/-/es-define-property-1.0.1.tgz 0ms (cache hit)
2735 http cache side-channel@https://registry.npmjs.org/side-channel/-/side-channel-1.1.1.tgz 0ms (cache hit)
2736 http cache forwarded@https://registry.npmjs.org/forwarded/-/forwarded-0.2.0.tgz 0ms (cache hit)
2737 http cache source-map-js@https://registry.npmjs.org/source-map-js/-/source-map-js-1.2.1.tgz 0ms (cache hit)
2738 http cache nanoid@https://registry.npmjs.org/nanoid/-/nanoid-3.3.17.tgz 0ms (cache hit)
2739 http cache splaytree-ts@https://registry.npmjs.org/splaytree-ts/-/splaytree-ts-1.0.2.tgz 0ms (cache hit)
2740 http cache bignumber.js@https://registry.npmjs.org/bignumber.js/-/bignumber.js-9.3.1.tgz 0ms (cache hit)
2741 http cache mime-db@https://registry.npmjs.org/mime-db/-/mime-db-1.52.0.tgz 0ms (cache hit)
2742 http cache ee-first@https://registry.npmjs.org/ee-first/-/ee-first-1.1.1.tgz 0ms (cache hit)
2743 http cache ipaddr.js@https://registry.npmjs.org/ipaddr.js/-/ipaddr.js-1.9.1.tgz 0ms (cache hit)
2744 http cache yallist@https://registry.npmjs.org/yallist/-/yallist-3.1.1.tgz 0ms (cache hit)
2745 http cache safer-buffer@https://registry.npmjs.org/safer-buffer/-/safer-buffer-2.1.2.tgz 0ms (cache hit)
2746 http cache osrm-text-instructions@https://registry.npmjs.org/osrm-text-instructions/-/osrm-text-instructions-0.13.4.tgz 0ms (cache hit)
2747 http cache @mapbox/corslite@https://registry.npmjs.org/@mapbox/corslite/-/corslite-0.0.7.tgz 0ms (cache hit)
2748 http cache toidentifier@https://registry.npmjs.org/toidentifier/-/toidentifier-1.0.1.tgz 0ms (cache hit)
2749 http cache @mapbox/polyline@https://registry.npmjs.org/@mapbox/polyline/-/polyline-0.2.0.tgz 0ms (cache hit)
2750 http cache unpipe@https://registry.npmjs.org/unpipe/-/unpipe-1.0.0.tgz 0ms (cache hit)
2751 http cache raw-body@https://registry.npmjs.org/raw-body/-/raw-body-2.5.3.tgz 0ms (cache hit)
2752 http cache inherits@https://registry.npmjs.org/inherits/-/inherits-2.0.4.tgz 0ms (cache hit)
2753 http cache negotiator@https://registry.npmjs.org/negotiator/-/negotiator-0.6.3.tgz 0ms (cache hit)
2754 http cache bytes@https://registry.npmjs.org/bytes/-/bytes-3.1.2.tgz 0ms (cache hit)
2755 http cache iconv-lite@https://registry.npmjs.org/iconv-lite/-/iconv-lite-0.4.24.tgz 0ms (cache hit)
2756 http cache mime-types@https://registry.npmjs.org/mime-types/-/mime-types-2.1.35.tgz 0ms (cache hit)
2757 http cache utils-merge@https://registry.npmjs.org/utils-merge/-/utils-merge-1.0.1.tgz 0ms (cache hit)
2758 http cache type-is@https://registry.npmjs.org/type-is/-/type-is-1.6.18.tgz 0ms (cache hit)
2759 http cache destroy@https://registry.npmjs.org/destroy/-/destroy-1.2.0.tgz 0ms (cache hit)
2760 http cache statuses@https://registry.npmjs.org/statuses/-/statuses-2.0.2.tgz 0ms (cache hit)
2761 http cache safe-buffer@https://registry.npmjs.org/safe-buffer/-/safe-buffer-5.2.1.tgz 0ms (cache hit)
2762 http cache setprototypeof@https://registry.npmjs.org/setprototypeof/-/setprototypeof-1.2.0.tgz 0ms (cache hit)
2763 http cache send@https://registry.npmjs.org/send/-/send-0.19.2.tgz 0ms (cache hit)
2764 http cache range-parser@https://registry.npmjs.org/range-parser/-/range-parser-1.2.1.tgz 0ms (cache hit)
2765 http cache serve-static@https://registry.npmjs.org/serve-static/-/serve-static-1.16.3.tgz 0ms (cache hit)
2766 http cache proxy-addr@https://registry.npmjs.org/proxy-addr/-/proxy-addr-2.0.7.tgz 0ms (cache hit)
2767 http cache qs@https://registry.npmjs.org/qs/-/qs-6.15.3.tgz 0ms (cache hit)
2768 http cache path-to-regexp@https://registry.npmjs.org/path-to-regexp/-/path-to-regexp-0.1.13.tgz 0ms (cache hit)
2769 http cache methods@https://registry.npmjs.org/methods/-/methods-1.1.2.tgz 0ms (cache hit)
2770 http cache on-finished@https://registry.npmjs.org/on-finished/-/on-finished-2.4.1.tgz 0ms (cache hit)
2771 http cache merge-descriptors@https://registry.npmjs.org/merge-descriptors/-/merge-descriptors-1.0.3.tgz 0ms (cache hit)
2772 http cache http-errors@https://registry.npmjs.org/http-errors/-/http-errors-2.0.1.tgz 0ms (cache hit)
2773 http cache fresh@https://registry.npmjs.org/fresh/-/fresh-0.5.2.tgz 0ms (cache hit)
2774 http cache finalhandler@https://registry.npmjs.org/finalhandler/-/finalhandler-1.3.2.tgz 0ms (cache hit)
2775 http cache etag@https://registry.npmjs.org/etag/-/etag-1.8.1.tgz 0ms (cache hit)
2776 http cache parseurl@https://registry.npmjs.org/parseurl/-/parseurl-1.3.3.tgz 0ms (cache hit)
2777 http cache escape-html@https://registry.npmjs.org/escape-html/-/escape-html-1.0.3.tgz 0ms (cache hit)
2778 http cache encodeurl@https://registry.npmjs.org/encodeurl/-/encodeurl-2.0.0.tgz 0ms (cache hit)
2779 http cache cookie-signature@https://registry.npmjs.org/cookie-signature/-/cookie-signature-1.0.7.tgz 0ms (cache hit)
2780 http cache depd@https://registry.npmjs.org/depd/-/depd-2.0.0.tgz 0ms (cache hit)
2781 http cache cookie@https://registry.npmjs.org/cookie/-/cookie-0.7.2.tgz 0ms (cache hit)
2782 http cache content-type@https://registry.npmjs.org/content-type/-/content-type-1.0.5.tgz 0ms (cache hit)
2783 http cache content-disposition@https://registry.npmjs.org/content-disposition/-/content-disposition-0.5.4.tgz 0ms (cache hit)
2784 http cache body-parser@https://registry.npmjs.org/body-parser/-/body-parser-1.20.6.tgz 0ms (cache hit)
2785 http cache array-flatten@https://registry.npmjs.org/array-flatten/-/array-flatten-1.1.1.tgz 0ms (cache hit)
2786 http cache accepts@https://registry.npmjs.org/accepts/-/accepts-1.3.8.tgz 0ms (cache hit)
2787 http cache ms@https://registry.npmjs.org/ms/-/ms-2.1.3.tgz 0ms (cache hit)
2788 http cache @babel/runtime@https://registry.npmjs.org/@babel/runtime/-/runtime-7.29.7.tgz 0ms (cache hit)
2789 http cache internmap@https://registry.npmjs.org/internmap/-/internmap-1.0.1.tgz 0ms (cache hit)
2790 http cache d3-array@https://registry.npmjs.org/d3-array/-/d3-array-2.12.1.tgz 0ms (cache hit)
2791 http cache vary@https://registry.npmjs.org/vary/-/vary-1.1.2.tgz 0ms (cache hit)
2792 http cache object-assign@https://registry.npmjs.org/object-assign/-/object-assign-4.1.1.tgz 0ms (cache hit)
2793 http cache color-name@https://registry.npmjs.org/color-name/-/color-name-1.1.4.tgz 0ms (cache hit)
2794 http cache color-convert@https://registry.npmjs.org/color-convert/-/color-convert-2.0.1.tgz 0ms (cache hit)
2795 http cache ansi-styles@https://registry.npmjs.org/ansi-styles/-/ansi-styles-4.3.0.tgz 0ms (cache hit)
2796 http cache yargs@https://registry.npmjs.org/yargs/-/yargs-17.7.3.tgz 0ms (cache hit)
2797 http cache tree-kill@https://registry.npmjs.org/tree-kill/-/tree-kill-1.2.2.tgz 0ms (cache hit)
2798 http cache supports-color@https://registry.npmjs.org/supports-color/-/supports-color-8.1.1.tgz 0ms (cache hit)
2799 http cache spawn-command@https://registry.npmjs.org/spawn-command/-/spawn-command-0.0.2.tgz 0ms (cache hit)
2800 http cache shell-quote@https://registry.npmjs.org/shell-quote/-/shell-quote-1.10.0.tgz 0ms (cache hit)
2801 http cache rxjs@https://registry.npmjs.org/rxjs/-/rxjs-7.8.2.tgz 0ms (cache hit)
2802 http cache lodash@https://registry.npmjs.org/lodash/-/lodash-4.18.1.tgz 0ms (cache hit)
2803 http cache date-fns@https://registry.npmjs.org/date-fns/-/date-fns-2.30.0.tgz 0ms (cache hit)
2804 http cache chalk@https://registry.npmjs.org/chalk/-/chalk-4.1.2.tgz 0ms (cache hit)
2805 http cache point-in-polygon@https://registry.npmjs.org/point-in-polygon/-/point-in-polygon-1.1.0.tgz 0ms (cache hit)
2806 http cache update-browserslist-db@https://registry.npmjs.org/update-browserslist-db/-/update-browserslist-db-1.3.0.tgz 0ms (cache hit)
2807 http cache node-releases@https://registry.npmjs.org/node-releases/-/node-releases-2.0.53.tgz 0ms (cache hit)
2808 http cache electron-to-chromium@https://registry.npmjs.org/electron-to-chromium/-/electron-to-chromium-1.5.402.tgz 0ms (cache hit)
2809 http cache baseline-browser-mapping@https://registry.npmjs.org/baseline-browser-mapping/-/baseline-browser-mapping-2.11.12.tgz 0ms (cache hit)
2810 http cache postcss-value-parser@https://registry.npmjs.org/postcss-value-parser/-/postcss-value-parser-4.2.0.tgz 0ms (cache hit)
2811 http cache fraction.js@https://registry.npmjs.org/fraction.js/-/fraction.js-5.3.4.tgz 0ms (cache hit)
2812 http cache caniuse-lite@https://registry.npmjs.org/caniuse-lite/-/caniuse-lite-1.0.30001807.tgz 0ms (cache hit)
2813 http cache @types/babel__traverse@https://registry.npmjs.org/@types/babel__traverse/-/babel__traverse-7.28.0.tgz 0ms (cache hit)
2814 http cache @types/babel__template@https://registry.npmjs.org/@types/babel__template/-/babel__template-7.4.4.tgz 0ms (cache hit)
2815 http cache @types/babel__generator@https://registry.npmjs.org/@types/babel__generator/-/babel__generator-7.27.0.tgz 0ms (cache hit)
2816 http cache @jridgewell/resolve-uri@https://registry.npmjs.org/@jridgewell/resolve-uri/-/resolve-uri-3.1.2.tgz 0ms (cache hit)
2817 http cache @jridgewell/sourcemap-codec@https://registry.npmjs.org/@jridgewell/sourcemap-codec/-/sourcemap-codec-1.5.5.tgz 0ms (cache hit)
2818 http cache @babel/helper-string-parser@https://registry.npmjs.org/@babel/helper-string-parser/-/helper-string-parser-7.29.7.tgz 0ms (cache hit)
2819 http cache @babel/helper-globals@https://registry.npmjs.org/@babel/helper-globals/-/helper-globals-7.29.7.tgz 0ms (cache hit)
2820 http cache @babel/helper-plugin-utils@https://registry.npmjs.org/@babel/helper-plugin-utils/-/helper-plugin-utils-7.29.7.tgz 0ms (cache hit)
2821 http cache @babel/helper-module-imports@https://registry.npmjs.org/@babel/helper-module-imports/-/helper-module-imports-7.29.7.tgz 0ms (cache hit)
2822 http cache lru-cache@https://registry.npmjs.org/lru-cache/-/lru-cache-5.1.1.tgz 0ms (cache hit)
2823 http cache browserslist@https://registry.npmjs.org/browserslist/-/browserslist-4.28.7.tgz 0ms (cache hit)
2824 http cache @babel/compat-data@https://registry.npmjs.org/@babel/compat-data/-/compat-data-7.29.7.tgz 0ms (cache hit)
2825 http cache @babel/helper-validator-option@https://registry.npmjs.org/@babel/helper-validator-option/-/helper-validator-option-7.29.7.tgz 0ms (cache hit)
2826 http cache jsesc@https://registry.npmjs.org/jsesc/-/jsesc-3.1.0.tgz 0ms (cache hit)
2827 http cache @jridgewell/trace-mapping@https://registry.npmjs.org/@jridgewell/trace-mapping/-/trace-mapping-0.3.31.tgz 0ms (cache hit)
2828 http cache picocolors@https://registry.npmjs.org/picocolors/-/picocolors-1.1.1.tgz 0ms (cache hit)
2829 http cache @jridgewell/gen-mapping@https://registry.npmjs.org/@jridgewell/gen-mapping/-/gen-mapping-0.3.13.tgz 0ms (cache hit)
2830 http cache js-tokens@https://registry.npmjs.org/js-tokens/-/js-tokens-4.0.0.tgz 0ms (cache hit)
2831 http cache @babel/helper-validator-identifier@https://registry.npmjs.org/@babel/helper-validator-identifier/-/helper-validator-identifier-7.29.7.tgz 0ms (cache hit)
2832 http cache semver@https://registry.npmjs.org/semver/-/semver-6.3.1.tgz 0ms (cache hit)
2833 http cache json5@https://registry.npmjs.org/json5/-/json5-2.2.3.tgz 0ms (cache hit)
2834 http cache gensync@https://registry.npmjs.org/gensync/-/gensync-1.0.0-beta.2.tgz 0ms (cache hit)
2835 http cache debug@https://registry.npmjs.org/debug/-/debug-4.4.3.tgz 0ms (cache hit)
2836 http cache convert-source-map@https://registry.npmjs.org/convert-source-map/-/convert-source-map-2.0.0.tgz 0ms (cache hit)
2837 http cache @jridgewell/remapping@https://registry.npmjs.org/@jridgewell/remapping/-/remapping-2.3.5.tgz 0ms (cache hit)
2838 http cache @babel/types@https://registry.npmjs.org/@babel/types/-/types-7.29.8.tgz 0ms (cache hit)
2839 http cache @babel/traverse@https://registry.npmjs.org/@babel/traverse/-/traverse-7.29.8.tgz 0ms (cache hit)
2840 http cache @babel/template@https://registry.npmjs.org/@babel/template/-/template-7.29.7.tgz 0ms (cache hit)
2841 http cache @babel/parser@https://registry.npmjs.org/@babel/parser/-/parser-7.29.8.tgz 0ms (cache hit)
2842 http cache @babel/helpers@https://registry.npmjs.org/@babel/helpers/-/helpers-7.29.7.tgz 0ms (cache hit)
2843 http cache @babel/helper-module-transforms@https://registry.npmjs.org/@babel/helper-module-transforms/-/helper-module-transforms-7.29.7.tgz 0ms (cache hit)
2844 http cache @babel/helper-compilation-targets@https://registry.npmjs.org/@babel/helper-compilation-targets/-/helper-compilation-targets-7.29.7.tgz 0ms (cache hit)
2845 http cache @babel/generator@https://registry.npmjs.org/@babel/generator/-/generator-7.29.8.tgz 0ms (cache hit)
2846 http cache @babel/code-frame@https://registry.npmjs.org/@babel/code-frame/-/code-frame-7.29.7.tgz 0ms (cache hit)
2847 http cache @types/babel__core@https://registry.npmjs.org/@types/babel__core/-/babel__core-7.20.5.tgz 0ms (cache hit)
2848 http cache react-refresh@https://registry.npmjs.org/react-refresh/-/react-refresh-0.17.0.tgz 0ms (cache hit)
2849 http cache @rolldown/pluginutils@https://registry.npmjs.org/@rolldown/pluginutils/-/pluginutils-1.0.0-beta.27.tgz 0ms (cache hit)
2850 http cache @babel/plugin-transform-react-jsx-source@https://registry.npmjs.org/@babel/plugin-transform-react-jsx-source/-/plugin-transform-react-jsx-source-7.29.7.tgz 0ms (cache hit)
2851 http cache @babel/plugin-transform-react-jsx-self@https://registry.npmjs.org/@babel/plugin-transform-react-jsx-self/-/plugin-transform-react-jsx-self-7.29.7.tgz 0ms (cache hit)
2852 http cache @babel/core@https://registry.npmjs.org/@babel/core/-/core-7.29.7.tgz 0ms (cache hit)
2853 http cache csstype@https://registry.npmjs.org/csstype/-/csstype-3.2.3.tgz 0ms (cache hit)
2854 http cache @types/prop-types@https://registry.npmjs.org/@types/prop-types/-/prop-types-15.7.15.tgz 0ms (cache hit)
2855 http cache d3-voronoi@https://registry.npmjs.org/d3-voronoi/-/d3-voronoi-1.1.2.tgz 0ms (cache hit)
2856 http cache @types/d3-voronoi@https://registry.npmjs.org/@types/d3-voronoi/-/d3-voronoi-1.1.12.tgz 0ms (cache hit)
2857 http cache earcut@https://registry.npmjs.org/earcut/-/earcut-2.2.4.tgz 0ms (cache hit)
2858 http cache @types/earcut@https://registry.npmjs.org/@types/earcut/-/earcut-2.1.4.tgz 0ms (cache hit)
2859 http cache fast-deep-equal@https://registry.npmjs.org/fast-deep-equal/-/fast-deep-equal-3.1.3.tgz 0ms (cache hit)
2860 http cache robust-predicates@https://registry.npmjs.org/robust-predicates/-/robust-predicates-2.0.4.tgz 0ms (cache hit)
2861 http cache tinyqueue@https://registry.npmjs.org/tinyqueue/-/tinyqueue-2.0.3.tgz 0ms (cache hit)
2862 http cache arc@https://registry.npmjs.org/arc/-/arc-0.2.0.tgz 0ms (cache hit)
2863 http cache polyclip-ts@https://registry.npmjs.org/polyclip-ts/-/polyclip-ts-0.16.8.tgz 0ms (cache hit)
2864 http cache concaveman@https://registry.npmjs.org/concaveman/-/concaveman-1.2.1.tgz 0ms (cache hit)
2865 http cache topojson-server@https://registry.npmjs.org/topojson-server/-/topojson-server-3.0.1.tgz 0ms (cache hit)
2866 http cache skmeans@https://registry.npmjs.org/skmeans/-/skmeans-0.9.7.tgz 0ms (cache hit)
2867 http cache topojson-client@https://registry.npmjs.org/topojson-client/-/topojson-client-3.1.0.tgz 0ms (cache hit)
2868 http cache rbush@https://registry.npmjs.org/rbush/-/rbush-3.0.1.tgz 0ms (cache hit)
2869 http cache d3-geo@https://registry.npmjs.org/d3-geo/-/d3-geo-2.0.2.tgz 0ms (cache hit)
2870 http cache geojson-polygon-self-intersections@https://registry.npmjs.org/geojson-polygon-self-intersections/-/geojson-polygon-self-intersections-1.2.2.tgz 0ms (cache hit)
2871 http cache @turf/jsts@https://registry.npmjs.org/@turf/jsts/-/jsts-2.7.2.tgz 0ms (cache hit)
2872 http cache point-in-polygon-hao@https://registry.npmjs.org/point-in-polygon-hao/-/point-in-polygon-hao-1.2.4.tgz 0ms (cache hit)
2873 http cache geojson-equality-ts@https://registry.npmjs.org/geojson-equality-ts/-/geojson-equality-ts-1.0.2.tgz 0ms (cache hit)
2874 http cache tslib@https://registry.npmjs.org/tslib/-/tslib-2.8.1.tgz 0ms (cache hit)
2875 http cache @types/kdbush@https://registry.npmjs.org/@types/kdbush/-/kdbush-3.0.5.tgz 0ms (cache hit)
2876 http cache @types/geojson@https://registry.npmjs.org/@types/geojson/-/geojson-7946.0.16.tgz 0ms (cache hit)
2877 http cache @turf/voronoi@https://registry.npmjs.org/@turf/voronoi/-/voronoi-7.4.0.tgz 0ms (cache hit)
2878 http cache @turf/unkink-polygon@https://registry.npmjs.org/@turf/unkink-polygon/-/unkink-polygon-7.4.0.tgz 0ms (cache hit)
2879 http cache @turf/union@https://registry.npmjs.org/@turf/union/-/union-7.4.0.tgz 0ms (cache hit)
2880 http cache @turf/truncate@https://registry.npmjs.org/@turf/truncate/-/truncate-7.4.0.tgz 0ms (cache hit)
2881 http cache @turf/triangle-grid@https://registry.npmjs.org/@turf/triangle-grid/-/triangle-grid-7.4.0.tgz 0ms (cache hit)
2882 http cache @turf/transform-translate@https://registry.npmjs.org/@turf/transform-translate/-/transform-translate-7.4.0.tgz 0ms (cache hit)
2883 http cache jsts@https://registry.npmjs.org/jsts/-/jsts-2.7.1.tgz 0ms (cache hit)
2884 http cache @turf/tin@https://registry.npmjs.org/@turf/tin/-/tin-7.4.0.tgz 0ms (cache hit)
2885 http cache @turf/tesselate@https://registry.npmjs.org/@turf/tesselate/-/tesselate-7.4.0.tgz 0ms (cache hit)
2886 http cache @turf/tag@https://registry.npmjs.org/@turf/tag/-/tag-7.4.0.tgz 0ms (cache hit)
2887 http cache @turf/standard-deviational-ellipse@https://registry.npmjs.org/@turf/standard-deviational-ellipse/-/standard-deviational-ellipse-7.4.0.tgz 0ms (cache hit)
2888 http cache @turf/transform-scale@https://registry.npmjs.org/@turf/transform-scale/-/transform-scale-7.4.0.tgz 0ms (cache hit)
2889 http cache @turf/square-grid@https://registry.npmjs.org/@turf/square-grid/-/square-grid-7.4.0.tgz 0ms (cache hit)
2890 http cache @turf/square@https://registry.npmjs.org/@turf/square/-/square-7.4.0.tgz 0ms (cache hit)
2891 http cache @turf/simplify@https://registry.npmjs.org/@turf/simplify/-/simplify-7.4.0.tgz 0ms (cache hit)
2892 http cache @turf/transform-rotate@https://registry.npmjs.org/@turf/transform-rotate/-/transform-rotate-7.4.0.tgz 0ms (cache hit)
2893 http cache @turf/shortest-path@https://registry.npmjs.org/@turf/shortest-path/-/shortest-path-7.4.0.tgz 0ms (cache hit)
2894 http cache @turf/sector@https://registry.npmjs.org/@turf/sector/-/sector-7.4.0.tgz 0ms (cache hit)
2895 http cache @turf/rhumb-distance@https://registry.npmjs.org/@turf/rhumb-distance/-/rhumb-distance-7.4.0.tgz 0ms (cache hit)
2896 http cache @turf/rhumb-destination@https://registry.npmjs.org/@turf/rhumb-destination/-/rhumb-destination-7.4.0.tgz 0ms (cache hit)
2897 http cache @turf/rhumb-bearing@https://registry.npmjs.org/@turf/rhumb-bearing/-/rhumb-bearing-7.4.0.tgz 0ms (cache hit)
2898 http cache @turf/rewind@https://registry.npmjs.org/@turf/rewind/-/rewind-7.4.0.tgz 0ms (cache hit)
2899 http cache @turf/rectangle-grid@https://registry.npmjs.org/@turf/rectangle-grid/-/rectangle-grid-7.4.0.tgz 0ms (cache hit)
2900 http cache @turf/random@https://registry.npmjs.org/@turf/random/-/random-7.4.0.tgz 0ms (cache hit)
2901 http cache @turf/polygonize@https://registry.npmjs.org/@turf/polygonize/-/polygonize-7.4.0.tgz 0ms (cache hit)
2902 http cache @turf/projection@https://registry.npmjs.org/@turf/projection/-/projection-7.4.0.tgz 0ms (cache hit)
2903 http cache @turf/quadrat-analysis@https://registry.npmjs.org/@turf/quadrat-analysis/-/quadrat-analysis-7.4.0.tgz 0ms (cache hit)
2904 http cache @turf/polygon-to-line@https://registry.npmjs.org/@turf/polygon-to-line/-/polygon-to-line-7.4.0.tgz 0ms (cache hit)
2905 http cache @turf/polygon-tangents@https://registry.npmjs.org/@turf/polygon-tangents/-/polygon-tangents-7.4.0.tgz 0ms (cache hit)
2906 http cache @turf/polygon-smooth@https://registry.npmjs.org/@turf/polygon-smooth/-/polygon-smooth-7.4.0.tgz 0ms (cache hit)
2907 http cache @turf/points-within-polygon@https://registry.npmjs.org/@turf/points-within-polygon/-/points-within-polygon-7.4.0.tgz 0ms (cache hit)
2908 http cache @turf/point-to-polygon-distance@https://registry.npmjs.org/@turf/point-to-polygon-distance/-/point-to-polygon-distance-7.4.0.tgz 0ms (cache hit)
2909 http cache @turf/sample@https://registry.npmjs.org/@turf/sample/-/sample-7.4.0.tgz 0ms (cache hit)
2910 http cache @turf/point-to-line-distance@https://registry.npmjs.org/@turf/point-to-line-distance/-/point-to-line-distance-7.4.0.tgz 0ms (cache hit)
2911 http cache @turf/point-on-feature@https://registry.npmjs.org/@turf/point-on-feature/-/point-on-feature-7.4.0.tgz 0ms (cache hit)
2912 http cache @turf/point-grid@https://registry.npmjs.org/@turf/point-grid/-/point-grid-7.4.0.tgz 0ms (cache hit)
2913 http cache @turf/nearest-point-to-line@https://registry.npmjs.org/@turf/nearest-point-to-line/-/nearest-point-to-line-7.4.0.tgz 0ms (cache hit)
2914 http cache @turf/nearest-point-on-line@https://registry.npmjs.org/@turf/nearest-point-on-line/-/nearest-point-on-line-7.4.0.tgz 0ms (cache hit)
2915 http cache @turf/nearest-point@https://registry.npmjs.org/@turf/nearest-point/-/nearest-point-7.4.0.tgz 0ms (cache hit)
2916 http cache @turf/nearest-neighbor-analysis@https://registry.npmjs.org/@turf/nearest-neighbor-analysis/-/nearest-neighbor-analysis-7.4.0.tgz 0ms (cache hit)
2917 http cache @turf/midpoint@https://registry.npmjs.org/@turf/midpoint/-/midpoint-7.4.0.tgz 0ms (cache hit)
2918 http cache @turf/meta@https://registry.npmjs.org/@turf/meta/-/meta-7.4.0.tgz 0ms (cache hit)
2919 http cache @turf/planepoint@https://registry.npmjs.org/@turf/planepoint/-/planepoint-7.4.0.tgz 0ms (cache hit)
2920 http cache @turf/line-to-polygon@https://registry.npmjs.org/@turf/line-to-polygon/-/line-to-polygon-7.4.0.tgz 0ms (cache hit)
2921 http cache @turf/line-slice@https://registry.npmjs.org/@turf/line-slice/-/line-slice-7.4.0.tgz 0ms (cache hit)
2922 http cache @turf/line-segment@https://registry.npmjs.org/@turf/line-segment/-/line-segment-7.4.0.tgz 0ms (cache hit)
2923 http cache @turf/moran-index@https://registry.npmjs.org/@turf/moran-index/-/moran-index-7.4.0.tgz 0ms (cache hit)
2924 http cache @turf/mask@https://registry.npmjs.org/@turf/mask/-/mask-7.4.0.tgz 0ms (cache hit)
2925 http cache @turf/line-offset@https://registry.npmjs.org/@turf/line-offset/-/line-offset-7.4.0.tgz 0ms (cache hit)
2926 http cache @turf/line-intersect@https://registry.npmjs.org/@turf/line-intersect/-/line-intersect-7.4.0.tgz 0ms (cache hit)
2927 http cache @turf/line-arc@https://registry.npmjs.org/@turf/line-arc/-/line-arc-7.4.0.tgz 0ms (cache hit)
2928 http cache @turf/length@https://registry.npmjs.org/@turf/length/-/length-7.4.0.tgz 0ms (cache hit)
2929 http cache @turf/line-split@https://registry.npmjs.org/@turf/line-split/-/line-split-7.4.0.tgz 0ms (cache hit)
2930 http cache @turf/line-overlap@https://registry.npmjs.org/@turf/line-overlap/-/line-overlap-7.4.0.tgz 0ms (cache hit)
2931 http cache @turf/kinks@https://registry.npmjs.org/@turf/kinks/-/kinks-7.4.0.tgz 0ms (cache hit)
2932 http cache @turf/isolines@https://registry.npmjs.org/@turf/isolines/-/isolines-7.4.0.tgz 0ms (cache hit)
2933 http cache @turf/line-chunk@https://registry.npmjs.org/@turf/line-chunk/-/line-chunk-7.4.0.tgz 0ms (cache hit)
2934 http cache @turf/intersect@https://registry.npmjs.org/@turf/intersect/-/intersect-7.4.0.tgz 0ms (cache hit)
2935 http cache @turf/invariant@https://registry.npmjs.org/@turf/invariant/-/invariant-7.4.0.tgz 0ms (cache hit)
2936 http cache @turf/isobands@https://registry.npmjs.org/@turf/isobands/-/isobands-7.4.0.tgz 0ms (cache hit)
2937 http cache @turf/interpolate@https://registry.npmjs.org/@turf/interpolate/-/interpolate-7.4.0.tgz 0ms (cache hit)
2938 http cache @turf/hex-grid@https://registry.npmjs.org/@turf/hex-grid/-/hex-grid-7.4.0.tgz 0ms (cache hit)
2939 http cache @turf/line-slice-along@https://registry.npmjs.org/@turf/line-slice-along/-/line-slice-along-7.4.0.tgz 0ms (cache hit)
2940 http cache @turf/helpers@https://registry.npmjs.org/@turf/helpers/-/helpers-7.4.0.tgz 0ms (cache hit)
2941 http cache @turf/geojson-rbush@https://registry.npmjs.org/@turf/geojson-rbush/-/geojson-rbush-7.4.0.tgz 0ms (cache hit)
2942 http cache @turf/flatten@https://registry.npmjs.org/@turf/flatten/-/flatten-7.4.0.tgz 0ms (cache hit)
2943 http cache @turf/explode@https://registry.npmjs.org/@turf/explode/-/explode-7.4.0.tgz 0ms (cache hit)
2944 http cache @turf/envelope@https://registry.npmjs.org/@turf/envelope/-/envelope-7.4.0.tgz 0ms (cache hit)
2945 http cache @turf/great-circle@https://registry.npmjs.org/@turf/great-circle/-/great-circle-7.4.0.tgz 0ms (cache hit)
2946 http cache @turf/distance-weight@https://registry.npmjs.org/@turf/distance-weight/-/distance-weight-7.4.0.tgz 0ms (cache hit)
2947 http cache @turf/ellipse@https://registry.npmjs.org/@turf/ellipse/-/ellipse-7.4.0.tgz 0ms (cache hit)
2948 http cache @turf/directional-mean@https://registry.npmjs.org/@turf/directional-mean/-/directional-mean-7.4.0.tgz 0ms (cache hit)
2949 http cache @turf/dissolve@https://registry.npmjs.org/@turf/dissolve/-/dissolve-7.4.0.tgz 0ms (cache hit)
2950 http cache @turf/difference@https://registry.npmjs.org/@turf/difference/-/difference-7.4.0.tgz 0ms (cache hit)
2951 http cache @turf/distance@https://registry.npmjs.org/@turf/distance/-/distance-7.4.0.tgz 0ms (cache hit)
2952 http cache @turf/destination@https://registry.npmjs.org/@turf/destination/-/destination-7.4.0.tgz 0ms (cache hit)
2953 http cache @turf/flip@https://registry.npmjs.org/@turf/flip/-/flip-7.4.0.tgz 0ms (cache hit)
2954 http cache @turf/clusters-kmeans@https://registry.npmjs.org/@turf/clusters-kmeans/-/clusters-kmeans-7.4.0.tgz 0ms (cache hit)
2955 http cache @turf/collect@https://registry.npmjs.org/@turf/collect/-/collect-7.4.0.tgz 0ms (cache hit)
2956 http cache @turf/concave@https://registry.npmjs.org/@turf/concave/-/concave-7.4.0.tgz 0ms (cache hit)
2957 http cache @turf/clusters@https://registry.npmjs.org/@turf/clusters/-/clusters-7.4.0.tgz 0ms (cache hit)
2958 http cache @turf/combine@https://registry.npmjs.org/@turf/combine/-/combine-7.4.0.tgz 0ms (cache hit)
2959 http cache @turf/clean-coords@https://registry.npmjs.org/@turf/clean-coords/-/clean-coords-7.4.0.tgz 0ms (cache hit)
2960 http cache @turf/convex@https://registry.npmjs.org/@turf/convex/-/convex-7.4.0.tgz 0ms (cache hit)
2961 http cache @turf/clusters-dbscan@https://registry.npmjs.org/@turf/clusters-dbscan/-/clusters-dbscan-7.4.0.tgz 0ms (cache hit)
2962 http cache @turf/clone@https://registry.npmjs.org/@turf/clone/-/clone-7.4.0.tgz 0ms (cache hit)
2963 http cache @turf/circle@https://registry.npmjs.org/@turf/circle/-/circle-7.4.0.tgz 0ms (cache hit)
2964 http cache @turf/centroid@https://registry.npmjs.org/@turf/centroid/-/centroid-7.4.0.tgz 0ms (cache hit)
2965 http cache @turf/center-median@https://registry.npmjs.org/@turf/center-median/-/center-median-7.4.0.tgz 0ms (cache hit)
2966 http cache @turf/center-mean@https://registry.npmjs.org/@turf/center-mean/-/center-mean-7.4.0.tgz 0ms (cache hit)
2967 http cache @turf/center@https://registry.npmjs.org/@turf/center/-/center-7.4.0.tgz 0ms (cache hit)
2968 http cache @turf/center-of-mass@https://registry.npmjs.org/@turf/center-of-mass/-/center-of-mass-7.4.0.tgz 0ms (cache hit)
2969 http cache @turf/boolean-touches@https://registry.npmjs.org/@turf/boolean-touches/-/boolean-touches-7.4.0.tgz 0ms (cache hit)
2970 http cache @turf/boolean-point-in-polygon@https://registry.npmjs.org/@turf/boolean-point-in-polygon/-/boolean-point-in-polygon-7.4.0.tgz 0ms (cache hit)
2971 http cache @turf/boolean-point-on-line@https://registry.npmjs.org/@turf/boolean-point-on-line/-/boolean-point-on-line-7.4.0.tgz 0ms (cache hit)
2972 http cache @turf/boolean-valid@https://registry.npmjs.org/@turf/boolean-valid/-/boolean-valid-7.4.0.tgz 0ms (cache hit)
2973 http cache @turf/boolean-parallel@https://registry.npmjs.org/@turf/boolean-parallel/-/boolean-parallel-7.4.0.tgz 0ms (cache hit)
2974 http cache @turf/boolean-within@https://registry.npmjs.org/@turf/boolean-within/-/boolean-within-7.4.0.tgz 0ms (cache hit)
2975 http cache @turf/boolean-equal@https://registry.npmjs.org/@turf/boolean-equal/-/boolean-equal-7.4.0.tgz 0ms (cache hit)
2976 http cache @turf/buffer@https://registry.npmjs.org/@turf/buffer/-/buffer-7.4.0.tgz 0ms (cache hit)
2977 http cache @turf/boolean-disjoint@https://registry.npmjs.org/@turf/boolean-disjoint/-/boolean-disjoint-7.4.0.tgz 0ms (cache hit)
2978 http cache @turf/boolean-crosses@https://registry.npmjs.org/@turf/boolean-crosses/-/boolean-crosses-7.4.0.tgz 0ms (cache hit)
2979 http cache @turf/boolean-intersects@https://registry.npmjs.org/@turf/boolean-intersects/-/boolean-intersects-7.4.0.tgz 0ms (cache hit)
2980 http cache @turf/boolean-contains@https://registry.npmjs.org/@turf/boolean-contains/-/boolean-contains-7.4.0.tgz 0ms (cache hit)
2981 http cache @turf/boolean-concave@https://registry.npmjs.org/@turf/boolean-concave/-/boolean-concave-7.4.0.tgz 0ms (cache hit)
2982 http cache @turf/boolean-clockwise@https://registry.npmjs.org/@turf/boolean-clockwise/-/boolean-clockwise-7.4.0.tgz 0ms (cache hit)
2983 http cache @turf/bearing@https://registry.npmjs.org/@turf/bearing/-/bearing-7.4.0.tgz 0ms (cache hit)
2984 http cache @turf/boolean-overlap@https://registry.npmjs.org/@turf/boolean-overlap/-/boolean-overlap-7.4.0.tgz 0ms (cache hit)
2985 http cache @turf/bezier-spline@https://registry.npmjs.org/@turf/bezier-spline/-/bezier-spline-7.4.0.tgz 0ms (cache hit)
2986 http cache @turf/bbox-polygon@https://registry.npmjs.org/@turf/bbox-polygon/-/bbox-polygon-7.4.0.tgz 0ms (cache hit)
2987 http cache @turf/bbox-clip@https://registry.npmjs.org/@turf/bbox-clip/-/bbox-clip-7.4.0.tgz 0ms (cache hit)
2988 http cache @turf/area@https://registry.npmjs.org/@turf/area/-/area-7.4.0.tgz 0ms (cache hit)
2989 http cache @turf/angle@https://registry.npmjs.org/@turf/angle/-/angle-7.4.0.tgz 0ms (cache hit)
2990 http cache tailwind-merge@https://registry.npmjs.org/tailwind-merge/-/tailwind-merge-2.6.1.tgz 0ms (cache hit)
2991 http cache tailwindcss@https://registry.npmjs.org/tailwindcss/-/tailwindcss-3.4.19.tgz 0ms (cache hit)
2992 http cache react-router-dom@https://registry.npmjs.org/react-router-dom/-/react-router-dom-6.30.4.tgz 0ms (cache hit)
2993 http cache react-leaflet@https://registry.npmjs.org/react-leaflet/-/react-leaflet-4.2.1.tgz 0ms (cache hit)
2994 http cache @turf/along@https://registry.npmjs.org/@turf/along/-/along-7.4.0.tgz 0ms (cache hit)
2995 http cache recharts@https://registry.npmjs.org/recharts/-/recharts-2.15.4.tgz 0ms (cache hit)
2996 http cache @turf/bbox@https://registry.npmjs.org/@turf/bbox/-/bbox-7.4.0.tgz 0ms (cache hit)
2997 http cache react@https://registry.npmjs.org/react/-/react-18.3.1.tgz 0ms (cache hit)
2998 http cache react-dom@https://registry.npmjs.org/react-dom/-/react-dom-18.3.1.tgz 0ms (cache hit)
2999 http cache leaflet@https://registry.npmjs.org/leaflet/-/leaflet-1.9.4.tgz 0ms (cache hit)
3000 http cache lucide-react@https://registry.npmjs.org/lucide-react/-/lucide-react-0.427.0.tgz 0ms (cache hit)
3001 http cache dotenv@https://registry.npmjs.org/dotenv/-/dotenv-16.6.1.tgz 0ms (cache hit)
3002 http cache leaflet-routing-machine@https://registry.npmjs.org/leaflet-routing-machine/-/leaflet-routing-machine-3.2.12.tgz 0ms (cache hit)
3003 http cache nodemailer@https://registry.npmjs.org/nodemailer/-/nodemailer-6.10.1.tgz 0ms (cache hit)
3004 http cache express@https://registry.npmjs.org/express/-/express-4.22.2.tgz 0ms (cache hit)
3005 http cache cors@https://registry.npmjs.org/cors/-/cors-2.8.6.tgz 0ms (cache hit)
3006 http cache clsx@https://registry.npmjs.org/clsx/-/clsx-2.1.1.tgz 0ms (cache hit)
3007 http cache concurrently@https://registry.npmjs.org/concurrently/-/concurrently-8.2.2.tgz 0ms (cache hit)
3008 http cache postcss@https://registry.npmjs.org/postcss/-/postcss-8.5.26.tgz 0ms (cache hit)
3009 http cache autoprefixer@https://registry.npmjs.org/autoprefixer/-/autoprefixer-10.5.4.tgz 0ms (cache hit)
3010 http cache @vitejs/plugin-react@https://registry.npmjs.org/@vitejs/plugin-react/-/plugin-react-4.7.0.tgz 0ms (cache hit)
3011 http cache vite@https://registry.npmjs.org/vite/-/vite-5.4.21.tgz 0ms (cache hit)
3012 http cache @turf/turf@https://registry.npmjs.org/@turf/turf/-/turf-7.4.0.tgz 0ms (cache hit)
3013 http cache @types/react-dom@https://registry.npmjs.org/@types/react-dom/-/react-dom-18.3.7.tgz 0ms (cache hit)
3014 http cache @types/react@https://registry.npmjs.org/@types/react/-/react-18.3.31.tgz 0ms (cache hit)
3015 http cache picomatch@https://registry.npmjs.org/picomatch/-/picomatch-4.0.5.tgz 0ms (cache hit)
3016 http cache fdir@https://registry.npmjs.org/fdir/-/fdir-6.5.0.tgz 0ms (cache hit)
3017 http cache glob-parent@https://registry.npmjs.org/glob-parent/-/glob-parent-5.1.2.tgz 0ms (cache hit)
3018 http cache glob-parent@https://registry.npmjs.org/glob-parent/-/glob-parent-5.1.2.tgz 0ms (cache hit)
3019 http cache d3-array@https://registry.npmjs.org/d3-array/-/d3-array-3.2.4.tgz 0ms (cache hit)
3020 http cache react-is@https://registry.npmjs.org/react-is/-/react-is-16.13.1.tgz 0ms (cache hit)
3021 http cache ms@https://registry.npmjs.org/ms/-/ms-2.0.0.tgz 0ms (cache hit)
3022 http cache debug@https://registry.npmjs.org/debug/-/debug-2.6.9.tgz 0ms (cache hit)
3023 http cache debug@https://registry.npmjs.org/debug/-/debug-2.6.9.tgz 0ms (cache hit)
3024 http cache ms@https://registry.npmjs.org/ms/-/ms-2.0.0.tgz 0ms (cache hit)
3025 http cache debug@https://registry.npmjs.org/debug/-/debug-2.6.9.tgz 0ms (cache hit)
3026 http cache supports-color@https://registry.npmjs.org/supports-color/-/supports-color-7.2.0.tgz 0ms (cache hit)
3027 http cache ms@https://registry.npmjs.org/ms/-/ms-2.0.0.tgz 0ms (cache hit)
3028 http cache commander@https://registry.npmjs.org/commander/-/commander-2.20.3.tgz 0ms (cache hit)
3029 http cache rbush@https://registry.npmjs.org/rbush/-/rbush-2.0.2.tgz 0ms (cache hit)
3030 http cache quickselect@https://registry.npmjs.org/quickselect/-/quickselect-1.1.1.tgz 0ms (cache hit)
3031 http cache robust-predicates@https://registry.npmjs.org/robust-predicates/-/robust-predicates-3.0.3.tgz 0ms (cache hit)
3032 http cache commander@https://registry.npmjs.org/commander/-/commander-2.20.3.tgz 0ms (cache hit)
3033 silly tarball no local data for ansi-regex@https://registry.npmjs.org/ansi-regex/-/ansi-regex-5.0.1.tgz. Extracting by manifest.
3034 silly tarball no local data for wrap-ansi@https://registry.npmjs.org/wrap-ansi/-/wrap-ansi-7.0.0.tgz. Extracting by manifest.
3035 silly tarball no local data for is-fullwidth-code-point@https://registry.npmjs.org/is-fullwidth-code-point/-/is-fullwidth-code-point-3.0.0.tgz. Extracting by manifest.
3036 silly tarball no local data for strip-ansi@https://registry.npmjs.org/strip-ansi/-/strip-ansi-6.0.1.tgz. Extracting by manifest.
3037 silly tarball no local data for yargs-parser@https://registry.npmjs.org/yargs-parser/-/yargs-parser-21.1.1.tgz. Extracting by manifest.
3038 silly tarball no local data for y18n@https://registry.npmjs.org/y18n/-/y18n-5.0.8.tgz. Extracting by manifest.
3039 silly tarball no local data for string-width@https://registry.npmjs.org/string-width/-/string-width-4.2.3.tgz. Extracting by manifest.
3040 silly tarball no local data for require-directory@https://registry.npmjs.org/require-directory/-/require-directory-2.1.1.tgz. Extracting by manifest.
3041 silly tarball no local data for get-caller-file@https://registry.npmjs.org/get-caller-file/-/get-caller-file-2.0.5.tgz. Extracting by manifest.
3042 silly tarball no local data for cliui@https://registry.npmjs.org/cliui/-/cliui-8.0.1.tgz. Extracting by manifest.
3043 silly tarball no local data for @types/estree@https://registry.npmjs.org/@types/estree/-/estree-1.0.9.tgz. Extracting by manifest.
3044 silly tarball no local data for @rollup/rollup-darwin-arm64@https://registry.npmjs.org/@rollup/rollup-darwin-arm64/-/rollup-darwin-arm64-4.62.4.tgz. Extracting by manifest.
3045 http cache ms@https://registry.npmjs.org/ms/-/ms-2.0.0.tgz 0ms (cache hit)
3046 silly tarball no local data for emoji-regex@https://registry.npmjs.org/emoji-regex/-/emoji-regex-8.0.0.tgz. Extracting by manifest.
3047 silly tarball no local data for rollup@https://registry.npmjs.org/rollup/-/rollup-4.62.4.tgz. Extracting by manifest.
3048 silly tarball no local data for esbuild@https://registry.npmjs.org/esbuild/-/esbuild-0.21.5.tgz. Extracting by manifest.
3049 http cache debug@https://registry.npmjs.org/debug/-/debug-2.6.9.tgz 0ms (cache hit)
3050 silly tarball no local data for d3-time-format@https://registry.npmjs.org/d3-time-format/-/d3-time-format-4.1.0.tgz. Extracting by manifest.
3051 silly tarball no local data for d3-color@https://registry.npmjs.org/d3-color/-/d3-color-3.1.0.tgz. Extracting by manifest.
3052 silly tarball no local data for d3-format@https://registry.npmjs.org/d3-format/-/d3-format-3.1.2.tgz. Extracting by manifest.
3053 silly tarball no local data for @types/d3-color@https://registry.npmjs.org/@types/d3-color/-/d3-color-3.1.3.tgz. Extracting by manifest.
3054 silly tarball no local data for @esbuild/darwin-arm64@https://registry.npmjs.org/@esbuild/darwin-arm64/-/darwin-arm64-0.21.5.tgz. Extracting by manifest.
3055 silly tarball no local data for d3-time@https://registry.npmjs.org/d3-time/-/d3-time-3.1.0.tgz. Extracting by manifest.
3056 silly tarball no local data for @types/d3-path@https://registry.npmjs.org/@types/d3-path/-/d3-path-3.1.1.tgz. Extracting by manifest.
3057 silly tarball no local data for d3-timer@https://registry.npmjs.org/d3-timer/-/d3-timer-3.0.1.tgz. Extracting by manifest.
3058 silly tarball no local data for d3-scale@https://registry.npmjs.org/d3-scale/-/d3-scale-4.0.2.tgz. Extracting by manifest.
3059 silly tarball no local data for d3-interpolate@https://registry.npmjs.org/d3-interpolate/-/d3-interpolate-3.0.1.tgz. Extracting by manifest.
3060 silly tarball no local data for d3-shape@https://registry.npmjs.org/d3-shape/-/d3-shape-3.2.0.tgz. Extracting by manifest.
3061 silly tarball no local data for @types/d3-timer@https://registry.npmjs.org/@types/d3-timer/-/d3-timer-3.0.2.tgz. Extracting by manifest.
3062 silly tarball no local data for @types/d3-time@https://registry.npmjs.org/@types/d3-time/-/d3-time-3.0.4.tgz. Extracting by manifest.
3063 silly tarball no local data for d3-path@https://registry.npmjs.org/d3-path/-/d3-path-3.1.0.tgz. Extracting by manifest.
3064 silly tarball no local data for @types/d3-shape@https://registry.npmjs.org/@types/d3-shape/-/d3-shape-3.1.8.tgz. Extracting by manifest.
3065 silly tarball no local data for @types/d3-scale@https://registry.npmjs.org/@types/d3-scale/-/d3-scale-4.0.9.tgz. Extracting by manifest.
3066 silly tarball no local data for @types/d3-interpolate@https://registry.npmjs.org/@types/d3-interpolate/-/d3-interpolate-3.0.4.tgz. Extracting by manifest.
3067 silly tarball no local data for d3-ease@https://registry.npmjs.org/d3-ease/-/d3-ease-3.0.1.tgz. Extracting by manifest.
3068 silly tarball no local data for @types/d3-ease@https://registry.npmjs.org/@types/d3-ease/-/d3-ease-3.0.2.tgz. Extracting by manifest.
3069 silly tarball no local data for @types/d3-array@https://registry.npmjs.org/@types/d3-array/-/d3-array-3.2.2.tgz. Extracting by manifest.
3070 silly tarball no local data for is-number@https://registry.npmjs.org/is-number/-/is-number-7.0.0.tgz. Extracting by manifest.
3071 silly tarball no local data for media-typer@https://registry.npmjs.org/media-typer/-/media-typer-0.3.0.tgz. Extracting by manifest.
3072 silly tarball no local data for thenify-all@https://registry.npmjs.org/thenify-all/-/thenify-all-1.6.0.tgz. Extracting by manifest.
3073 silly tarball no local data for any-promise@https://registry.npmjs.org/any-promise/-/any-promise-1.3.0.tgz. Extracting by manifest.
3074 silly tarball no local data for thenify@https://registry.npmjs.org/thenify/-/thenify-3.3.1.tgz. Extracting by manifest.
3075 silly tarball no local data for ts-interface-checker@https://registry.npmjs.org/ts-interface-checker/-/ts-interface-checker-0.1.13.tgz. Extracting by manifest.
3076 silly tarball no local data for escalade@https://registry.npmjs.org/escalade/-/escalade-3.2.0.tgz. Extracting by manifest.
3077 silly tarball no local data for pirates@https://registry.npmjs.org/pirates/-/pirates-4.0.7.tgz. Extracting by manifest.
3078 silly tarball no local data for tinyglobby@https://registry.npmjs.org/tinyglobby/-/tinyglobby-0.2.17.tgz. Extracting by manifest.
3079 silly tarball no local data for mz@https://registry.npmjs.org/mz/-/mz-2.7.0.tgz. Extracting by manifest.
3080 silly tarball no local data for commander@https://registry.npmjs.org/commander/-/commander-4.1.1.tgz. Extracting by manifest.
3081 silly tarball no local data for queue-microtask@https://registry.npmjs.org/queue-microtask/-/queue-microtask-1.2.3.tgz. Extracting by manifest.
3082 silly tarball no local data for supports-preserve-symlinks-flag@https://registry.npmjs.org/supports-preserve-symlinks-flag/-/supports-preserve-symlinks-flag-1.0.0.tgz. Extracting by manifest.
3083 silly tarball no local data for path-parse@https://registry.npmjs.org/path-parse/-/path-parse-1.0.7.tgz. Extracting by manifest.
3084 silly tarball no local data for lines-and-columns@https://registry.npmjs.org/lines-and-columns/-/lines-and-columns-1.2.4.tgz. Extracting by manifest.
3085 silly tarball no local data for pify@https://registry.npmjs.org/pify/-/pify-2.3.0.tgz. Extracting by manifest.
3086 silly tarball no local data for util-deprecate@https://registry.npmjs.org/util-deprecate/-/util-deprecate-1.0.2.tgz. Extracting by manifest.
3087 silly tarball no local data for camelcase-css@https://registry.npmjs.org/camelcase-css/-/camelcase-css-2.0.1.tgz. Extracting by manifest.
3088 silly tarball no local data for is-core-module@https://registry.npmjs.org/is-core-module/-/is-core-module-2.16.2.tgz. Extracting by manifest.
3089 silly tarball no local data for cssesc@https://registry.npmjs.org/cssesc/-/cssesc-3.0.0.tgz. Extracting by manifest.
3090 silly tarball no local data for read-cache@https://registry.npmjs.org/read-cache/-/read-cache-1.0.0.tgz. Extracting by manifest.
3091 silly tarball no local data for binary-extensions@https://registry.npmjs.org/binary-extensions/-/binary-extensions-2.3.0.tgz. Extracting by manifest.
3092 silly tarball no local data for reusify@https://registry.npmjs.org/reusify/-/reusify-1.1.0.tgz. Extracting by manifest.
3093 silly tarball no local data for fastq@https://registry.npmjs.org/fastq/-/fastq-1.20.1.tgz. Extracting by manifest.
3094 silly tarball no local data for @nodelib/fs.scandir@https://registry.npmjs.org/@nodelib/fs.scandir/-/fs.scandir-2.1.5.tgz. Extracting by manifest.
3095 silly tarball no local data for run-parallel@https://registry.npmjs.org/run-parallel/-/run-parallel-1.2.0.tgz. Extracting by manifest.
3096 silly tarball no local data for merge2@https://registry.npmjs.org/merge2/-/merge2-1.4.1.tgz. Extracting by manifest.
3097 silly tarball no local data for @nodelib/fs.walk@https://registry.npmjs.org/@nodelib/fs.walk/-/fs.walk-1.2.8.tgz. Extracting by manifest.
3098 silly tarball no local data for @nodelib/fs.stat@https://registry.npmjs.org/@nodelib/fs.stat/-/fs.stat-2.0.5.tgz. Extracting by manifest.
3099 silly tarball no local data for to-regex-range@https://registry.npmjs.org/to-regex-range/-/to-regex-range-5.0.1.tgz. Extracting by manifest.
3100 silly tarball no local data for fill-range@https://registry.npmjs.org/fill-range/-/fill-range-7.1.1.tgz. Extracting by manifest.
3101 silly tarball no local data for picomatch@https://registry.npmjs.org/picomatch/-/picomatch-2.3.2.tgz. Extracting by manifest.
3102 silly tarball no local data for readdirp@https://registry.npmjs.org/readdirp/-/readdirp-3.6.0.tgz. Extracting by manifest.
3103 silly tarball no local data for is-binary-path@https://registry.npmjs.org/is-binary-path/-/is-binary-path-2.1.0.tgz. Extracting by manifest.
3104 silly tarball no local data for fsevents@https://registry.npmjs.org/fsevents/-/fsevents-2.3.3.tgz. Extracting by manifest.
3105 silly tarball no local data for braces@https://registry.npmjs.org/braces/-/braces-3.0.3.tgz. Extracting by manifest.
3106 silly tarball no local data for anymatch@https://registry.npmjs.org/anymatch/-/anymatch-3.1.3.tgz. Extracting by manifest.
3107 silly tarball no local data for sucrase@https://registry.npmjs.org/sucrase/-/sucrase-3.35.1.tgz. Extracting by manifest.
3108 silly tarball no local data for resolve@https://registry.npmjs.org/resolve/-/resolve-1.22.12.tgz. Extracting by manifest.
3109 silly tarball no local data for postcss-selector-parser@https://registry.npmjs.org/postcss-selector-parser/-/postcss-selector-parser-6.1.4.tgz. Extracting by manifest.
3110 silly tarball no local data for postcss-nested@https://registry.npmjs.org/postcss-nested/-/postcss-nested-6.2.0.tgz. Extracting by manifest.
3111 silly tarball no local data for postcss-load-config@https://registry.npmjs.org/postcss-load-config/-/postcss-load-config-6.0.1.tgz. Extracting by manifest.
3112 silly tarball no local data for postcss-js@https://registry.npmjs.org/postcss-js/-/postcss-js-4.1.0.tgz. Extracting by manifest.
3113 silly tarball no local data for postcss-import@https://registry.npmjs.org/postcss-import/-/postcss-import-15.1.0.tgz. Extracting by manifest.
3114 silly tarball no local data for is-extglob@https://registry.npmjs.org/is-extglob/-/is-extglob-2.1.1.tgz. Extracting by manifest.
3115 silly tarball no local data for object-hash@https://registry.npmjs.org/object-hash/-/object-hash-3.0.0.tgz. Extracting by manifest.
3116 silly tarball no local data for normalize-path@https://registry.npmjs.org/normalize-path/-/normalize-path-3.0.0.tgz. Extracting by manifest.
3117 silly tarball no local data for micromatch@https://registry.npmjs.org/micromatch/-/micromatch-4.0.8.tgz. Extracting by manifest.
3118 silly tarball no local data for is-glob@https://registry.npmjs.org/is-glob/-/is-glob-4.0.3.tgz. Extracting by manifest.
3119 silly tarball no local data for glob-parent@https://registry.npmjs.org/glob-parent/-/glob-parent-6.0.2.tgz. Extracting by manifest.
3120 silly tarball no local data for jiti@https://registry.npmjs.org/jiti/-/jiti-1.21.7.tgz. Extracting by manifest.
3121 silly tarball no local data for fast-glob@https://registry.npmjs.org/fast-glob/-/fast-glob-3.3.3.tgz. Extracting by manifest.
3122 silly tarball no local data for dlv@https://registry.npmjs.org/dlv/-/dlv-1.1.3.tgz. Extracting by manifest.
3123 silly tarball no local data for didyoumean@https://registry.npmjs.org/didyoumean/-/didyoumean-1.2.2.tgz. Extracting by manifest.
3124 silly tarball no local data for chokidar@https://registry.npmjs.org/chokidar/-/chokidar-3.6.0.tgz. Extracting by manifest.
3125 silly tarball no local data for arg@https://registry.npmjs.org/arg/-/arg-5.0.2.tgz. Extracting by manifest.
3126 silly tarball no local data for has-flag@https://registry.npmjs.org/has-flag/-/has-flag-4.0.0.tgz. Extracting by manifest.
3127 silly tarball no local data for @alloc/quick-lru@https://registry.npmjs.org/@alloc/quick-lru/-/quick-lru-5.2.0.tgz. Extracting by manifest.
3128 silly tarball no local data for dunder-proto@https://registry.npmjs.org/dunder-proto/-/dunder-proto-1.0.1.tgz. Extracting by manifest.
3129 silly tarball no local data for math-intrinsics@https://registry.npmjs.org/math-intrinsics/-/math-intrinsics-1.1.0.tgz. Extracting by manifest.
3130 silly tarball no local data for has-symbols@https://registry.npmjs.org/has-symbols/-/has-symbols-1.1.0.tgz. Extracting by manifest.
3131 silly tarball no local data for hasown@https://registry.npmjs.org/hasown/-/hasown-2.0.4.tgz. Extracting by manifest.
3132 silly tarball no local data for lilconfig@https://registry.npmjs.org/lilconfig/-/lilconfig-3.1.3.tgz. Extracting by manifest.
3133 silly tarball no local data for get-proto@https://registry.npmjs.org/get-proto/-/get-proto-1.0.1.tgz. Extracting by manifest.
3134 silly tarball no local data for gopd@https://registry.npmjs.org/gopd/-/gopd-1.2.0.tgz. Extracting by manifest.
3135 silly tarball no local data for get-intrinsic@https://registry.npmjs.org/get-intrinsic/-/get-intrinsic-1.3.0.tgz. Extracting by manifest.
3136 silly tarball no local data for function-bind@https://registry.npmjs.org/function-bind/-/function-bind-1.1.2.tgz. Extracting by manifest.
3137 silly tarball no local data for call-bound@https://registry.npmjs.org/call-bound/-/call-bound-1.0.4.tgz. Extracting by manifest.
3138 silly tarball no local data for side-channel-weakmap@https://registry.npmjs.org/side-channel-weakmap/-/side-channel-weakmap-1.0.2.tgz. Extracting by manifest.
3139 silly tarball no local data for side-channel-list@https://registry.npmjs.org/side-channel-list/-/side-channel-list-1.0.1.tgz. Extracting by manifest.
3140 silly tarball no local data for side-channel-map@https://registry.npmjs.org/side-channel-map/-/side-channel-map-1.0.1.tgz. Extracting by manifest.
3141 silly tarball no local data for object-inspect@https://registry.npmjs.org/object-inspect/-/object-inspect-1.13.4.tgz. Extracting by manifest.
3142 silly tarball no local data for es-errors@https://registry.npmjs.org/es-errors/-/es-errors-1.3.0.tgz. Extracting by manifest.
3143 silly tarball no local data for mime@https://registry.npmjs.org/mime/-/mime-1.6.0.tgz. Extracting by manifest.
3144 silly tarball no local data for decimal.js-light@https://registry.npmjs.org/decimal.js-light/-/decimal.js-light-2.5.1.tgz. Extracting by manifest.
3145 silly tarball no local data for call-bind-apply-helpers@https://registry.npmjs.org/call-bind-apply-helpers/-/call-bind-apply-helpers-1.0.2.tgz. Extracting by manifest.
3146 silly tarball no local data for dom-helpers@https://registry.npmjs.org/dom-helpers/-/dom-helpers-5.2.1.tgz. Extracting by manifest.
3147 silly tarball no local data for react-transition-group@https://registry.npmjs.org/react-transition-group/-/react-transition-group-4.4.5.tgz. Extracting by manifest.
3148 silly tarball no local data for prop-types@https://registry.npmjs.org/prop-types/-/prop-types-15.8.1.tgz. Extracting by manifest.
3149 silly tarball no local data for fast-equals@https://registry.npmjs.org/fast-equals/-/fast-equals-5.4.1.tgz. Extracting by manifest.
3150 silly tarball no local data for es-object-atoms@https://registry.npmjs.org/es-object-atoms/-/es-object-atoms-1.1.2.tgz. Extracting by manifest.
3151 silly tarball no local data for tiny-invariant@https://registry.npmjs.org/tiny-invariant/-/tiny-invariant-1.3.3.tgz. Extracting by manifest.
3152 silly tarball no local data for react-smooth@https://registry.npmjs.org/react-smooth/-/react-smooth-4.0.4.tgz. Extracting by manifest.
3153 silly tarball no local data for react-is@https://registry.npmjs.org/react-is/-/react-is-18.3.1.tgz. Extracting by manifest.
3154 silly tarball no local data for eventemitter3@https://registry.npmjs.org/eventemitter3/-/eventemitter3-4.0.7.tgz. Extracting by manifest.
3155 silly tarball no local data for recharts-scale@https://registry.npmjs.org/recharts-scale/-/recharts-scale-0.4.5.tgz. Extracting by manifest.
3156 silly tarball no local data for @remix-run/router@https://registry.npmjs.org/@remix-run/router/-/router-1.23.3.tgz. Extracting by manifest.
3157 silly tarball no local data for react-router@https://registry.npmjs.org/react-router/-/react-router-6.30.4.tgz. Extracting by manifest.
3158 silly tarball no local data for scheduler@https://registry.npmjs.org/scheduler/-/scheduler-0.23.2.tgz. Extracting by manifest.
3159 silly tarball no local data for @react-leaflet/core@https://registry.npmjs.org/@react-leaflet/core/-/core-2.1.0.tgz. Extracting by manifest.
3160 silly tarball no local data for loose-envify@https://registry.npmjs.org/loose-envify/-/loose-envify-1.4.0.tgz. Extracting by manifest.
3161 silly tarball no local data for victory-vendor@https://registry.npmjs.org/victory-vendor/-/victory-vendor-36.9.2.tgz. Extracting by manifest.
3162 silly tarball no local data for quickselect@https://registry.npmjs.org/quickselect/-/quickselect-2.0.0.tgz. Extracting by manifest.
3163 silly tarball no local data for es-define-property@https://registry.npmjs.org/es-define-property/-/es-define-property-1.0.1.tgz. Extracting by manifest.
3164 silly tarball no local data for side-channel@https://registry.npmjs.org/side-channel/-/side-channel-1.1.1.tgz. Extracting by manifest.
3165 silly tarball no local data for forwarded@https://registry.npmjs.org/forwarded/-/forwarded-0.2.0.tgz. Extracting by manifest.
3166 silly tarball no local data for source-map-js@https://registry.npmjs.org/source-map-js/-/source-map-js-1.2.1.tgz. Extracting by manifest.
3167 silly tarball no local data for nanoid@https://registry.npmjs.org/nanoid/-/nanoid-3.3.17.tgz. Extracting by manifest.
3168 silly tarball no local data for splaytree-ts@https://registry.npmjs.org/splaytree-ts/-/splaytree-ts-1.0.2.tgz. Extracting by manifest.
3169 silly tarball no local data for bignumber.js@https://registry.npmjs.org/bignumber.js/-/bignumber.js-9.3.1.tgz. Extracting by manifest.
3170 silly tarball no local data for mime-db@https://registry.npmjs.org/mime-db/-/mime-db-1.52.0.tgz. Extracting by manifest.
3171 silly tarball no local data for ee-first@https://registry.npmjs.org/ee-first/-/ee-first-1.1.1.tgz. Extracting by manifest.
3172 silly tarball no local data for ipaddr.js@https://registry.npmjs.org/ipaddr.js/-/ipaddr.js-1.9.1.tgz. Extracting by manifest.
3173 silly tarball no local data for yallist@https://registry.npmjs.org/yallist/-/yallist-3.1.1.tgz. Extracting by manifest.
3174 silly tarball no local data for safer-buffer@https://registry.npmjs.org/safer-buffer/-/safer-buffer-2.1.2.tgz. Extracting by manifest.
3175 silly tarball no local data for osrm-text-instructions@https://registry.npmjs.org/osrm-text-instructions/-/osrm-text-instructions-0.13.4.tgz. Extracting by manifest.
3176 silly tarball no local data for @mapbox/corslite@https://registry.npmjs.org/@mapbox/corslite/-/corslite-0.0.7.tgz. Extracting by manifest.
3177 silly tarball no local data for toidentifier@https://registry.npmjs.org/toidentifier/-/toidentifier-1.0.1.tgz. Extracting by manifest.
3178 silly tarball no local data for @mapbox/polyline@https://registry.npmjs.org/@mapbox/polyline/-/polyline-0.2.0.tgz. Extracting by manifest.
3179 silly tarball no local data for unpipe@https://registry.npmjs.org/unpipe/-/unpipe-1.0.0.tgz. Extracting by manifest.
3180 silly tarball no local data for raw-body@https://registry.npmjs.org/raw-body/-/raw-body-2.5.3.tgz. Extracting by manifest.
3181 silly tarball no local data for inherits@https://registry.npmjs.org/inherits/-/inherits-2.0.4.tgz. Extracting by manifest.
3182 silly tarball no local data for negotiator@https://registry.npmjs.org/negotiator/-/negotiator-0.6.3.tgz. Extracting by manifest.
3183 silly tarball no local data for bytes@https://registry.npmjs.org/bytes/-/bytes-3.1.2.tgz. Extracting by manifest.
3184 silly tarball no local data for iconv-lite@https://registry.npmjs.org/iconv-lite/-/iconv-lite-0.4.24.tgz. Extracting by manifest.
3185 silly tarball no local data for mime-types@https://registry.npmjs.org/mime-types/-/mime-types-2.1.35.tgz. Extracting by manifest.
3186 silly tarball no local data for utils-merge@https://registry.npmjs.org/utils-merge/-/utils-merge-1.0.1.tgz. Extracting by manifest.
3187 silly tarball no local data for type-is@https://registry.npmjs.org/type-is/-/type-is-1.6.18.tgz. Extracting by manifest.
3188 silly tarball no local data for destroy@https://registry.npmjs.org/destroy/-/destroy-1.2.0.tgz. Extracting by manifest.
3189 silly tarball no local data for statuses@https://registry.npmjs.org/statuses/-/statuses-2.0.2.tgz. Extracting by manifest.
3190 silly tarball no local data for safe-buffer@https://registry.npmjs.org/safe-buffer/-/safe-buffer-5.2.1.tgz. Extracting by manifest.
3191 silly tarball no local data for setprototypeof@https://registry.npmjs.org/setprototypeof/-/setprototypeof-1.2.0.tgz. Extracting by manifest.
3192 silly tarball no local data for send@https://registry.npmjs.org/send/-/send-0.19.2.tgz. Extracting by manifest.
3193 silly tarball no local data for range-parser@https://registry.npmjs.org/range-parser/-/range-parser-1.2.1.tgz. Extracting by manifest.
3194 silly tarball no local data for serve-static@https://registry.npmjs.org/serve-static/-/serve-static-1.16.3.tgz. Extracting by manifest.
3195 silly tarball no local data for proxy-addr@https://registry.npmjs.org/proxy-addr/-/proxy-addr-2.0.7.tgz. Extracting by manifest.
3196 silly tarball no local data for qs@https://registry.npmjs.org/qs/-/qs-6.15.3.tgz. Extracting by manifest.
3197 silly tarball no local data for path-to-regexp@https://registry.npmjs.org/path-to-regexp/-/path-to-regexp-0.1.13.tgz. Extracting by manifest.
3198 silly tarball no local data for methods@https://registry.npmjs.org/methods/-/methods-1.1.2.tgz. Extracting by manifest.
3199 silly tarball no local data for on-finished@https://registry.npmjs.org/on-finished/-/on-finished-2.4.1.tgz. Extracting by manifest.
3200 silly tarball no local data for merge-descriptors@https://registry.npmjs.org/merge-descriptors/-/merge-descriptors-1.0.3.tgz. Extracting by manifest.
3201 silly tarball no local data for http-errors@https://registry.npmjs.org/http-errors/-/http-errors-2.0.1.tgz. Extracting by manifest.
3202 silly tarball no local data for fresh@https://registry.npmjs.org/fresh/-/fresh-0.5.2.tgz. Extracting by manifest.
3203 silly tarball no local data for finalhandler@https://registry.npmjs.org/finalhandler/-/finalhandler-1.3.2.tgz. Extracting by manifest.
3204 silly tarball no local data for etag@https://registry.npmjs.org/etag/-/etag-1.8.1.tgz. Extracting by manifest.
3205 silly tarball no local data for parseurl@https://registry.npmjs.org/parseurl/-/parseurl-1.3.3.tgz. Extracting by manifest.
3206 silly tarball no local data for escape-html@https://registry.npmjs.org/escape-html/-/escape-html-1.0.3.tgz. Extracting by manifest.
3207 silly tarball no local data for encodeurl@https://registry.npmjs.org/encodeurl/-/encodeurl-2.0.0.tgz. Extracting by manifest.
3208 silly tarball no local data for cookie-signature@https://registry.npmjs.org/cookie-signature/-/cookie-signature-1.0.7.tgz. Extracting by manifest.
3209 silly tarball no local data for depd@https://registry.npmjs.org/depd/-/depd-2.0.0.tgz. Extracting by manifest.
3210 silly tarball no local data for cookie@https://registry.npmjs.org/cookie/-/cookie-0.7.2.tgz. Extracting by manifest.
3211 silly tarball no local data for content-type@https://registry.npmjs.org/content-type/-/content-type-1.0.5.tgz. Extracting by manifest.
3212 silly tarball no local data for content-disposition@https://registry.npmjs.org/content-disposition/-/content-disposition-0.5.4.tgz. Extracting by manifest.
3213 silly tarball no local data for body-parser@https://registry.npmjs.org/body-parser/-/body-parser-1.20.6.tgz. Extracting by manifest.
3214 silly tarball no local data for array-flatten@https://registry.npmjs.org/array-flatten/-/array-flatten-1.1.1.tgz. Extracting by manifest.
3215 silly tarball no local data for accepts@https://registry.npmjs.org/accepts/-/accepts-1.3.8.tgz. Extracting by manifest.
3216 silly tarball no local data for ms@https://registry.npmjs.org/ms/-/ms-2.1.3.tgz. Extracting by manifest.
3217 silly tarball no local data for @babel/runtime@https://registry.npmjs.org/@babel/runtime/-/runtime-7.29.7.tgz. Extracting by manifest.
3218 silly tarball no local data for internmap@https://registry.npmjs.org/internmap/-/internmap-1.0.1.tgz. Extracting by manifest.
3219 silly tarball no local data for d3-array@https://registry.npmjs.org/d3-array/-/d3-array-2.12.1.tgz. Extracting by manifest.
3220 silly tarball no local data for vary@https://registry.npmjs.org/vary/-/vary-1.1.2.tgz. Extracting by manifest.
3221 silly tarball no local data for object-assign@https://registry.npmjs.org/object-assign/-/object-assign-4.1.1.tgz. Extracting by manifest.
3222 silly tarball no local data for color-name@https://registry.npmjs.org/color-name/-/color-name-1.1.4.tgz. Extracting by manifest.
3223 silly tarball no local data for color-convert@https://registry.npmjs.org/color-convert/-/color-convert-2.0.1.tgz. Extracting by manifest.
3224 silly tarball no local data for ansi-styles@https://registry.npmjs.org/ansi-styles/-/ansi-styles-4.3.0.tgz. Extracting by manifest.
3225 silly tarball no local data for yargs@https://registry.npmjs.org/yargs/-/yargs-17.7.3.tgz. Extracting by manifest.
3226 silly tarball no local data for tree-kill@https://registry.npmjs.org/tree-kill/-/tree-kill-1.2.2.tgz. Extracting by manifest.
3227 silly tarball no local data for supports-color@https://registry.npmjs.org/supports-color/-/supports-color-8.1.1.tgz. Extracting by manifest.
3228 silly tarball no local data for spawn-command@https://registry.npmjs.org/spawn-command/-/spawn-command-0.0.2.tgz. Extracting by manifest.
3229 silly tarball no local data for shell-quote@https://registry.npmjs.org/shell-quote/-/shell-quote-1.10.0.tgz. Extracting by manifest.
3230 silly tarball no local data for rxjs@https://registry.npmjs.org/rxjs/-/rxjs-7.8.2.tgz. Extracting by manifest.
3231 silly tarball no local data for lodash@https://registry.npmjs.org/lodash/-/lodash-4.18.1.tgz. Extracting by manifest.
3232 silly tarball no local data for date-fns@https://registry.npmjs.org/date-fns/-/date-fns-2.30.0.tgz. Extracting by manifest.
3233 silly tarball no local data for chalk@https://registry.npmjs.org/chalk/-/chalk-4.1.2.tgz. Extracting by manifest.
3234 silly tarball no local data for point-in-polygon@https://registry.npmjs.org/point-in-polygon/-/point-in-polygon-1.1.0.tgz. Extracting by manifest.
3235 silly tarball no local data for update-browserslist-db@https://registry.npmjs.org/update-browserslist-db/-/update-browserslist-db-1.3.0.tgz. Extracting by manifest.
3236 silly tarball no local data for node-releases@https://registry.npmjs.org/node-releases/-/node-releases-2.0.53.tgz. Extracting by manifest.
3237 silly tarball no local data for electron-to-chromium@https://registry.npmjs.org/electron-to-chromium/-/electron-to-chromium-1.5.402.tgz. Extracting by manifest.
3238 silly tarball no local data for baseline-browser-mapping@https://registry.npmjs.org/baseline-browser-mapping/-/baseline-browser-mapping-2.11.12.tgz. Extracting by manifest.
3239 silly tarball no local data for postcss-value-parser@https://registry.npmjs.org/postcss-value-parser/-/postcss-value-parser-4.2.0.tgz. Extracting by manifest.
3240 silly tarball no local data for fraction.js@https://registry.npmjs.org/fraction.js/-/fraction.js-5.3.4.tgz. Extracting by manifest.
3241 silly tarball no local data for caniuse-lite@https://registry.npmjs.org/caniuse-lite/-/caniuse-lite-1.0.30001807.tgz. Extracting by manifest.
3242 silly tarball no local data for @types/babel__traverse@https://registry.npmjs.org/@types/babel__traverse/-/babel__traverse-7.28.0.tgz. Extracting by manifest.
3243 silly tarball no local data for @types/babel__template@https://registry.npmjs.org/@types/babel__template/-/babel__template-7.4.4.tgz. Extracting by manifest.
3244 silly tarball no local data for @types/babel__generator@https://registry.npmjs.org/@types/babel__generator/-/babel__generator-7.27.0.tgz. Extracting by manifest.
3245 silly tarball no local data for @jridgewell/resolve-uri@https://registry.npmjs.org/@jridgewell/resolve-uri/-/resolve-uri-3.1.2.tgz. Extracting by manifest.
3246 silly tarball no local data for @jridgewell/sourcemap-codec@https://registry.npmjs.org/@jridgewell/sourcemap-codec/-/sourcemap-codec-1.5.5.tgz. Extracting by manifest.
3247 silly tarball no local data for @babel/helper-string-parser@https://registry.npmjs.org/@babel/helper-string-parser/-/helper-string-parser-7.29.7.tgz. Extracting by manifest.
3248 silly tarball no local data for @babel/helper-globals@https://registry.npmjs.org/@babel/helper-globals/-/helper-globals-7.29.7.tgz. Extracting by manifest.
3249 silly tarball no local data for @babel/helper-plugin-utils@https://registry.npmjs.org/@babel/helper-plugin-utils/-/helper-plugin-utils-7.29.7.tgz. Extracting by manifest.
3250 silly tarball no local data for @babel/helper-module-imports@https://registry.npmjs.org/@babel/helper-module-imports/-/helper-module-imports-7.29.7.tgz. Extracting by manifest.
3251 silly tarball no local data for lru-cache@https://registry.npmjs.org/lru-cache/-/lru-cache-5.1.1.tgz. Extracting by manifest.
3252 silly tarball no local data for browserslist@https://registry.npmjs.org/browserslist/-/browserslist-4.28.7.tgz. Extracting by manifest.
3253 silly tarball no local data for @babel/compat-data@https://registry.npmjs.org/@babel/compat-data/-/compat-data-7.29.7.tgz. Extracting by manifest.
3254 silly tarball no local data for @babel/helper-validator-option@https://registry.npmjs.org/@babel/helper-validator-option/-/helper-validator-option-7.29.7.tgz. Extracting by manifest.
3255 silly tarball no local data for jsesc@https://registry.npmjs.org/jsesc/-/jsesc-3.1.0.tgz. Extracting by manifest.
3256 silly tarball no local data for @jridgewell/trace-mapping@https://registry.npmjs.org/@jridgewell/trace-mapping/-/trace-mapping-0.3.31.tgz. Extracting by manifest.
3257 silly tarball no local data for picocolors@https://registry.npmjs.org/picocolors/-/picocolors-1.1.1.tgz. Extracting by manifest.
3258 silly tarball no local data for @jridgewell/gen-mapping@https://registry.npmjs.org/@jridgewell/gen-mapping/-/gen-mapping-0.3.13.tgz. Extracting by manifest.
3259 silly tarball no local data for js-tokens@https://registry.npmjs.org/js-tokens/-/js-tokens-4.0.0.tgz. Extracting by manifest.
3260 silly tarball no local data for @babel/helper-validator-identifier@https://registry.npmjs.org/@babel/helper-validator-identifier/-/helper-validator-identifier-7.29.7.tgz. Extracting by manifest.
3261 silly tarball no local data for semver@https://registry.npmjs.org/semver/-/semver-6.3.1.tgz. Extracting by manifest.
3262 silly tarball no local data for json5@https://registry.npmjs.org/json5/-/json5-2.2.3.tgz. Extracting by manifest.
3263 silly tarball no local data for gensync@https://registry.npmjs.org/gensync/-/gensync-1.0.0-beta.2.tgz. Extracting by manifest.
3264 silly tarball no local data for debug@https://registry.npmjs.org/debug/-/debug-4.4.3.tgz. Extracting by manifest.
3265 silly tarball no local data for convert-source-map@https://registry.npmjs.org/convert-source-map/-/convert-source-map-2.0.0.tgz. Extracting by manifest.
3266 silly tarball no local data for @jridgewell/remapping@https://registry.npmjs.org/@jridgewell/remapping/-/remapping-2.3.5.tgz. Extracting by manifest.
3267 silly tarball no local data for @babel/types@https://registry.npmjs.org/@babel/types/-/types-7.29.8.tgz. Extracting by manifest.
3268 silly tarball no local data for @babel/traverse@https://registry.npmjs.org/@babel/traverse/-/traverse-7.29.8.tgz. Extracting by manifest.
3269 silly tarball no local data for @babel/template@https://registry.npmjs.org/@babel/template/-/template-7.29.7.tgz. Extracting by manifest.
3270 silly tarball no local data for @babel/parser@https://registry.npmjs.org/@babel/parser/-/parser-7.29.8.tgz. Extracting by manifest.
3271 silly tarball no local data for @babel/helpers@https://registry.npmjs.org/@babel/helpers/-/helpers-7.29.7.tgz. Extracting by manifest.
3272 silly tarball no local data for @babel/helper-module-transforms@https://registry.npmjs.org/@babel/helper-module-transforms/-/helper-module-transforms-7.29.7.tgz. Extracting by manifest.
3273 silly tarball no local data for @babel/helper-compilation-targets@https://registry.npmjs.org/@babel/helper-compilation-targets/-/helper-compilation-targets-7.29.7.tgz. Extracting by manifest.
3274 silly tarball no local data for @babel/generator@https://registry.npmjs.org/@babel/generator/-/generator-7.29.8.tgz. Extracting by manifest.
3275 silly tarball no local data for @babel/code-frame@https://registry.npmjs.org/@babel/code-frame/-/code-frame-7.29.7.tgz. Extracting by manifest.
3276 silly tarball no local data for @types/babel__core@https://registry.npmjs.org/@types/babel__core/-/babel__core-7.20.5.tgz. Extracting by manifest.
3277 silly tarball no local data for react-refresh@https://registry.npmjs.org/react-refresh/-/react-refresh-0.17.0.tgz. Extracting by manifest.
3278 silly tarball no local data for @rolldown/pluginutils@https://registry.npmjs.org/@rolldown/pluginutils/-/pluginutils-1.0.0-beta.27.tgz. Extracting by manifest.
3279 silly tarball no local data for @babel/plugin-transform-react-jsx-source@https://registry.npmjs.org/@babel/plugin-transform-react-jsx-source/-/plugin-transform-react-jsx-source-7.29.7.tgz. Extracting by manifest.
3280 silly tarball no local data for @babel/plugin-transform-react-jsx-self@https://registry.npmjs.org/@babel/plugin-transform-react-jsx-self/-/plugin-transform-react-jsx-self-7.29.7.tgz. Extracting by manifest.
3281 silly tarball no local data for @babel/core@https://registry.npmjs.org/@babel/core/-/core-7.29.7.tgz. Extracting by manifest.
3282 silly tarball no local data for csstype@https://registry.npmjs.org/csstype/-/csstype-3.2.3.tgz. Extracting by manifest.
3283 silly tarball no local data for @types/prop-types@https://registry.npmjs.org/@types/prop-types/-/prop-types-15.7.15.tgz. Extracting by manifest.
3284 silly tarball no local data for d3-voronoi@https://registry.npmjs.org/d3-voronoi/-/d3-voronoi-1.1.2.tgz. Extracting by manifest.
3285 silly tarball no local data for @types/d3-voronoi@https://registry.npmjs.org/@types/d3-voronoi/-/d3-voronoi-1.1.12.tgz. Extracting by manifest.
3286 silly tarball no local data for earcut@https://registry.npmjs.org/earcut/-/earcut-2.2.4.tgz. Extracting by manifest.
3287 silly tarball no local data for @types/earcut@https://registry.npmjs.org/@types/earcut/-/earcut-2.1.4.tgz. Extracting by manifest.
3288 silly tarball no local data for fast-deep-equal@https://registry.npmjs.org/fast-deep-equal/-/fast-deep-equal-3.1.3.tgz. Extracting by manifest.
3289 silly tarball no local data for robust-predicates@https://registry.npmjs.org/robust-predicates/-/robust-predicates-2.0.4.tgz. Extracting by manifest.
3290 silly tarball no local data for tinyqueue@https://registry.npmjs.org/tinyqueue/-/tinyqueue-2.0.3.tgz. Extracting by manifest.
3291 silly tarball no local data for arc@https://registry.npmjs.org/arc/-/arc-0.2.0.tgz. Extracting by manifest.
3292 silly tarball no local data for polyclip-ts@https://registry.npmjs.org/polyclip-ts/-/polyclip-ts-0.16.8.tgz. Extracting by manifest.
3293 silly tarball no local data for concaveman@https://registry.npmjs.org/concaveman/-/concaveman-1.2.1.tgz. Extracting by manifest.
3294 silly tarball no local data for topojson-server@https://registry.npmjs.org/topojson-server/-/topojson-server-3.0.1.tgz. Extracting by manifest.
3295 silly tarball no local data for skmeans@https://registry.npmjs.org/skmeans/-/skmeans-0.9.7.tgz. Extracting by manifest.
3296 silly tarball no local data for topojson-client@https://registry.npmjs.org/topojson-client/-/topojson-client-3.1.0.tgz. Extracting by manifest.
3297 silly tarball no local data for rbush@https://registry.npmjs.org/rbush/-/rbush-3.0.1.tgz. Extracting by manifest.
3298 silly tarball no local data for d3-geo@https://registry.npmjs.org/d3-geo/-/d3-geo-2.0.2.tgz. Extracting by manifest.
3299 silly tarball no local data for geojson-polygon-self-intersections@https://registry.npmjs.org/geojson-polygon-self-intersections/-/geojson-polygon-self-intersections-1.2.2.tgz. Extracting by manifest.
3300 silly tarball no local data for @turf/jsts@https://registry.npmjs.org/@turf/jsts/-/jsts-2.7.2.tgz. Extracting by manifest.
3301 silly tarball no local data for point-in-polygon-hao@https://registry.npmjs.org/point-in-polygon-hao/-/point-in-polygon-hao-1.2.4.tgz. Extracting by manifest.
3302 silly tarball no local data for geojson-equality-ts@https://registry.npmjs.org/geojson-equality-ts/-/geojson-equality-ts-1.0.2.tgz. Extracting by manifest.
3303 silly tarball no local data for tslib@https://registry.npmjs.org/tslib/-/tslib-2.8.1.tgz. Extracting by manifest.
3304 silly tarball no local data for @types/kdbush@https://registry.npmjs.org/@types/kdbush/-/kdbush-3.0.5.tgz. Extracting by manifest.
3305 silly tarball no local data for @types/geojson@https://registry.npmjs.org/@types/geojson/-/geojson-7946.0.16.tgz. Extracting by manifest.
3306 silly tarball no local data for @turf/voronoi@https://registry.npmjs.org/@turf/voronoi/-/voronoi-7.4.0.tgz. Extracting by manifest.
3307 silly tarball no local data for @turf/unkink-polygon@https://registry.npmjs.org/@turf/unkink-polygon/-/unkink-polygon-7.4.0.tgz. Extracting by manifest.
3308 silly tarball no local data for @turf/union@https://registry.npmjs.org/@turf/union/-/union-7.4.0.tgz. Extracting by manifest.
3309 silly tarball no local data for @turf/truncate@https://registry.npmjs.org/@turf/truncate/-/truncate-7.4.0.tgz. Extracting by manifest.
3310 silly tarball no local data for @turf/triangle-grid@https://registry.npmjs.org/@turf/triangle-grid/-/triangle-grid-7.4.0.tgz. Extracting by manifest.
3311 silly tarball no local data for @turf/transform-translate@https://registry.npmjs.org/@turf/transform-translate/-/transform-translate-7.4.0.tgz. Extracting by manifest.
3312 silly tarball no local data for jsts@https://registry.npmjs.org/jsts/-/jsts-2.7.1.tgz. Extracting by manifest.
3313 silly tarball no local data for @turf/tin@https://registry.npmjs.org/@turf/tin/-/tin-7.4.0.tgz. Extracting by manifest.
3314 silly tarball no local data for @turf/tesselate@https://registry.npmjs.org/@turf/tesselate/-/tesselate-7.4.0.tgz. Extracting by manifest.
3315 silly tarball no local data for @turf/tag@https://registry.npmjs.org/@turf/tag/-/tag-7.4.0.tgz. Extracting by manifest.
3316 silly tarball no local data for @turf/standard-deviational-ellipse@https://registry.npmjs.org/@turf/standard-deviational-ellipse/-/standard-deviational-ellipse-7.4.0.tgz. Extracting by manifest.
3317 silly tarball no local data for @turf/transform-scale@https://registry.npmjs.org/@turf/transform-scale/-/transform-scale-7.4.0.tgz. Extracting by manifest.
3318 silly tarball no local data for @turf/square-grid@https://registry.npmjs.org/@turf/square-grid/-/square-grid-7.4.0.tgz. Extracting by manifest.
3319 silly tarball no local data for @turf/square@https://registry.npmjs.org/@turf/square/-/square-7.4.0.tgz. Extracting by manifest.
3320 silly tarball no local data for @turf/simplify@https://registry.npmjs.org/@turf/simplify/-/simplify-7.4.0.tgz. Extracting by manifest.
3321 silly tarball no local data for @turf/transform-rotate@https://registry.npmjs.org/@turf/transform-rotate/-/transform-rotate-7.4.0.tgz. Extracting by manifest.
3322 silly tarball no local data for @turf/shortest-path@https://registry.npmjs.org/@turf/shortest-path/-/shortest-path-7.4.0.tgz. Extracting by manifest.
3323 silly tarball no local data for @turf/sector@https://registry.npmjs.org/@turf/sector/-/sector-7.4.0.tgz. Extracting by manifest.
3324 silly tarball no local data for @turf/rhumb-distance@https://registry.npmjs.org/@turf/rhumb-distance/-/rhumb-distance-7.4.0.tgz. Extracting by manifest.
3325 silly tarball no local data for @turf/rhumb-destination@https://registry.npmjs.org/@turf/rhumb-destination/-/rhumb-destination-7.4.0.tgz. Extracting by manifest.
3326 silly tarball no local data for @turf/rhumb-bearing@https://registry.npmjs.org/@turf/rhumb-bearing/-/rhumb-bearing-7.4.0.tgz. Extracting by manifest.
3327 silly tarball no local data for @turf/rewind@https://registry.npmjs.org/@turf/rewind/-/rewind-7.4.0.tgz. Extracting by manifest.
3328 silly tarball no local data for @turf/rectangle-grid@https://registry.npmjs.org/@turf/rectangle-grid/-/rectangle-grid-7.4.0.tgz. Extracting by manifest.
3329 silly tarball no local data for @turf/random@https://registry.npmjs.org/@turf/random/-/random-7.4.0.tgz. Extracting by manifest.
3330 silly tarball no local data for @turf/polygonize@https://registry.npmjs.org/@turf/polygonize/-/polygonize-7.4.0.tgz. Extracting by manifest.
3331 silly tarball no local data for @turf/projection@https://registry.npmjs.org/@turf/projection/-/projection-7.4.0.tgz. Extracting by manifest.
3332 silly tarball no local data for @turf/quadrat-analysis@https://registry.npmjs.org/@turf/quadrat-analysis/-/quadrat-analysis-7.4.0.tgz. Extracting by manifest.
3333 silly tarball no local data for @turf/polygon-to-line@https://registry.npmjs.org/@turf/polygon-to-line/-/polygon-to-line-7.4.0.tgz. Extracting by manifest.
3334 silly tarball no local data for @turf/polygon-tangents@https://registry.npmjs.org/@turf/polygon-tangents/-/polygon-tangents-7.4.0.tgz. Extracting by manifest.
3335 silly tarball no local data for @turf/polygon-smooth@https://registry.npmjs.org/@turf/polygon-smooth/-/polygon-smooth-7.4.0.tgz. Extracting by manifest.
3336 silly tarball no local data for @turf/points-within-polygon@https://registry.npmjs.org/@turf/points-within-polygon/-/points-within-polygon-7.4.0.tgz. Extracting by manifest.
3337 silly tarball no local data for @turf/point-to-polygon-distance@https://registry.npmjs.org/@turf/point-to-polygon-distance/-/point-to-polygon-distance-7.4.0.tgz. Extracting by manifest.
3338 silly tarball no local data for @turf/sample@https://registry.npmjs.org/@turf/sample/-/sample-7.4.0.tgz. Extracting by manifest.
3339 silly tarball no local data for @turf/point-to-line-distance@https://registry.npmjs.org/@turf/point-to-line-distance/-/point-to-line-distance-7.4.0.tgz. Extracting by manifest.
3340 silly tarball no local data for @turf/point-on-feature@https://registry.npmjs.org/@turf/point-on-feature/-/point-on-feature-7.4.0.tgz. Extracting by manifest.
3341 silly tarball no local data for @turf/point-grid@https://registry.npmjs.org/@turf/point-grid/-/point-grid-7.4.0.tgz. Extracting by manifest.
3342 silly tarball no local data for @turf/nearest-point-to-line@https://registry.npmjs.org/@turf/nearest-point-to-line/-/nearest-point-to-line-7.4.0.tgz. Extracting by manifest.
3343 silly tarball no local data for @turf/nearest-point-on-line@https://registry.npmjs.org/@turf/nearest-point-on-line/-/nearest-point-on-line-7.4.0.tgz. Extracting by manifest.
3344 silly tarball no local data for @turf/nearest-point@https://registry.npmjs.org/@turf/nearest-point/-/nearest-point-7.4.0.tgz. Extracting by manifest.
3345 silly tarball no local data for @turf/nearest-neighbor-analysis@https://registry.npmjs.org/@turf/nearest-neighbor-analysis/-/nearest-neighbor-analysis-7.4.0.tgz. Extracting by manifest.
3346 silly tarball no local data for @turf/midpoint@https://registry.npmjs.org/@turf/midpoint/-/midpoint-7.4.0.tgz. Extracting by manifest.
3347 silly tarball no local data for @turf/meta@https://registry.npmjs.org/@turf/meta/-/meta-7.4.0.tgz. Extracting by manifest.
3348 silly tarball no local data for @turf/planepoint@https://registry.npmjs.org/@turf/planepoint/-/planepoint-7.4.0.tgz. Extracting by manifest.
3349 silly tarball no local data for @turf/line-to-polygon@https://registry.npmjs.org/@turf/line-to-polygon/-/line-to-polygon-7.4.0.tgz. Extracting by manifest.
3350 silly tarball no local data for @turf/line-slice@https://registry.npmjs.org/@turf/line-slice/-/line-slice-7.4.0.tgz. Extracting by manifest.
3351 silly tarball no local data for @turf/line-segment@https://registry.npmjs.org/@turf/line-segment/-/line-segment-7.4.0.tgz. Extracting by manifest.
3352 silly tarball no local data for @turf/moran-index@https://registry.npmjs.org/@turf/moran-index/-/moran-index-7.4.0.tgz. Extracting by manifest.
3353 silly tarball no local data for @turf/mask@https://registry.npmjs.org/@turf/mask/-/mask-7.4.0.tgz. Extracting by manifest.
3354 silly tarball no local data for @turf/line-offset@https://registry.npmjs.org/@turf/line-offset/-/line-offset-7.4.0.tgz. Extracting by manifest.
3355 silly tarball no local data for @turf/line-intersect@https://registry.npmjs.org/@turf/line-intersect/-/line-intersect-7.4.0.tgz. Extracting by manifest.
3356 silly tarball no local data for @turf/line-arc@https://registry.npmjs.org/@turf/line-arc/-/line-arc-7.4.0.tgz. Extracting by manifest.
3357 silly tarball no local data for @turf/length@https://registry.npmjs.org/@turf/length/-/length-7.4.0.tgz. Extracting by manifest.
3358 silly tarball no local data for @turf/line-split@https://registry.npmjs.org/@turf/line-split/-/line-split-7.4.0.tgz. Extracting by manifest.
3359 silly tarball no local data for @turf/line-overlap@https://registry.npmjs.org/@turf/line-overlap/-/line-overlap-7.4.0.tgz. Extracting by manifest.
3360 silly tarball no local data for @turf/kinks@https://registry.npmjs.org/@turf/kinks/-/kinks-7.4.0.tgz. Extracting by manifest.
3361 silly tarball no local data for @turf/isolines@https://registry.npmjs.org/@turf/isolines/-/isolines-7.4.0.tgz. Extracting by manifest.
3362 silly tarball no local data for @turf/line-chunk@https://registry.npmjs.org/@turf/line-chunk/-/line-chunk-7.4.0.tgz. Extracting by manifest.
3363 silly tarball no local data for @turf/intersect@https://registry.npmjs.org/@turf/intersect/-/intersect-7.4.0.tgz. Extracting by manifest.
3364 silly tarball no local data for @turf/invariant@https://registry.npmjs.org/@turf/invariant/-/invariant-7.4.0.tgz. Extracting by manifest.
3365 silly tarball no local data for @turf/isobands@https://registry.npmjs.org/@turf/isobands/-/isobands-7.4.0.tgz. Extracting by manifest.
3366 silly tarball no local data for @turf/interpolate@https://registry.npmjs.org/@turf/interpolate/-/interpolate-7.4.0.tgz. Extracting by manifest.
3367 silly tarball no local data for @turf/hex-grid@https://registry.npmjs.org/@turf/hex-grid/-/hex-grid-7.4.0.tgz. Extracting by manifest.
3368 silly tarball no local data for @turf/line-slice-along@https://registry.npmjs.org/@turf/line-slice-along/-/line-slice-along-7.4.0.tgz. Extracting by manifest.
3369 silly tarball no local data for @turf/helpers@https://registry.npmjs.org/@turf/helpers/-/helpers-7.4.0.tgz. Extracting by manifest.
3370 silly tarball no local data for @turf/geojson-rbush@https://registry.npmjs.org/@turf/geojson-rbush/-/geojson-rbush-7.4.0.tgz. Extracting by manifest.
3371 silly tarball no local data for @turf/flatten@https://registry.npmjs.org/@turf/flatten/-/flatten-7.4.0.tgz. Extracting by manifest.
3372 silly tarball no local data for @turf/explode@https://registry.npmjs.org/@turf/explode/-/explode-7.4.0.tgz. Extracting by manifest.
3373 silly tarball no local data for @turf/envelope@https://registry.npmjs.org/@turf/envelope/-/envelope-7.4.0.tgz. Extracting by manifest.
3374 silly tarball no local data for @turf/great-circle@https://registry.npmjs.org/@turf/great-circle/-/great-circle-7.4.0.tgz. Extracting by manifest.
3375 silly tarball no local data for @turf/distance-weight@https://registry.npmjs.org/@turf/distance-weight/-/distance-weight-7.4.0.tgz. Extracting by manifest.
3376 silly tarball no local data for @turf/ellipse@https://registry.npmjs.org/@turf/ellipse/-/ellipse-7.4.0.tgz. Extracting by manifest.
3377 silly tarball no local data for @turf/directional-mean@https://registry.npmjs.org/@turf/directional-mean/-/directional-mean-7.4.0.tgz. Extracting by manifest.
3378 silly tarball no local data for @turf/dissolve@https://registry.npmjs.org/@turf/dissolve/-/dissolve-7.4.0.tgz. Extracting by manifest.
3379 silly tarball no local data for @turf/difference@https://registry.npmjs.org/@turf/difference/-/difference-7.4.0.tgz. Extracting by manifest.
3380 silly tarball no local data for @turf/distance@https://registry.npmjs.org/@turf/distance/-/distance-7.4.0.tgz. Extracting by manifest.
3381 silly tarball no local data for @turf/destination@https://registry.npmjs.org/@turf/destination/-/destination-7.4.0.tgz. Extracting by manifest.
3382 silly tarball no local data for @turf/flip@https://registry.npmjs.org/@turf/flip/-/flip-7.4.0.tgz. Extracting by manifest.
3383 silly tarball no local data for @turf/clusters-kmeans@https://registry.npmjs.org/@turf/clusters-kmeans/-/clusters-kmeans-7.4.0.tgz. Extracting by manifest.
3384 silly tarball no local data for @turf/collect@https://registry.npmjs.org/@turf/collect/-/collect-7.4.0.tgz. Extracting by manifest.
3385 silly tarball no local data for @turf/concave@https://registry.npmjs.org/@turf/concave/-/concave-7.4.0.tgz. Extracting by manifest.
3386 silly tarball no local data for @turf/clusters@https://registry.npmjs.org/@turf/clusters/-/clusters-7.4.0.tgz. Extracting by manifest.
3387 silly tarball no local data for @turf/combine@https://registry.npmjs.org/@turf/combine/-/combine-7.4.0.tgz. Extracting by manifest.
3388 silly tarball no local data for @turf/clean-coords@https://registry.npmjs.org/@turf/clean-coords/-/clean-coords-7.4.0.tgz. Extracting by manifest.
3389 silly tarball no local data for @turf/convex@https://registry.npmjs.org/@turf/convex/-/convex-7.4.0.tgz. Extracting by manifest.
3390 silly tarball no local data for @turf/clusters-dbscan@https://registry.npmjs.org/@turf/clusters-dbscan/-/clusters-dbscan-7.4.0.tgz. Extracting by manifest.
3391 silly tarball no local data for @turf/clone@https://registry.npmjs.org/@turf/clone/-/clone-7.4.0.tgz. Extracting by manifest.
3392 silly tarball no local data for @turf/circle@https://registry.npmjs.org/@turf/circle/-/circle-7.4.0.tgz. Extracting by manifest.
3393 silly tarball no local data for @turf/centroid@https://registry.npmjs.org/@turf/centroid/-/centroid-7.4.0.tgz. Extracting by manifest.
3394 silly tarball no local data for @turf/center-median@https://registry.npmjs.org/@turf/center-median/-/center-median-7.4.0.tgz. Extracting by manifest.
3395 silly tarball no local data for @turf/center-mean@https://registry.npmjs.org/@turf/center-mean/-/center-mean-7.4.0.tgz. Extracting by manifest.
3396 silly tarball no local data for @turf/center@https://registry.npmjs.org/@turf/center/-/center-7.4.0.tgz. Extracting by manifest.
3397 silly tarball no local data for @turf/center-of-mass@https://registry.npmjs.org/@turf/center-of-mass/-/center-of-mass-7.4.0.tgz. Extracting by manifest.
3398 silly tarball no local data for @turf/boolean-touches@https://registry.npmjs.org/@turf/boolean-touches/-/boolean-touches-7.4.0.tgz. Extracting by manifest.
3399 silly tarball no local data for @turf/boolean-point-in-polygon@https://registry.npmjs.org/@turf/boolean-point-in-polygon/-/boolean-point-in-polygon-7.4.0.tgz. Extracting by manifest.
3400 silly tarball no local data for @turf/boolean-point-on-line@https://registry.npmjs.org/@turf/boolean-point-on-line/-/boolean-point-on-line-7.4.0.tgz. Extracting by manifest.
3401 silly tarball no local data for @turf/boolean-valid@https://registry.npmjs.org/@turf/boolean-valid/-/boolean-valid-7.4.0.tgz. Extracting by manifest.
3402 silly tarball no local data for @turf/boolean-parallel@https://registry.npmjs.org/@turf/boolean-parallel/-/boolean-parallel-7.4.0.tgz. Extracting by manifest.
3403 silly tarball no local data for @turf/boolean-within@https://registry.npmjs.org/@turf/boolean-within/-/boolean-within-7.4.0.tgz. Extracting by manifest.
3404 silly tarball no local data for @turf/boolean-equal@https://registry.npmjs.org/@turf/boolean-equal/-/boolean-equal-7.4.0.tgz. Extracting by manifest.
3405 silly tarball no local data for @turf/buffer@https://registry.npmjs.org/@turf/buffer/-/buffer-7.4.0.tgz. Extracting by manifest.
3406 silly tarball no local data for @turf/boolean-disjoint@https://registry.npmjs.org/@turf/boolean-disjoint/-/boolean-disjoint-7.4.0.tgz. Extracting by manifest.
3407 silly tarball no local data for @turf/boolean-crosses@https://registry.npmjs.org/@turf/boolean-crosses/-/boolean-crosses-7.4.0.tgz. Extracting by manifest.
3408 silly tarball no local data for @turf/boolean-intersects@https://registry.npmjs.org/@turf/boolean-intersects/-/boolean-intersects-7.4.0.tgz. Extracting by manifest.
3409 silly tarball no local data for @turf/boolean-contains@https://registry.npmjs.org/@turf/boolean-contains/-/boolean-contains-7.4.0.tgz. Extracting by manifest.
3410 silly tarball no local data for @turf/boolean-concave@https://registry.npmjs.org/@turf/boolean-concave/-/boolean-concave-7.4.0.tgz. Extracting by manifest.
3411 silly tarball no local data for @turf/boolean-clockwise@https://registry.npmjs.org/@turf/boolean-clockwise/-/boolean-clockwise-7.4.0.tgz. Extracting by manifest.
3412 silly tarball no local data for @turf/bearing@https://registry.npmjs.org/@turf/bearing/-/bearing-7.4.0.tgz. Extracting by manifest.
3413 silly tarball no local data for @turf/boolean-overlap@https://registry.npmjs.org/@turf/boolean-overlap/-/boolean-overlap-7.4.0.tgz. Extracting by manifest.
3414 silly tarball no local data for @turf/bezier-spline@https://registry.npmjs.org/@turf/bezier-spline/-/bezier-spline-7.4.0.tgz. Extracting by manifest.
3415 silly tarball no local data for @turf/bbox-polygon@https://registry.npmjs.org/@turf/bbox-polygon/-/bbox-polygon-7.4.0.tgz. Extracting by manifest.
3416 silly tarball no local data for @turf/bbox-clip@https://registry.npmjs.org/@turf/bbox-clip/-/bbox-clip-7.4.0.tgz. Extracting by manifest.
3417 silly tarball no local data for @turf/area@https://registry.npmjs.org/@turf/area/-/area-7.4.0.tgz. Extracting by manifest.
3418 silly tarball no local data for @turf/angle@https://registry.npmjs.org/@turf/angle/-/angle-7.4.0.tgz. Extracting by manifest.
3419 silly tarball no local data for tailwind-merge@https://registry.npmjs.org/tailwind-merge/-/tailwind-merge-2.6.1.tgz. Extracting by manifest.
3420 silly tarball no local data for tailwindcss@https://registry.npmjs.org/tailwindcss/-/tailwindcss-3.4.19.tgz. Extracting by manifest.
3421 silly tarball no local data for react-router-dom@https://registry.npmjs.org/react-router-dom/-/react-router-dom-6.30.4.tgz. Extracting by manifest.
3422 silly tarball no local data for react-leaflet@https://registry.npmjs.org/react-leaflet/-/react-leaflet-4.2.1.tgz. Extracting by manifest.
3423 silly tarball no local data for @turf/along@https://registry.npmjs.org/@turf/along/-/along-7.4.0.tgz. Extracting by manifest.
3424 silly tarball no local data for recharts@https://registry.npmjs.org/recharts/-/recharts-2.15.4.tgz. Extracting by manifest.
3425 silly tarball no local data for @turf/bbox@https://registry.npmjs.org/@turf/bbox/-/bbox-7.4.0.tgz. Extracting by manifest.
3426 silly tarball no local data for react@https://registry.npmjs.org/react/-/react-18.3.1.tgz. Extracting by manifest.
3427 silly tarball no local data for react-dom@https://registry.npmjs.org/react-dom/-/react-dom-18.3.1.tgz. Extracting by manifest.
3428 silly tarball no local data for leaflet@https://registry.npmjs.org/leaflet/-/leaflet-1.9.4.tgz. Extracting by manifest.
3429 silly tarball no local data for lucide-react@https://registry.npmjs.org/lucide-react/-/lucide-react-0.427.0.tgz. Extracting by manifest.
3430 silly tarball no local data for dotenv@https://registry.npmjs.org/dotenv/-/dotenv-16.6.1.tgz. Extracting by manifest.
3431 silly tarball no local data for leaflet-routing-machine@https://registry.npmjs.org/leaflet-routing-machine/-/leaflet-routing-machine-3.2.12.tgz. Extracting by manifest.
3432 silly tarball no local data for nodemailer@https://registry.npmjs.org/nodemailer/-/nodemailer-6.10.1.tgz. Extracting by manifest.
3433 silly tarball no local data for express@https://registry.npmjs.org/express/-/express-4.22.2.tgz. Extracting by manifest.
3434 silly tarball no local data for cors@https://registry.npmjs.org/cors/-/cors-2.8.6.tgz. Extracting by manifest.
3435 silly tarball no local data for clsx@https://registry.npmjs.org/clsx/-/clsx-2.1.1.tgz. Extracting by manifest.
3436 silly tarball no local data for concurrently@https://registry.npmjs.org/concurrently/-/concurrently-8.2.2.tgz. Extracting by manifest.
3437 silly tarball no local data for postcss@https://registry.npmjs.org/postcss/-/postcss-8.5.26.tgz. Extracting by manifest.
3438 silly tarball no local data for autoprefixer@https://registry.npmjs.org/autoprefixer/-/autoprefixer-10.5.4.tgz. Extracting by manifest.
3439 silly tarball no local data for @vitejs/plugin-react@https://registry.npmjs.org/@vitejs/plugin-react/-/plugin-react-4.7.0.tgz. Extracting by manifest.
3440 silly tarball no local data for vite@https://registry.npmjs.org/vite/-/vite-5.4.21.tgz. Extracting by manifest.
3441 silly tarball no local data for @turf/turf@https://registry.npmjs.org/@turf/turf/-/turf-7.4.0.tgz. Extracting by manifest.
3442 silly tarball no local data for @types/react-dom@https://registry.npmjs.org/@types/react-dom/-/react-dom-18.3.7.tgz. Extracting by manifest.
3443 silly tarball no local data for @types/react@https://registry.npmjs.org/@types/react/-/react-18.3.31.tgz. Extracting by manifest.
3444 silly tarball no local data for picomatch@https://registry.npmjs.org/picomatch/-/picomatch-4.0.5.tgz. Extracting by manifest.
3445 silly tarball no local data for fdir@https://registry.npmjs.org/fdir/-/fdir-6.5.0.tgz. Extracting by manifest.
3446 silly tarball no local data for glob-parent@https://registry.npmjs.org/glob-parent/-/glob-parent-5.1.2.tgz. Extracting by manifest.
3447 silly tarball no local data for glob-parent@https://registry.npmjs.org/glob-parent/-/glob-parent-5.1.2.tgz. Extracting by manifest.
3448 silly tarball no local data for d3-array@https://registry.npmjs.org/d3-array/-/d3-array-3.2.4.tgz. Extracting by manifest.
3449 silly tarball no local data for react-is@https://registry.npmjs.org/react-is/-/react-is-16.13.1.tgz. Extracting by manifest.
3450 silly tarball no local data for ms@https://registry.npmjs.org/ms/-/ms-2.0.0.tgz. Extracting by manifest.
3451 silly tarball no local data for debug@https://registry.npmjs.org/debug/-/debug-2.6.9.tgz. Extracting by manifest.
3452 silly tarball no local data for debug@https://registry.npmjs.org/debug/-/debug-2.6.9.tgz. Extracting by manifest.
3453 silly tarball no local data for ms@https://registry.npmjs.org/ms/-/ms-2.0.0.tgz. Extracting by manifest.
3454 silly tarball no local data for debug@https://registry.npmjs.org/debug/-/debug-2.6.9.tgz. Extracting by manifest.
3455 silly tarball no local data for supports-color@https://registry.npmjs.org/supports-color/-/supports-color-7.2.0.tgz. Extracting by manifest.
3456 silly tarball no local data for ms@https://registry.npmjs.org/ms/-/ms-2.0.0.tgz. Extracting by manifest.
3457 silly tarball no local data for commander@https://registry.npmjs.org/commander/-/commander-2.20.3.tgz. Extracting by manifest.
3458 silly tarball no local data for rbush@https://registry.npmjs.org/rbush/-/rbush-2.0.2.tgz. Extracting by manifest.
3459 silly tarball no local data for quickselect@https://registry.npmjs.org/quickselect/-/quickselect-1.1.1.tgz. Extracting by manifest.
3460 silly tarball no local data for robust-predicates@https://registry.npmjs.org/robust-predicates/-/robust-predicates-3.0.3.tgz. Extracting by manifest.
3461 silly tarball no local data for commander@https://registry.npmjs.org/commander/-/commander-2.20.3.tgz. Extracting by manifest.
3462 silly tarball no local data for ms@https://registry.npmjs.org/ms/-/ms-2.0.0.tgz. Extracting by manifest.
3463 silly tarball no local data for debug@https://registry.npmjs.org/debug/-/debug-2.6.9.tgz. Extracting by manifest.
3464 http fetch GET 200 https://registry.npmjs.org/wrap-ansi/-/wrap-ansi-7.0.0.tgz 88ms (cache miss)
3465 http fetch GET 200 https://registry.npmjs.org/strip-ansi/-/strip-ansi-6.0.1.tgz 89ms (cache miss)
3466 http fetch GET 200 https://registry.npmjs.org/is-fullwidth-code-point/-/is-fullwidth-code-point-3.0.0.tgz 89ms (cache miss)
3467 http fetch GET 200 https://registry.npmjs.org/require-directory/-/require-directory-2.1.1.tgz 88ms (cache miss)
3468 http fetch GET 200 https://registry.npmjs.org/y18n/-/y18n-5.0.8.tgz 88ms (cache miss)
3469 http fetch GET 200 https://registry.npmjs.org/ansi-regex/-/ansi-regex-5.0.1.tgz 89ms (cache miss)
3470 http fetch GET 200 https://registry.npmjs.org/string-width/-/string-width-4.2.3.tgz 88ms (cache miss)
3471 http fetch GET 200 https://registry.npmjs.org/yargs-parser/-/yargs-parser-21.1.1.tgz 89ms (cache miss)
3472 http fetch GET 200 https://registry.npmjs.org/d3-format/-/d3-format-3.1.2.tgz 111ms (cache miss)
3473 http fetch GET 200 https://registry.npmjs.org/@types/d3-color/-/d3-color-3.1.3.tgz 111ms (cache miss)
3474 http fetch GET 200 https://registry.npmjs.org/d3-color/-/d3-color-3.1.0.tgz 111ms (cache miss)
3475 http fetch GET 200 https://registry.npmjs.org/d3-time-format/-/d3-time-format-4.1.0.tgz 121ms (cache miss)
3476 http fetch GET 200 https://registry.npmjs.org/@types/d3-path/-/d3-path-3.1.1.tgz 124ms (cache miss)
3477 http fetch GET 200 https://registry.npmjs.org/d3-time/-/d3-time-3.1.0.tgz 132ms (cache miss)
3478 http fetch GET 200 https://registry.npmjs.org/get-caller-file/-/get-caller-file-2.0.5.tgz 145ms (cache miss)
3479 http fetch GET 200 https://registry.npmjs.org/d3-timer/-/d3-timer-3.0.1.tgz 145ms (cache miss)
3480 http fetch GET 200 https://registry.npmjs.org/emoji-regex/-/emoji-regex-8.0.0.tgz 147ms (cache miss)
3481 http fetch GET 200 https://registry.npmjs.org/cliui/-/cliui-8.0.1.tgz 149ms (cache miss)
3482 http fetch GET 200 https://registry.npmjs.org/d3-scale/-/d3-scale-4.0.2.tgz 151ms (cache miss)
3483 http fetch GET 200 https://registry.npmjs.org/d3-interpolate/-/d3-interpolate-3.0.1.tgz 151ms (cache miss)
3484 http fetch GET 200 https://registry.npmjs.org/esbuild/-/esbuild-0.21.5.tgz 154ms (cache miss)
3485 http fetch GET 200 https://registry.npmjs.org/@types/estree/-/estree-1.0.9.tgz 159ms (cache miss)
3486 http fetch GET 200 https://registry.npmjs.org/d3-path/-/d3-path-3.1.0.tgz 160ms (cache miss)
3487 http fetch GET 200 https://registry.npmjs.org/@types/d3-timer/-/d3-timer-3.0.2.tgz 170ms (cache miss)
3488 http fetch GET 200 https://registry.npmjs.org/is-number/-/is-number-7.0.0.tgz 201ms (cache miss)
3489 http fetch GET 200 https://registry.npmjs.org/@types/d3-scale/-/d3-scale-4.0.9.tgz 206ms (cache miss)
3490 http fetch GET 200 https://registry.npmjs.org/d3-ease/-/d3-ease-3.0.1.tgz 209ms (cache miss)
3491 http fetch GET 200 https://registry.npmjs.org/thenify-all/-/thenify-all-1.6.0.tgz 217ms (cache miss)
3492 http fetch GET 200 https://registry.npmjs.org/media-typer/-/media-typer-0.3.0.tgz 220ms (cache miss)
3493 http fetch GET 200 https://registry.npmjs.org/@types/d3-shape/-/d3-shape-3.1.8.tgz 222ms (cache miss)
3494 http fetch GET 200 https://registry.npmjs.org/pirates/-/pirates-4.0.7.tgz 246ms (cache miss)
3495 http fetch GET 200 https://registry.npmjs.org/tinyglobby/-/tinyglobby-0.2.17.tgz 250ms (cache miss)
3496 http fetch POST 200 https://registry.npmjs.org/-/npm/v1/security/advisories/bulk 294ms
3497 silly audit report {
3497 silly audit report   vite: [
3497 silly audit report     {
3497 silly audit report       id: 1120784,
3497 silly audit report       url: 'https://github.com/advisories/GHSA-v6wh-96g9-6wx3',
3497 silly audit report       title: 'launch-editor: NTLMv2 hash disclosure via UNC path handling on Windows',
3497 silly audit report       severity: 'moderate',
3497 silly audit report       vulnerable_versions: '<=6.4.2',
3497 silly audit report       cwe: [Array],
3497 silly audit report       cvss: [Object]
3497 silly audit report     },
3497 silly audit report     {
3497 silly audit report       id: 1116229,
3497 silly audit report       url: 'https://github.com/advisories/GHSA-4w7w-66w2-5vf9',
3497 silly audit report       title: 'Vite Vulnerable to Path Traversal in Optimized Deps `.map` Handling',
3497 silly audit report       severity: 'moderate',
3497 silly audit report       vulnerable_versions: '<=6.4.1',
3497 silly audit report       cwe: [Array],
3497 silly audit report       cvss: [Object]
3497 silly audit report     },
3497 silly audit report     {
3497 silly audit report       id: 1123525,
3497 silly audit report       url: 'https://github.com/advisories/GHSA-fx2h-pf6j-xcff',
3497 silly audit report       title: 'vite: `server.fs.deny` bypass on Windows alternate paths',
3497 silly audit report       severity: 'high',
3497 silly audit report       vulnerable_versions: '<=6.4.2',
3497 silly audit report       cwe: [Array],
3497 silly audit report       cvss: [Object]
3497 silly audit report     }
3497 silly audit report   ],
3497 silly audit report   nodemailer: [
3497 silly audit report     {
3497 silly audit report       id: 1109804,
3497 silly audit report       url: 'https://github.com/advisories/GHSA-mm7p-fcc7-pg87',
3497 silly audit report       title: 'Nodemailer: Email to an unintended domain can occur due to Interpretation Conflict',
3497 silly audit report       severity: 'moderate',
3497 silly audit report       vulnerable_versions: '<7.0.7',
3497 silly audit report       cwe: [Array],
3497 silly audit report       cvss: [Object]
3497 silly audit report     },
3497 silly audit report     {
3497 silly audit report       id: 1120795,
3497 silly audit report       url: 'https://github.com/advisories/GHSA-268h-hp4c-crq3',
3497 silly audit report       title: 'Nodemailer: CRLF injection in Nodemailer List-* header comments allows arbitrary message header injection',
3497 silly audit report       severity: 'moderate',
3497 silly audit report       vulnerable_versions: '<=8.0.8',
3497 silly audit report       cwe: [Array],
3497 silly audit report       cvss: [Object]
3497 silly audit report     },
3497 silly audit report     {
3497 silly audit report       id: 1120796,
3497 silly audit report       url: 'https://github.com/advisories/GHSA-wqvq-jvpq-h66f',
3497 silly audit report       title: 'Nodemailer jsonTransport bypasses disableFileAccess and disableUrlAccess during message normalization',
3497 silly audit report       severity: 'moderate',
3497 silly audit report       vulnerable_versions: '<=8.0.8',
3497 silly audit report       cwe: [Array],
3497 silly audit report       cvss: [Object]
3497 silly audit report     },
3497 silly audit report     {
3497 silly audit report       id: 1120797,
3497 silly audit report       url: 'https://github.com/advisories/GHSA-r7g4-qg5f-qqm2',
3497 silly audit report       title: 'Nodemailer: Improper TLS Certificate Validation in OAuth2 Token Fetch Enables Credential Interception',
3497 silly audit report       severity: 'moderate',
3497 silly audit report       vulnerable_versions: '<=8.0.7',
3497 silly audit report       cwe: [Array],
3497 silly audit report       cvss: [Object]
3497 silly audit report     },
3497 silly audit report     {
3497 silly audit report       id: 1121191,
3497 silly audit report       url: 'https://github.com/advisories/GHSA-p6gq-j5cr-w38f',
3497 silly audit report       title: 'Nodemailer: Message-level raw option bypasses disableFileAccess/disableUrlAccess, enabling arbitrary file read and full-response SSRF in the delivered message',
3497 silly audit report       severity: 'high',
3497 silly audit report       vulnerable_versions: '<=9.0.0',
3497 silly audit report       cwe: [Array],
3497 silly audit report       cvss: [Object]
3497 silly audit report     },
3497 silly audit report     {
3497 silly audit report       id: 1115470,
3497 silly audit report       url: 'https://github.com/advisories/GHSA-c7w3-x93f-qmm8',
3497 silly audit report       title: 'Nodemailer has SMTP command injection due to unsanitized `envelope.size` parameter',
3497 silly audit report       severity: 'low',
3497 silly audit report       vulnerable_versions: '<8.0.4',
3497 silly audit report       cwe: [Array],
3497 silly audit report       cvss: [Object]
3497 silly audit report     },
3497 silly audit report     {
3497 silly audit report       id: 1116270,
3497 silly audit report       url: 'https://github.com/advisories/GHSA-vvjj-xcjg-gr5g',
3497 silly audit report       title: 'Nodemailer Vulnerable to SMTP Command Injection via CRLF in Transport name Option (EHLO/HELO) ',
3497 silly audit report       severity: 'moderate',
3497 silly audit report       vulnerable_versions: '<=8.0.4',
3497 silly audit report       cwe: [Array],
3497 silly audit report       cvss: [Object]
3497 silly audit report     },
3497 silly audit report     {
3497 silly audit report       id: 1123478,
3497 silly audit report       url: 'https://github.com/advisories/GHSA-rcmh-qjqh-p98v',
3497 silly audit report       title: 'Nodemailer’s addressparser is vulnerable to DoS caused by recursive calls',
3497 silly audit report       severity: 'high',
3497 silly audit report       vulnerable_versions: '>=3.0.0 <=7.0.10',
3497 silly audit report       cwe: [Array],
3497 silly audit report       cvss: [Object]
3497 silly audit report     }
3497 silly audit report   ],
3497 silly audit report   'react-router-dom': [
3497 silly audit report     {
3497 silly audit report       id: 1124270,
3497 silly audit report       url: 'https://github.com/advisories/GHSA-jjmj-jmhj-qwj2',
3497 silly audit report       title: 'React Router: Open redirect leading to XSS',
3497 silly audit report       severity: 'moderate',
3497 silly audit report       vulnerable_versions: '>=6.30.2 <=6.30.4',
3497 silly audit report       cwe: [Array],
3497 silly audit report       cvss: [Object]
3497 silly audit report     }
3497 silly audit report   ],
3497 silly audit report   'react-router': [
3497 silly audit report     {
3497 silly audit report       id: 1124268,
3497 silly audit report       url: 'https://github.com/advisories/GHSA-wrjc-x8rr-h8h6',
3497 silly audit report       title: 'React Router: Open redirect via backslash in <Link> and useNavigate (CVE-2025-68470 bypass)',
3497 silly audit report       severity: 'moderate',
3497 silly audit report       vulnerable_versions: '>=6.0.0 <7.18.0',
3497 silly audit report       cwe: [Array],
3497 silly audit report       cvss: [Object]
3497 silly audit report     },
3497 silly audit report     {
3497 silly audit report       id: 1124272,
3497 silly audit report       url: 'https://github.com/advisories/GHSA-337j-9hxr-rhxg',
3497 silly audit report       title: 'React Router: Arbitrary Constructor Injection via deserializeErrors() in React Router SSR Hydration',
3497 silly audit report       severity: 'moderate',
3497 silly audit report       vulnerable_versions: '>=6.4.0 <7.18.0',
3497 silly audit report       cwe: [Array],
3497 silly audit report       cvss: [Object]
3497 silly audit report     }
3497 silly audit report   ],
3497 silly audit report   esbuild: [
3497 silly audit report     {
3497 silly audit report       id: 1102341,
3497 silly audit report       url: 'https://github.com/advisories/GHSA-67mh-4wv8-2f99',
3497 silly audit report       title: 'esbuild enables any website to send any requests to the development server and read the response',
3497 silly audit report       severity: 'moderate',
3497 silly audit report       vulnerable_versions: '<=0.24.2',
3497 silly audit report       cwe: [Array],
3497 silly audit report       cvss: [Object]
3497 silly audit report     }
3497 silly audit report   ]
3497 silly audit report }
3498 silly packumentCache corgi:https://registry.npmjs.org/vite cache-miss
3499 silly packumentCache corgi:https://registry.npmjs.org/nodemailer cache-miss
3500 silly packumentCache corgi:https://registry.npmjs.org/react-router-dom cache-miss
3501 silly packumentCache corgi:https://registry.npmjs.org/react-router cache-miss
3502 silly packumentCache corgi:https://registry.npmjs.org/esbuild cache-miss
3503 http fetch GET 200 https://registry.npmjs.org/@types/d3-interpolate/-/d3-interpolate-3.0.4.tgz 268ms (cache miss)
3504 http fetch GET 200 https://registry.npmjs.org/escalade/-/escalade-3.2.0.tgz 269ms (cache miss)
3505 http fetch GET 200 https://registry.npmjs.org/thenify/-/thenify-3.3.1.tgz 270ms (cache miss)
3506 http fetch GET 200 https://registry.npmjs.org/ts-interface-checker/-/ts-interface-checker-0.1.13.tgz 272ms (cache miss)
3507 http fetch GET 200 https://registry.npmjs.org/mz/-/mz-2.7.0.tgz 273ms (cache miss)
3508 http fetch GET 200 https://registry.npmjs.org/any-promise/-/any-promise-1.3.0.tgz 275ms (cache miss)
3509 http fetch GET 200 https://registry.npmjs.org/commander/-/commander-4.1.1.tgz 277ms (cache miss)
3510 http fetch GET 200 https://registry.npmjs.org/lines-and-columns/-/lines-and-columns-1.2.4.tgz 293ms (cache miss)
3511 http fetch GET 200 https://registry.npmjs.org/pify/-/pify-2.3.0.tgz 296ms (cache miss)
3512 http fetch GET 200 https://registry.npmjs.org/queue-microtask/-/queue-microtask-1.2.3.tgz 300ms (cache miss)
3513 http fetch GET 200 https://registry.npmjs.org/camelcase-css/-/camelcase-css-2.0.1.tgz 302ms (cache miss)
3514 http fetch GET 200 https://registry.npmjs.org/supports-preserve-symlinks-flag/-/supports-preserve-symlinks-flag-1.0.0.tgz 306ms (cache miss)
3515 http fetch GET 200 https://registry.npmjs.org/rollup/-/rollup-4.62.4.tgz 312ms (cache miss)
3516 http fetch GET 200 https://registry.npmjs.org/path-parse/-/path-parse-1.0.7.tgz 311ms (cache miss)
3517 http fetch GET 200 https://registry.npmjs.org/is-core-module/-/is-core-module-2.16.2.tgz 311ms (cache miss)
3518 http fetch GET 200 https://registry.npmjs.org/cssesc/-/cssesc-3.0.0.tgz 320ms (cache miss)
3519 http fetch GET 200 https://registry.npmjs.org/read-cache/-/read-cache-1.0.0.tgz 321ms (cache miss)
3520 http fetch GET 200 https://registry.npmjs.org/reusify/-/reusify-1.1.0.tgz 327ms (cache miss)
3521 http fetch GET 200 https://registry.npmjs.org/util-deprecate/-/util-deprecate-1.0.2.tgz 329ms (cache miss)
3522 http fetch GET 200 https://registry.npmjs.org/@rollup/rollup-darwin-arm64/-/rollup-darwin-arm64-4.62.4.tgz 338ms (cache miss)
3523 http fetch GET 200 https://registry.npmjs.org/binary-extensions/-/binary-extensions-2.3.0.tgz 335ms (cache miss)
3524 http fetch GET 200 https://registry.npmjs.org/merge2/-/merge2-1.4.1.tgz 335ms (cache miss)
3525 http fetch GET 200 https://registry.npmjs.org/fastq/-/fastq-1.20.1.tgz 339ms (cache miss)
3526 http fetch GET 200 https://registry.npmjs.org/to-regex-range/-/to-regex-range-5.0.1.tgz 348ms (cache miss)
3527 http fetch GET 200 https://registry.npmjs.org/run-parallel/-/run-parallel-1.2.0.tgz 355ms (cache miss)
3528 http fetch GET 200 https://registry.npmjs.org/@nodelib/fs.stat/-/fs.stat-2.0.5.tgz 354ms (cache miss)
3529 http fetch GET 200 https://registry.npmjs.org/@nodelib/fs.walk/-/fs.walk-1.2.8.tgz 356ms (cache miss)
3530 http fetch GET 200 https://registry.npmjs.org/@nodelib/fs.scandir/-/fs.scandir-2.1.5.tgz 357ms (cache miss)
3531 http fetch GET 200 https://registry.npmjs.org/is-binary-path/-/is-binary-path-2.1.0.tgz 360ms (cache miss)
3532 http fetch GET 200 https://registry.npmjs.org/picomatch/-/picomatch-2.3.2.tgz 360ms (cache miss)
3533 http fetch GET 200 https://registry.npmjs.org/readdirp/-/readdirp-3.6.0.tgz 368ms (cache miss)
3534 http fetch GET 200 https://registry.npmjs.org/fsevents/-/fsevents-2.3.3.tgz 373ms (cache miss)
3535 http fetch GET 200 https://registry.npmjs.org/braces/-/braces-3.0.3.tgz 374ms (cache miss)
3536 http fetch GET 200 https://registry.npmjs.org/postcss-load-config/-/postcss-load-config-6.0.1.tgz 385ms (cache miss)
3537 http fetch GET 200 https://registry.npmjs.org/postcss-nested/-/postcss-nested-6.2.0.tgz 385ms (cache miss)
3538 http fetch GET 200 https://registry.npmjs.org/postcss-selector-parser/-/postcss-selector-parser-6.1.4.tgz 394ms (cache miss)
3539 http fetch GET 200 https://registry.npmjs.org/anymatch/-/anymatch-3.1.3.tgz 394ms (cache miss)
3540 http fetch GET 200 https://registry.npmjs.org/is-extglob/-/is-extglob-2.1.1.tgz 397ms (cache miss)
3541 http fetch GET 200 https://registry.npmjs.org/postcss-js/-/postcss-js-4.1.0.tgz 402ms (cache miss)
3542 http fetch GET 200 https://registry.npmjs.org/resolve/-/resolve-1.22.12.tgz 404ms (cache miss)
3543 http fetch GET 200 https://registry.npmjs.org/postcss-import/-/postcss-import-15.1.0.tgz 407ms (cache miss)
3544 http fetch GET 200 https://registry.npmjs.org/object-hash/-/object-hash-3.0.0.tgz 412ms (cache miss)
3545 http fetch GET 200 https://registry.npmjs.org/normalize-path/-/normalize-path-3.0.0.tgz 412ms (cache miss)
3546 http fetch GET 200 https://registry.npmjs.org/micromatch/-/micromatch-4.0.8.tgz 422ms (cache miss)
3547 http fetch GET 200 https://registry.npmjs.org/@types/d3-ease/-/d3-ease-3.0.2.tgz 430ms (cache miss)
3548 http fetch GET 200 https://registry.npmjs.org/is-glob/-/is-glob-4.0.3.tgz 426ms (cache miss)
3549 http fetch GET 200 https://registry.npmjs.org/d3-shape/-/d3-shape-3.2.0.tgz 435ms (cache miss)
3550 http fetch GET 200 https://registry.npmjs.org/glob-parent/-/glob-parent-6.0.2.tgz 434ms (cache miss)
3551 http fetch GET 200 https://registry.npmjs.org/chokidar/-/chokidar-3.6.0.tgz 438ms (cache miss)
3552 http fetch GET 200 https://registry.npmjs.org/didyoumean/-/didyoumean-1.2.2.tgz 440ms (cache miss)
3553 http fetch GET 200 https://registry.npmjs.org/dlv/-/dlv-1.1.3.tgz 453ms (cache miss)
3554 http fetch GET 200 https://registry.npmjs.org/has-flag/-/has-flag-4.0.0.tgz 459ms (cache miss)
3555 http fetch GET 200 https://registry.npmjs.org/arg/-/arg-5.0.2.tgz 459ms (cache miss)
3556 http fetch GET 200 https://registry.npmjs.org/fast-glob/-/fast-glob-3.3.3.tgz 461ms (cache miss)
3557 http fetch GET 200 https://registry.npmjs.org/dunder-proto/-/dunder-proto-1.0.1.tgz 467ms (cache miss)
3558 http fetch GET 200 https://registry.npmjs.org/sucrase/-/sucrase-3.35.1.tgz 474ms (cache miss)
3559 http fetch GET 200 https://registry.npmjs.org/@alloc/quick-lru/-/quick-lru-5.2.0.tgz 480ms (cache miss)
3560 http fetch GET 200 https://registry.npmjs.org/math-intrinsics/-/math-intrinsics-1.1.0.tgz 480ms (cache miss)
3561 http fetch GET 200 https://registry.npmjs.org/gopd/-/gopd-1.2.0.tgz 485ms (cache miss)
3562 http fetch GET 200 https://registry.npmjs.org/function-bind/-/function-bind-1.1.2.tgz 486ms (cache miss)
3563 http fetch GET 200 https://registry.npmjs.org/get-proto/-/get-proto-1.0.1.tgz 486ms (cache miss)
3564 http fetch GET 200 https://registry.npmjs.org/get-intrinsic/-/get-intrinsic-1.3.0.tgz 487ms (cache miss)
3565 http fetch GET 200 https://registry.npmjs.org/lilconfig/-/lilconfig-3.1.3.tgz 489ms (cache miss)
3566 http fetch GET 200 https://registry.npmjs.org/call-bound/-/call-bound-1.0.4.tgz 493ms (cache miss)
3567 http fetch GET 200 https://registry.npmjs.org/hasown/-/hasown-2.0.4.tgz 496ms (cache miss)
3568 http fetch GET 200 https://registry.npmjs.org/has-symbols/-/has-symbols-1.1.0.tgz 499ms (cache miss)
3569 http fetch GET 200 https://registry.npmjs.org/jiti/-/jiti-1.21.7.tgz 501ms (cache miss)
3570 http fetch GET 200 https://registry.npmjs.org/side-channel-weakmap/-/side-channel-weakmap-1.0.2.tgz 510ms (cache miss)
3571 http fetch GET 200 https://registry.npmjs.org/side-channel-map/-/side-channel-map-1.0.1.tgz 510ms (cache miss)
3572 http fetch GET 200 https://registry.npmjs.org/object-inspect/-/object-inspect-1.13.4.tgz 515ms (cache miss)
3573 http fetch GET 200 https://registry.npmjs.org/mime/-/mime-1.6.0.tgz 517ms (cache miss)
3574 http fetch GET 200 https://registry.npmjs.org/es-errors/-/es-errors-1.3.0.tgz 521ms (cache miss)
3575 http fetch GET 200 https://registry.npmjs.org/side-channel-list/-/side-channel-list-1.0.1.tgz 524ms (cache miss)
3576 http fetch GET 200 https://registry.npmjs.org/call-bind-apply-helpers/-/call-bind-apply-helpers-1.0.2.tgz 521ms (cache miss)
3577 http fetch GET 200 https://registry.npmjs.org/prop-types/-/prop-types-15.8.1.tgz 527ms (cache miss)
3578 http fetch GET 200 https://registry.npmjs.org/react-transition-group/-/react-transition-group-4.4.5.tgz 533ms (cache miss)
3579 http fetch GET 200 https://registry.npmjs.org/decimal.js-light/-/decimal.js-light-2.5.1.tgz 534ms (cache miss)
3580 http fetch GET 200 https://registry.npmjs.org/es-object-atoms/-/es-object-atoms-1.1.2.tgz 534ms (cache miss)
3581 http fetch GET 200 https://registry.npmjs.org/tiny-invariant/-/tiny-invariant-1.3.3.tgz 539ms (cache miss)
3582 http fetch GET 200 https://registry.npmjs.org/recharts-scale/-/recharts-scale-0.4.5.tgz 547ms (cache miss)
3583 http fetch GET 200 https://registry.npmjs.org/fast-equals/-/fast-equals-5.4.1.tgz 553ms (cache miss)
3584 http fetch GET 200 https://registry.npmjs.org/dom-helpers/-/dom-helpers-5.2.1.tgz 563ms (cache miss)
3585 http fetch GET 200 https://registry.npmjs.org/@types/d3-time/-/d3-time-3.0.4.tgz 575ms (cache miss)
3586 http fetch GET 200 https://registry.npmjs.org/loose-envify/-/loose-envify-1.4.0.tgz 567ms (cache miss)
3587 http fetch GET 200 https://registry.npmjs.org/quickselect/-/quickselect-2.0.0.tgz 573ms (cache miss)
3588 http fetch GET 200 https://registry.npmjs.org/es-define-property/-/es-define-property-1.0.1.tgz 584ms (cache miss)
3589 http fetch GET 200 https://registry.npmjs.org/react-smooth/-/react-smooth-4.0.4.tgz 588ms (cache miss)
3590 http fetch GET 200 https://registry.npmjs.org/fill-range/-/fill-range-7.1.1.tgz 597ms (cache miss)
3591 http fetch GET 200 https://registry.npmjs.org/forwarded/-/forwarded-0.2.0.tgz 595ms (cache miss)
3592 http fetch GET 200 https://registry.npmjs.org/react-router/-/react-router-6.30.4.tgz 598ms (cache miss)
3593 http fetch GET 200 https://registry.npmjs.org/side-channel/-/side-channel-1.1.1.tgz 606ms (cache miss)
3594 http fetch GET 200 https://registry.npmjs.org/source-map-js/-/source-map-js-1.2.1.tgz 607ms (cache miss)
3595 http fetch GET 200 https://registry.npmjs.org/nanoid/-/nanoid-3.3.17.tgz 612ms (cache miss)
3596 http fetch GET 200 https://registry.npmjs.org/ee-first/-/ee-first-1.1.1.tgz 618ms (cache miss)
3597 http fetch GET 200 https://registry.npmjs.org/mime-db/-/mime-db-1.52.0.tgz 625ms (cache miss)
3598 http fetch GET 200 https://registry.npmjs.org/splaytree-ts/-/splaytree-ts-1.0.2.tgz 627ms (cache miss)
3599 http fetch GET 200 https://registry.npmjs.org/yallist/-/yallist-3.1.1.tgz 626ms (cache miss)
3600 http fetch GET 200 https://registry.npmjs.org/ipaddr.js/-/ipaddr.js-1.9.1.tgz 627ms (cache miss)
3601 http fetch GET 200 https://registry.npmjs.org/bignumber.js/-/bignumber.js-9.3.1.tgz 638ms (cache miss)
3602 http fetch GET 200 https://registry.npmjs.org/safer-buffer/-/safer-buffer-2.1.2.tgz 647ms (cache miss)
3603 http fetch GET 200 https://registry.npmjs.org/react-is/-/react-is-18.3.1.tgz 650ms (cache miss)
3604 http fetch GET 200 https://registry.npmjs.org/scheduler/-/scheduler-0.23.2.tgz 650ms (cache miss)
3605 http fetch GET 200 https://registry.npmjs.org/unpipe/-/unpipe-1.0.0.tgz 650ms (cache miss)
3606 http fetch GET 200 https://registry.npmjs.org/toidentifier/-/toidentifier-1.0.1.tgz 650ms (cache miss)
3607 http fetch GET 200 https://registry.npmjs.org/raw-body/-/raw-body-2.5.3.tgz 653ms (cache miss)
3608 http fetch GET 200 https://registry.npmjs.org/victory-vendor/-/victory-vendor-36.9.2.tgz 659ms (cache miss)
3609 http fetch GET 200 https://registry.npmjs.org/mime-types/-/mime-types-2.1.35.tgz 669ms (cache miss)
3610 http fetch GET 200 https://registry.npmjs.org/inherits/-/inherits-2.0.4.tgz 671ms (cache miss)
3611 http fetch GET 200 https://registry.npmjs.org/utils-merge/-/utils-merge-1.0.1.tgz 671ms (cache miss)
3612 http fetch GET 200 https://registry.npmjs.org/bytes/-/bytes-3.1.2.tgz 673ms (cache miss)
3613 http fetch GET 200 https://registry.npmjs.org/negotiator/-/negotiator-0.6.3.tgz 674ms (cache miss)
3614 http fetch GET 200 https://registry.npmjs.org/type-is/-/type-is-1.6.18.tgz 676ms (cache miss)
3615 http fetch GET 200 https://registry.npmjs.org/destroy/-/destroy-1.2.0.tgz 692ms (cache miss)
3616 http fetch GET 200 https://registry.npmjs.org/safe-buffer/-/safe-buffer-5.2.1.tgz 696ms (cache miss)
3617 http fetch GET 200 https://registry.npmjs.org/setprototypeof/-/setprototypeof-1.2.0.tgz 701ms (cache miss)
3618 http fetch GET 200 https://registry.npmjs.org/range-parser/-/range-parser-1.2.1.tgz 705ms (cache miss)
3619 http fetch GET 200 https://registry.npmjs.org/send/-/send-0.19.2.tgz 709ms (cache miss)
3620 http fetch GET 200 https://registry.npmjs.org/statuses/-/statuses-2.0.2.tgz 712ms (cache miss)
3621 http fetch GET 200 https://registry.npmjs.org/serve-static/-/serve-static-1.16.3.tgz 715ms (cache miss)
3622 http fetch GET 200 https://registry.npmjs.org/proxy-addr/-/proxy-addr-2.0.7.tgz 719ms (cache miss)
3623 http fetch GET 200 https://registry.npmjs.org/path-to-regexp/-/path-to-regexp-0.1.13.tgz 731ms (cache miss)
3624 http fetch GET 200 https://registry.npmjs.org/merge-descriptors/-/merge-descriptors-1.0.3.tgz 738ms (cache miss)
3625 http fetch GET 200 https://registry.npmjs.org/methods/-/methods-1.1.2.tgz 743ms (cache miss)
3626 http fetch GET 200 https://registry.npmjs.org/http-errors/-/http-errors-2.0.1.tgz 744ms (cache miss)
3627 http fetch GET 200 https://registry.npmjs.org/on-finished/-/on-finished-2.4.1.tgz 749ms (cache miss)
3628 http fetch GET 200 https://registry.npmjs.org/fresh/-/fresh-0.5.2.tgz 762ms (cache miss)
3629 http fetch GET 200 https://registry.npmjs.org/@react-leaflet/core/-/core-2.1.0.tgz 765ms (cache miss)
3630 http fetch GET 200 https://registry.npmjs.org/finalhandler/-/finalhandler-1.3.2.tgz 764ms (cache miss)
3631 http fetch GET 200 https://registry.npmjs.org/parseurl/-/parseurl-1.3.3.tgz 774ms (cache miss)
3632 http fetch GET 200 https://registry.npmjs.org/etag/-/etag-1.8.1.tgz 784ms (cache miss)
3633 http fetch GET 200 https://registry.npmjs.org/escape-html/-/escape-html-1.0.3.tgz 789ms (cache miss)
3634 http fetch GET 200 https://registry.npmjs.org/depd/-/depd-2.0.0.tgz 792ms (cache miss)
3635 http fetch GET 200 https://registry.npmjs.org/cookie-signature/-/cookie-signature-1.0.7.tgz 792ms (cache miss)
3636 http fetch GET 200 https://registry.npmjs.org/encodeurl/-/encodeurl-2.0.0.tgz 796ms (cache miss)
3637 http fetch GET 200 https://registry.npmjs.org/eventemitter3/-/eventemitter3-4.0.7.tgz 800ms (cache miss)
3638 http fetch GET 200 https://registry.npmjs.org/cookie/-/cookie-0.7.2.tgz 801ms (cache miss)
3639 http fetch GET 200 https://registry.npmjs.org/content-type/-/content-type-1.0.5.tgz 823ms (cache miss)
3640 http fetch GET 200 https://registry.npmjs.org/array-flatten/-/array-flatten-1.1.1.tgz 823ms (cache miss)
3641 http fetch GET 200 https://registry.npmjs.org/body-parser/-/body-parser-1.20.6.tgz 824ms (cache miss)
3642 http fetch GET 200 https://registry.npmjs.org/accepts/-/accepts-1.3.8.tgz 828ms (cache miss)
3643 http fetch GET 200 https://registry.npmjs.org/content-disposition/-/content-disposition-0.5.4.tgz 832ms (cache miss)
3644 http fetch GET 200 https://registry.npmjs.org/ms/-/ms-2.1.3.tgz 835ms (cache miss)
3645 http fetch GET 200 https://registry.npmjs.org/internmap/-/internmap-1.0.1.tgz 855ms (cache miss)
3646 http fetch GET 200 https://registry.npmjs.org/vary/-/vary-1.1.2.tgz 856ms (cache miss)
3647 http fetch GET 200 https://registry.npmjs.org/object-assign/-/object-assign-4.1.1.tgz 861ms (cache miss)
3648 http fetch GET 200 https://registry.npmjs.org/color-name/-/color-name-1.1.4.tgz 861ms (cache miss)
3649 http fetch GET 200 https://registry.npmjs.org/color-convert/-/color-convert-2.0.1.tgz 867ms (cache miss)
3650 http fetch GET 200 https://registry.npmjs.org/@types/d3-array/-/d3-array-3.2.2.tgz 887ms (cache miss)
3651 http fetch GET 200 https://registry.npmjs.org/ansi-styles/-/ansi-styles-4.3.0.tgz 877ms (cache miss)
3652 http fetch GET 200 https://registry.npmjs.org/@babel/runtime/-/runtime-7.29.7.tgz 880ms (cache miss)
3653 http fetch GET 200 https://registry.npmjs.org/d3-array/-/d3-array-2.12.1.tgz 882ms (cache miss)
3654 http fetch GET 200 https://registry.npmjs.org/spawn-command/-/spawn-command-0.0.2.tgz 896ms (cache miss)
3655 http fetch GET 200 https://registry.npmjs.org/supports-color/-/supports-color-8.1.1.tgz 897ms (cache miss)
3656 http fetch GET 200 https://registry.npmjs.org/qs/-/qs-6.15.3.tgz 900ms (cache miss)
3657 http fetch GET 200 https://registry.npmjs.org/osrm-text-instructions/-/osrm-text-instructions-0.13.4.tgz 925ms (cache miss)
3658 http fetch GET 200 https://registry.npmjs.org/chalk/-/chalk-4.1.2.tgz 958ms (cache miss)
3659 http fetch GET 200 https://registry.npmjs.org/node-releases/-/node-releases-2.0.53.tgz 962ms (cache miss)
3660 http fetch GET 200 https://registry.npmjs.org/update-browserslist-db/-/update-browserslist-db-1.3.0.tgz 983ms (cache miss)
3661 http fetch GET 200 https://registry.npmjs.org/yargs/-/yargs-17.7.3.tgz 1050ms (cache miss)
3662 http fetch GET 200 https://registry.npmjs.org/lodash/-/lodash-4.18.1.tgz 1085ms (cache miss)
3663 http fetch GET 200 https://registry.npmjs.org/@esbuild/darwin-arm64/-/darwin-arm64-0.21.5.tgz 1106ms (cache miss)
3664 http fetch GET 200 https://registry.npmjs.org/baseline-browser-mapping/-/baseline-browser-mapping-2.11.12.tgz 1089ms (cache miss)
3665 http fetch GET 200 https://registry.npmjs.org/@mapbox/polyline/-/polyline-0.2.0.tgz 1106ms (cache miss)
3666 http fetch GET 200 https://registry.npmjs.org/@types/babel__template/-/babel__template-7.4.4.tgz 1116ms (cache miss)
3667 http fetch GET 200 https://registry.npmjs.org/@types/babel__traverse/-/babel__traverse-7.28.0.tgz 1119ms (cache miss)
3668 http fetch GET 200 https://registry.npmjs.org/postcss-value-parser/-/postcss-value-parser-4.2.0.tgz 1121ms (cache miss)
3669 http fetch GET 200 https://registry.npmjs.org/tree-kill/-/tree-kill-1.2.2.tgz 1128ms (cache miss)
3670 http fetch GET 200 https://registry.npmjs.org/@types/babel__generator/-/babel__generator-7.27.0.tgz 1138ms (cache miss)
3671 http fetch GET 200 https://registry.npmjs.org/@jridgewell/resolve-uri/-/resolve-uri-3.1.2.tgz 1159ms (cache miss)
3672 http fetch GET 200 https://registry.npmjs.org/@jridgewell/sourcemap-codec/-/sourcemap-codec-1.5.5.tgz 1160ms (cache miss)
3673 http fetch GET 200 https://registry.npmjs.org/@mapbox/corslite/-/corslite-0.0.7.tgz 1176ms (cache miss)
3674 http fetch GET 200 https://registry.npmjs.org/point-in-polygon/-/point-in-polygon-1.1.0.tgz 1174ms (cache miss)
3675 http fetch GET 200 https://registry.npmjs.org/lru-cache/-/lru-cache-5.1.1.tgz 1180ms (cache miss)
3676 http fetch GET 200 https://registry.npmjs.org/@babel/helper-plugin-utils/-/helper-plugin-utils-7.29.7.tgz 1182ms (cache miss)
3677 http fetch GET 200 https://registry.npmjs.org/shell-quote/-/shell-quote-1.10.0.tgz 1184ms (cache miss)
3678 http fetch GET 200 https://registry.npmjs.org/@babel/helper-module-imports/-/helper-module-imports-7.29.7.tgz 1202ms (cache miss)
3679 http fetch GET 200 https://registry.npmjs.org/@babel/compat-data/-/compat-data-7.29.7.tgz 1203ms (cache miss)
3680 http fetch GET 200 https://registry.npmjs.org/fraction.js/-/fraction.js-5.3.4.tgz 1205ms (cache miss)
3681 http fetch GET 200 https://registry.npmjs.org/picocolors/-/picocolors-1.1.1.tgz 1206ms (cache miss)
3682 http fetch GET 200 https://registry.npmjs.org/@babel/helper-validator-option/-/helper-validator-option-7.29.7.tgz 1208ms (cache miss)
3683 http fetch GET 200 https://registry.npmjs.org/jsesc/-/jsesc-3.1.0.tgz 1209ms (cache miss)
3684 http fetch GET 200 https://registry.npmjs.org/browserslist/-/browserslist-4.28.7.tgz 1211ms (cache miss)
3685 http fetch GET 200 https://registry.npmjs.org/electron-to-chromium/-/electron-to-chromium-1.5.402.tgz 1219ms (cache miss)
3686 http fetch GET 200 https://registry.npmjs.org/js-tokens/-/js-tokens-4.0.0.tgz 1221ms (cache miss)
3687 http fetch GET 200 https://registry.npmjs.org/convert-source-map/-/convert-source-map-2.0.0.tgz 1248ms (cache miss)
3688 http fetch GET 200 https://registry.npmjs.org/@babel/helper-validator-identifier/-/helper-validator-identifier-7.29.7.tgz 1253ms (cache miss)
3689 http fetch GET 200 https://registry.npmjs.org/gensync/-/gensync-1.0.0-beta.2.tgz 1256ms (cache miss)
3690 http fetch GET 200 https://registry.npmjs.org/debug/-/debug-4.4.3.tgz 1271ms (cache miss)
3691 http fetch GET 200 https://registry.npmjs.org/json5/-/json5-2.2.3.tgz 1276ms (cache miss)
3692 http fetch GET 200 https://registry.npmjs.org/@jridgewell/trace-mapping/-/trace-mapping-0.3.31.tgz 1279ms (cache miss)
3693 http fetch GET 200 https://registry.npmjs.org/semver/-/semver-6.3.1.tgz 1278ms (cache miss)
3694 http fetch GET 200 https://registry.npmjs.org/@jridgewell/gen-mapping/-/gen-mapping-0.3.13.tgz 1281ms (cache miss)
3695 http fetch GET 200 https://registry.npmjs.org/@babel/template/-/template-7.29.7.tgz 1298ms (cache miss)
3696 http fetch GET 200 https://registry.npmjs.org/@jridgewell/remapping/-/remapping-2.3.5.tgz 1352ms (cache miss)
3697 http fetch GET 200 https://registry.npmjs.org/@types/babel__core/-/babel__core-7.20.5.tgz 1382ms (cache miss)
3698 http fetch GET 200 https://registry.npmjs.org/@babel/generator/-/generator-7.29.8.tgz 1390ms (cache miss)
3699 http fetch GET 200 https://registry.npmjs.org/@babel/code-frame/-/code-frame-7.29.7.tgz 1393ms (cache miss)
3700 http fetch GET 200 https://registry.npmjs.org/@remix-run/router/-/router-1.23.3.tgz 1412ms (cache miss)
3701 http fetch GET 200 https://registry.npmjs.org/react-refresh/-/react-refresh-0.17.0.tgz 1407ms (cache miss)
3702 http fetch GET 200 https://registry.npmjs.org/@babel/parser/-/parser-7.29.8.tgz 1418ms (cache miss)
3703 http fetch GET 200 https://registry.npmjs.org/@babel/plugin-transform-react-jsx-source/-/plugin-transform-react-jsx-source-7.29.7.tgz 1422ms (cache miss)
3704 http fetch GET 200 https://registry.npmjs.org/@babel/plugin-transform-react-jsx-self/-/plugin-transform-react-jsx-self-7.29.7.tgz 1423ms (cache miss)
3705 http fetch GET 200 https://registry.npmjs.org/@rolldown/pluginutils/-/pluginutils-1.0.0-beta.27.tgz 1428ms (cache miss)
3706 http fetch GET 200 https://registry.npmjs.org/@types/prop-types/-/prop-types-15.7.15.tgz 1430ms (cache miss)
3707 http fetch GET 200 https://registry.npmjs.org/@babel/helper-compilation-targets/-/helper-compilation-targets-7.29.7.tgz 1431ms (cache miss)
3708 http fetch GET 200 https://registry.npmjs.org/@babel/types/-/types-7.29.8.tgz 1440ms (cache miss)
3709 http fetch GET 200 https://registry.npmjs.org/caniuse-lite/-/caniuse-lite-1.0.30001807.tgz 1449ms (cache miss)
3710 http fetch GET 200 https://registry.npmjs.org/iconv-lite/-/iconv-lite-0.4.24.tgz 1463ms (cache miss)
3711 http fetch GET 200 https://registry.npmjs.org/@types/earcut/-/earcut-2.1.4.tgz 1457ms (cache miss)
3712 http fetch GET 200 https://registry.npmjs.org/fast-deep-equal/-/fast-deep-equal-3.1.3.tgz 1464ms (cache miss)
3713 http fetch GET 200 https://registry.npmjs.org/@babel/helper-string-parser/-/helper-string-parser-7.29.7.tgz 1473ms (cache miss)
3714 http fetch GET 200 https://registry.npmjs.org/earcut/-/earcut-2.2.4.tgz 1472ms (cache miss)
3715 http fetch GET 200 https://registry.npmjs.org/tinyqueue/-/tinyqueue-2.0.3.tgz 1474ms (cache miss)
3716 http fetch GET 200 https://registry.npmjs.org/csstype/-/csstype-3.2.3.tgz 1479ms (cache miss)
3717 http fetch GET 200 https://registry.npmjs.org/robust-predicates/-/robust-predicates-2.0.4.tgz 1479ms (cache miss)
3718 http fetch GET 200 https://registry.npmjs.org/concaveman/-/concaveman-1.2.1.tgz 1500ms (cache miss)
3719 http fetch GET 200 https://registry.npmjs.org/geojson-polygon-self-intersections/-/geojson-polygon-self-intersections-1.2.2.tgz 1521ms (cache miss)
3720 http fetch GET 200 https://registry.npmjs.org/skmeans/-/skmeans-0.9.7.tgz 1524ms (cache miss)
3721 http fetch GET 200 https://registry.npmjs.org/point-in-polygon-hao/-/point-in-polygon-hao-1.2.4.tgz 1525ms (cache miss)
3722 http fetch GET 200 https://registry.npmjs.org/topojson-client/-/topojson-client-3.1.0.tgz 1527ms (cache miss)
3723 http fetch GET 200 https://registry.npmjs.org/@babel/core/-/core-7.29.7.tgz 1535ms (cache miss)
3724 http fetch GET 200 https://registry.npmjs.org/@babel/traverse/-/traverse-7.29.8.tgz 1539ms (cache miss)
3725 http fetch GET 200 https://registry.npmjs.org/@babel/helpers/-/helpers-7.29.7.tgz 1542ms (cache miss)
3726 http fetch GET 200 https://registry.npmjs.org/geojson-equality-ts/-/geojson-equality-ts-1.0.2.tgz 1540ms (cache miss)
3727 http fetch GET 200 https://registry.npmjs.org/arc/-/arc-0.2.0.tgz 1542ms (cache miss)
3728 http fetch GET 200 https://registry.npmjs.org/tslib/-/tslib-2.8.1.tgz 1560ms (cache miss)
3729 http fetch GET 200 https://registry.npmjs.org/@types/geojson/-/geojson-7946.0.16.tgz 1561ms (cache miss)
3730 http fetch GET 200 https://registry.npmjs.org/d3-geo/-/d3-geo-2.0.2.tgz 1562ms (cache miss)
3731 http fetch GET 200 https://registry.npmjs.org/rbush/-/rbush-3.0.1.tgz 1566ms (cache miss)
3732 http fetch GET 200 https://registry.npmjs.org/topojson-server/-/topojson-server-3.0.1.tgz 1601ms (cache miss)
3733 http fetch GET 200 https://registry.npmjs.org/@types/d3-voronoi/-/d3-voronoi-1.1.12.tgz 1679ms (cache miss)
3734 http fetch GET 200 https://registry.npmjs.org/polyclip-ts/-/polyclip-ts-0.16.8.tgz 1681ms (cache miss)
3735 http fetch GET 200 https://registry.npmjs.org/d3-voronoi/-/d3-voronoi-1.1.2.tgz 1752ms (cache miss)
3736 http fetch GET 200 https://registry.npmjs.org/@turf/voronoi/-/voronoi-7.4.0.tgz 1793ms (cache miss)
3737 http fetch GET 200 https://registry.npmjs.org/@types/kdbush/-/kdbush-3.0.5.tgz 1809ms (cache miss)
3738 http fetch GET 200 https://registry.npmjs.org/@turf/truncate/-/truncate-7.4.0.tgz 1828ms (cache miss)
3739 http fetch GET 200 https://registry.npmjs.org/@babel/helper-module-transforms/-/helper-module-transforms-7.29.7.tgz 1843ms (cache miss)
3740 http fetch GET 200 https://registry.npmjs.org/@turf/square-grid/-/square-grid-7.4.0.tgz 1869ms (cache miss)
3741 http fetch GET 200 https://registry.npmjs.org/rxjs/-/rxjs-7.8.2.tgz 1904ms (cache miss)
3742 http fetch GET 200 https://registry.npmjs.org/@turf/tag/-/tag-7.4.0.tgz 1896ms (cache miss)
3743 http fetch GET 200 https://registry.npmjs.org/@babel/helper-globals/-/helper-globals-7.29.7.tgz 1903ms (cache miss)
3744 http fetch GET 200 https://registry.npmjs.org/@turf/standard-deviational-ellipse/-/standard-deviational-ellipse-7.4.0.tgz 1979ms (cache miss)
3745 http fetch GET 200 https://registry.npmjs.org/@turf/unkink-polygon/-/unkink-polygon-7.4.0.tgz 2000ms (cache miss)
3746 http fetch GET 200 https://registry.npmjs.org/@turf/transform-translate/-/transform-translate-7.4.0.tgz 2014ms (cache miss)
3747 http fetch GET 200 https://registry.npmjs.org/@turf/jsts/-/jsts-2.7.2.tgz 2040ms (cache miss)
3748 http fetch GET 200 https://registry.npmjs.org/@turf/triangle-grid/-/triangle-grid-7.4.0.tgz 2045ms (cache miss)
3749 http fetch GET 200 https://registry.npmjs.org/@turf/tesselate/-/tesselate-7.4.0.tgz 2123ms (cache miss)
3750 http fetch GET 200 https://registry.npmjs.org/@turf/transform-rotate/-/transform-rotate-7.4.0.tgz 2158ms (cache miss)
3751 http fetch GET 200 https://registry.npmjs.org/@turf/tin/-/tin-7.4.0.tgz 2182ms (cache miss)
3752 http fetch GET 200 https://registry.npmjs.org/@turf/sector/-/sector-7.4.0.tgz 2182ms (cache miss)
3753 http fetch GET 200 https://registry.npmjs.org/@turf/simplify/-/simplify-7.4.0.tgz 2216ms (cache miss)
3754 http fetch GET 200 https://registry.npmjs.org/date-fns/-/date-fns-2.30.0.tgz 2246ms (cache miss)
3755 http fetch GET 200 https://registry.npmjs.org/@turf/rhumb-destination/-/rhumb-destination-7.4.0.tgz 2265ms (cache miss)
3756 http fetch GET 200 https://registry.npmjs.org/@turf/transform-scale/-/transform-scale-7.4.0.tgz 2333ms (cache miss)
3757 http fetch GET 200 https://registry.npmjs.org/@turf/shortest-path/-/shortest-path-7.4.0.tgz 2339ms (cache miss)
3758 http fetch GET 200 https://registry.npmjs.org/@turf/polygon-smooth/-/polygon-smooth-7.4.0.tgz 2364ms (cache miss)
3759 http fetch GET 200 https://registry.npmjs.org/jsts/-/jsts-2.7.1.tgz 2381ms (cache miss)
3760 http fetch GET 200 https://registry.npmjs.org/@turf/rhumb-distance/-/rhumb-distance-7.4.0.tgz 2405ms (cache miss)
3761 http fetch GET 200 https://registry.npmjs.org/@turf/random/-/random-7.4.0.tgz 2418ms (cache miss)
3762 http fetch GET 200 https://registry.npmjs.org/@turf/quadrat-analysis/-/quadrat-analysis-7.4.0.tgz 2421ms (cache miss)
3763 http fetch GET 200 https://registry.npmjs.org/@turf/union/-/union-7.4.0.tgz 2427ms (cache miss)
3764 http fetch GET 200 https://registry.npmjs.org/@turf/rhumb-bearing/-/rhumb-bearing-7.4.0.tgz 2444ms (cache miss)
3765 http fetch GET 200 https://registry.npmjs.org/@turf/point-on-feature/-/point-on-feature-7.4.0.tgz 2448ms (cache miss)
3766 http fetch GET 200 https://registry.npmjs.org/@turf/rewind/-/rewind-7.4.0.tgz 2450ms (cache miss)
3767 http fetch GET 200 https://registry.npmjs.org/@turf/square/-/square-7.4.0.tgz 2452ms (cache miss)
3768 http fetch GET 200 https://registry.npmjs.org/@turf/projection/-/projection-7.4.0.tgz 2455ms (cache miss)
3769 http fetch GET 200 https://registry.npmjs.org/@turf/rectangle-grid/-/rectangle-grid-7.4.0.tgz 2501ms (cache miss)
3770 http fetch GET 200 https://registry.npmjs.org/@turf/polygon-tangents/-/polygon-tangents-7.4.0.tgz 2560ms (cache miss)
3771 http fetch GET 200 https://registry.npmjs.org/@turf/point-to-polygon-distance/-/point-to-polygon-distance-7.4.0.tgz 2640ms (cache miss)
3772 http fetch GET 200 https://registry.npmjs.org/@turf/polygon-to-line/-/polygon-to-line-7.4.0.tgz 2650ms (cache miss)
3773 http fetch GET 200 https://registry.npmjs.org/@turf/sample/-/sample-7.4.0.tgz 2671ms (cache miss)
3774 http fetch GET 200 https://registry.npmjs.org/@turf/polygonize/-/polygonize-7.4.0.tgz 2702ms (cache miss)
3775 http fetch GET 200 https://registry.npmjs.org/@turf/point-to-line-distance/-/point-to-line-distance-7.4.0.tgz 2705ms (cache miss)
3776 http fetch GET 200 https://registry.npmjs.org/@turf/nearest-point/-/nearest-point-7.4.0.tgz 2722ms (cache miss)
3777 http fetch GET 200 https://registry.npmjs.org/@turf/nearest-neighbor-analysis/-/nearest-neighbor-analysis-7.4.0.tgz 2740ms (cache miss)
3778 http fetch GET 200 https://registry.npmjs.org/@turf/midpoint/-/midpoint-7.4.0.tgz 2750ms (cache miss)
3779 http fetch GET 200 https://registry.npmjs.org/@turf/meta/-/meta-7.4.0.tgz 2770ms (cache miss)
3780 http fetch GET 200 https://registry.npmjs.org/@turf/line-to-polygon/-/line-to-polygon-7.4.0.tgz 2778ms (cache miss)
3781 http fetch GET 200 https://registry.npmjs.org/@turf/nearest-point-to-line/-/nearest-point-to-line-7.4.0.tgz 2884ms (cache miss)
3782 http fetch GET 200 https://registry.npmjs.org/@turf/points-within-polygon/-/points-within-polygon-7.4.0.tgz 2887ms (cache miss)
3783 http fetch GET 200 https://registry.npmjs.org/@turf/nearest-point-on-line/-/nearest-point-on-line-7.4.0.tgz 2892ms (cache miss)
3784 http fetch GET 200 https://registry.npmjs.org/@turf/line-slice/-/line-slice-7.4.0.tgz 2892ms (cache miss)
3785 http fetch GET 200 https://registry.npmjs.org/@turf/planepoint/-/planepoint-7.4.0.tgz 2906ms (cache miss)
3786 http fetch GET 200 https://registry.npmjs.org/@turf/line-offset/-/line-offset-7.4.0.tgz 2929ms (cache miss)
3787 http fetch GET 200 https://registry.npmjs.org/@turf/line-intersect/-/line-intersect-7.4.0.tgz 2953ms (cache miss)
3788 http fetch GET 200 https://registry.npmjs.org/@turf/moran-index/-/moran-index-7.4.0.tgz 2957ms (cache miss)
3789 http fetch GET 200 https://registry.npmjs.org/@turf/isolines/-/isolines-7.4.0.tgz 2968ms (cache miss)
3790 http fetch GET 200 https://registry.npmjs.org/@turf/point-grid/-/point-grid-7.4.0.tgz 2983ms (cache miss)
3791 http fetch GET 200 https://registry.npmjs.org/@turf/mask/-/mask-7.4.0.tgz 3000ms (cache miss)
3792 http fetch GET 200 https://registry.npmjs.org/@turf/geojson-rbush/-/geojson-rbush-7.4.0.tgz 3045ms (cache miss)
3793 http fetch GET 200 https://registry.npmjs.org/@turf/line-segment/-/line-segment-7.4.0.tgz 3082ms (cache miss)
3794 http fetch GET 200 https://registry.npmjs.org/@turf/line-slice-along/-/line-slice-along-7.4.0.tgz 3151ms (cache miss)
3795 http fetch GET 200 https://registry.npmjs.org/@turf/kinks/-/kinks-7.4.0.tgz 3169ms (cache miss)
3796 http fetch GET 200 https://registry.npmjs.org/@turf/length/-/length-7.4.0.tgz 3208ms (cache miss)
3797 http fetch GET 200 https://registry.npmjs.org/@turf/line-arc/-/line-arc-7.4.0.tgz 3231ms (cache miss)
3798 http fetch GET 200 https://registry.npmjs.org/@turf/flatten/-/flatten-7.4.0.tgz 3267ms (cache miss)
3799 http fetch GET 200 https://registry.npmjs.org/@turf/line-split/-/line-split-7.4.0.tgz 3291ms (cache miss)
3800 http fetch GET 200 https://registry.npmjs.org/@turf/directional-mean/-/directional-mean-7.4.0.tgz 3302ms (cache miss)
3801 http fetch GET 200 https://registry.npmjs.org/@turf/line-overlap/-/line-overlap-7.4.0.tgz 3322ms (cache miss)
3802 http fetch GET 200 https://registry.npmjs.org/@turf/helpers/-/helpers-7.4.0.tgz 3322ms (cache miss)
3803 http fetch GET 200 https://registry.npmjs.org/@turf/invariant/-/invariant-7.4.0.tgz 3348ms (cache miss)
3804 http fetch GET 200 https://registry.npmjs.org/@turf/isobands/-/isobands-7.4.0.tgz 3367ms (cache miss)
3805 http fetch GET 200 https://registry.npmjs.org/@turf/intersect/-/intersect-7.4.0.tgz 3370ms (cache miss)
3806 http fetch GET 200 https://registry.npmjs.org/@turf/line-chunk/-/line-chunk-7.4.0.tgz 3370ms (cache miss)
3807 http fetch GET 200 https://registry.npmjs.org/@turf/interpolate/-/interpolate-7.4.0.tgz 3420ms (cache miss)
3808 http fetch GET 200 https://registry.npmjs.org/@turf/hex-grid/-/hex-grid-7.4.0.tgz 3458ms (cache miss)
3809 http fetch GET 200 https://registry.npmjs.org/@turf/explode/-/explode-7.4.0.tgz 3539ms (cache miss)
3810 http fetch GET 200 https://registry.npmjs.org/@turf/envelope/-/envelope-7.4.0.tgz 3584ms (cache miss)
3811 http fetch GET 200 https://registry.npmjs.org/@turf/distance/-/distance-7.4.0.tgz 3603ms (cache miss)
3812 http fetch GET 200 https://registry.npmjs.org/@turf/distance-weight/-/distance-weight-7.4.0.tgz 3682ms (cache miss)
3813 http fetch GET 200 https://registry.npmjs.org/@turf/ellipse/-/ellipse-7.4.0.tgz 3690ms (cache miss)
3814 http fetch GET 200 https://registry.npmjs.org/@turf/great-circle/-/great-circle-7.4.0.tgz 3698ms (cache miss)
3815 http fetch GET 200 https://registry.npmjs.org/@turf/convex/-/convex-7.4.0.tgz 3758ms (cache miss)
3816 http fetch GET 200 https://registry.npmjs.org/@turf/destination/-/destination-7.4.0.tgz 3782ms (cache miss)
3817 http fetch GET 200 https://registry.npmjs.org/@turf/clusters-kmeans/-/clusters-kmeans-7.4.0.tgz 3787ms (cache miss)
3818 http fetch GET 200 https://registry.npmjs.org/@turf/flip/-/flip-7.4.0.tgz 3799ms (cache miss)
3819 http fetch GET 200 https://registry.npmjs.org/@turf/collect/-/collect-7.4.0.tgz 3820ms (cache miss)
3820 http fetch GET 200 https://registry.npmjs.org/@turf/dissolve/-/dissolve-7.4.0.tgz 3830ms (cache miss)
3821 http fetch GET 200 https://registry.npmjs.org/@turf/difference/-/difference-7.4.0.tgz 3842ms (cache miss)
3822 http fetch GET 200 https://registry.npmjs.org/@turf/clusters-dbscan/-/clusters-dbscan-7.4.0.tgz 3841ms (cache miss)
3823 http fetch GET 200 https://registry.npmjs.org/@turf/concave/-/concave-7.4.0.tgz 3851ms (cache miss)
3824 http fetch GET 200 https://registry.npmjs.org/@turf/boolean-touches/-/boolean-touches-7.4.0.tgz 3853ms (cache miss)
3825 http fetch GET 200 https://registry.npmjs.org/@turf/boolean-point-in-polygon/-/boolean-point-in-polygon-7.4.0.tgz 3868ms (cache miss)
3826 http fetch GET 200 https://registry.npmjs.org/@turf/boolean-point-on-line/-/boolean-point-on-line-7.4.0.tgz 3875ms (cache miss)
3827 http fetch GET 200 https://registry.npmjs.org/@turf/boolean-within/-/boolean-within-7.4.0.tgz 3891ms (cache miss)
3828 http fetch GET 200 https://registry.npmjs.org/@turf/combine/-/combine-7.4.0.tgz 3912ms (cache miss)
3829 http fetch GET 200 https://registry.npmjs.org/@turf/buffer/-/buffer-7.4.0.tgz 3920ms (cache miss)
3830 http fetch GET 200 https://registry.npmjs.org/@turf/clusters/-/clusters-7.4.0.tgz 3932ms (cache miss)
3831 http fetch GET 200 https://registry.npmjs.org/@turf/clone/-/clone-7.4.0.tgz 3946ms (cache miss)
3832 http fetch GET 200 https://registry.npmjs.org/@turf/clean-coords/-/clean-coords-7.4.0.tgz 3948ms (cache miss)
3833 http fetch GET 200 https://registry.npmjs.org/@turf/center/-/center-7.4.0.tgz 3976ms (cache miss)
3834 http fetch GET 200 https://registry.npmjs.org/@turf/circle/-/circle-7.4.0.tgz 4000ms (cache miss)
3835 http fetch GET 200 https://registry.npmjs.org/@turf/boolean-equal/-/boolean-equal-7.4.0.tgz 4080ms (cache miss)
3836 http fetch GET 200 https://registry.npmjs.org/@turf/center-of-mass/-/center-of-mass-7.4.0.tgz 4089ms (cache miss)
3837 http fetch GET 200 https://registry.npmjs.org/@turf/boolean-intersects/-/boolean-intersects-7.4.0.tgz 4147ms (cache miss)
3838 http fetch GET 200 https://registry.npmjs.org/@turf/boolean-valid/-/boolean-valid-7.4.0.tgz 4167ms (cache miss)
3839 http fetch GET 200 https://registry.npmjs.org/@turf/center-median/-/center-median-7.4.0.tgz 4208ms (cache miss)
3840 http fetch GET 200 https://registry.npmjs.org/@turf/area/-/area-7.4.0.tgz 4207ms (cache miss)
3841 http fetch GET 200 https://registry.npmjs.org/@turf/centroid/-/centroid-7.4.0.tgz 4222ms (cache miss)
3842 http fetch GET 200 https://registry.npmjs.org/@turf/boolean-parallel/-/boolean-parallel-7.4.0.tgz 4270ms (cache miss)
3843 http fetch GET 200 https://registry.npmjs.org/@turf/center-mean/-/center-mean-7.4.0.tgz 4330ms (cache miss)
3844 http fetch GET 200 https://registry.npmjs.org/tailwind-merge/-/tailwind-merge-2.6.1.tgz 4346ms (cache miss)
3845 http fetch GET 200 https://registry.npmjs.org/@turf/boolean-disjoint/-/boolean-disjoint-7.4.0.tgz 4362ms (cache miss)
3846 http fetch GET 200 https://registry.npmjs.org/@turf/bearing/-/bearing-7.4.0.tgz 4369ms (cache miss)
3847 http fetch GET 200 https://registry.npmjs.org/@turf/boolean-crosses/-/boolean-crosses-7.4.0.tgz 4386ms (cache miss)
3848 http fetch GET 200 https://registry.npmjs.org/@turf/along/-/along-7.4.0.tgz 4387ms (cache miss)
3849 http fetch GET 200 https://registry.npmjs.org/react-leaflet/-/react-leaflet-4.2.1.tgz 4391ms (cache miss)
3850 http fetch GET 200 https://registry.npmjs.org/@turf/boolean-concave/-/boolean-concave-7.4.0.tgz 4392ms (cache miss)
3851 http fetch GET 200 https://registry.npmjs.org/@turf/boolean-clockwise/-/boolean-clockwise-7.4.0.tgz 4402ms (cache miss)
3852 http fetch GET 200 https://registry.npmjs.org/react/-/react-18.3.1.tgz 4435ms (cache miss)
3853 http fetch GET 200 https://registry.npmjs.org/dotenv/-/dotenv-16.6.1.tgz 4542ms (cache miss)
3854 http fetch GET 200 https://registry.npmjs.org/@turf/angle/-/angle-7.4.0.tgz 4543ms (cache miss)
3855 http fetch GET 200 https://registry.npmjs.org/@turf/bbox-polygon/-/bbox-polygon-7.4.0.tgz 4558ms (cache miss)
3856 http fetch GET 200 https://registry.npmjs.org/cors/-/cors-2.8.6.tgz 4574ms (cache miss)
3857 http fetch GET 200 https://registry.npmjs.org/leaflet-routing-machine/-/leaflet-routing-machine-3.2.12.tgz 4575ms (cache miss)
3858 http fetch GET 200 https://registry.npmjs.org/tailwindcss/-/tailwindcss-3.4.19.tgz 4581ms (cache miss)
3859 http fetch GET 200 https://registry.npmjs.org/clsx/-/clsx-2.1.1.tgz 4586ms (cache miss)
3860 http fetch GET 200 https://registry.npmjs.org/react-router-dom/-/react-router-dom-6.30.4.tgz 4606ms (cache miss)
3861 http fetch GET 200 https://registry.npmjs.org/postcss/-/postcss-8.5.26.tgz 4615ms (cache miss)
3862 http fetch GET 200 https://registry.npmjs.org/@turf/bezier-spline/-/bezier-spline-7.4.0.tgz 4620ms (cache miss)
3863 http fetch GET 200 https://registry.npmjs.org/recharts/-/recharts-2.15.4.tgz 4624ms (cache miss)
3864 warn deprecated recharts@2.15.4: 1.x and 2.x branches are no longer active. Bump to Recharts v3 to receive latest features and bugfixes. See https://github.com/recharts/recharts/wiki/3.0-migration-guide
3865 http fetch GET 200 https://registry.npmjs.org/concurrently/-/concurrently-8.2.2.tgz 4628ms (cache miss)
3866 http fetch GET 200 https://registry.npmjs.org/autoprefixer/-/autoprefixer-10.5.4.tgz 4646ms (cache miss)
3867 http fetch GET 200 https://registry.npmjs.org/@types/react-dom/-/react-dom-18.3.7.tgz 4658ms (cache miss)
3868 http fetch GET 200 https://registry.npmjs.org/@turf/bbox-clip/-/bbox-clip-7.4.0.tgz 4674ms (cache miss)
3869 http fetch GET 200 https://registry.npmjs.org/picomatch/-/picomatch-4.0.5.tgz 4692ms (cache miss)
3870 http fetch GET 200 https://registry.npmjs.org/fdir/-/fdir-6.5.0.tgz 4702ms (cache miss)
3871 http fetch GET 200 https://registry.npmjs.org/glob-parent/-/glob-parent-5.1.2.tgz 4704ms (cache miss)
3872 http fetch GET 200 https://registry.npmjs.org/@vitejs/plugin-react/-/plugin-react-4.7.0.tgz 4706ms (cache miss)
3873 http fetch GET 200 https://registry.npmjs.org/@types/react/-/react-18.3.31.tgz 4723ms (cache miss)
3874 http fetch GET 200 https://registry.npmjs.org/glob-parent/-/glob-parent-5.1.2.tgz 4731ms (cache miss)
3875 http fetch GET 200 https://registry.npmjs.org/@turf/boolean-contains/-/boolean-contains-7.4.0.tgz 4735ms (cache miss)
3876 http fetch GET 200 https://registry.npmjs.org/react-is/-/react-is-16.13.1.tgz 4733ms (cache miss)
3877 http fetch GET 200 https://registry.npmjs.org/ms/-/ms-2.0.0.tgz 4750ms (cache miss)
3878 http fetch GET 200 https://registry.npmjs.org/express/-/express-4.22.2.tgz 4772ms (cache miss)
3879 http fetch GET 200 https://registry.npmjs.org/debug/-/debug-2.6.9.tgz 4773ms (cache miss)
3880 http fetch GET 200 https://registry.npmjs.org/d3-array/-/d3-array-3.2.4.tgz 4779ms (cache miss)
3881 http fetch GET 200 https://registry.npmjs.org/@turf/boolean-overlap/-/boolean-overlap-7.4.0.tgz 4782ms (cache miss)
3882 http fetch GET 200 https://registry.npmjs.org/ms/-/ms-2.0.0.tgz 4779ms (cache miss)
3883 http fetch GET 200 https://registry.npmjs.org/debug/-/debug-2.6.9.tgz 4781ms (cache miss)
3884 http fetch GET 200 https://registry.npmjs.org/debug/-/debug-2.6.9.tgz 4782ms (cache miss)
3885 http fetch GET 200 https://registry.npmjs.org/vite/-/vite-5.4.21.tgz 4786ms (cache miss)
3886 http fetch GET 200 https://registry.npmjs.org/supports-color/-/supports-color-7.2.0.tgz 4791ms (cache miss)
3887 http fetch GET 200 https://registry.npmjs.org/ms/-/ms-2.0.0.tgz 4798ms (cache miss)
3888 http fetch GET 200 https://registry.npmjs.org/quickselect/-/quickselect-1.1.1.tgz 4801ms (cache miss)
3889 http fetch GET 200 https://registry.npmjs.org/commander/-/commander-2.20.3.tgz 4808ms (cache miss)
3890 http fetch GET 200 https://registry.npmjs.org/commander/-/commander-2.20.3.tgz 4810ms (cache miss)
3891 http fetch GET 200 https://registry.npmjs.org/ms/-/ms-2.0.0.tgz 4807ms (cache miss)
3892 http fetch GET 200 https://registry.npmjs.org/debug/-/debug-2.6.9.tgz 4816ms (cache miss)
3893 http fetch GET 200 https://registry.npmjs.org/rbush/-/rbush-2.0.2.tgz 4828ms (cache miss)
3894 http fetch GET 200 https://registry.npmjs.org/@turf/bbox/-/bbox-7.4.0.tgz 4835ms (cache miss)
3895 http fetch GET 200 https://registry.npmjs.org/robust-predicates/-/robust-predicates-3.0.3.tgz 4837ms (cache miss)
3896 http fetch GET 200 https://registry.npmjs.org/nodemailer/-/nodemailer-6.10.1.tgz 4855ms (cache miss)
3897 http fetch GET 200 https://registry.npmjs.org/@turf/turf/-/turf-7.4.0.tgz 4956ms (cache miss)
3898 http fetch GET 200 https://registry.npmjs.org/nodemailer 4757ms (cache miss)
3899 silly packumentCache corgi:https://registry.npmjs.org/nodemailer set size:undefined disposed:false
3900 http fetch GET 200 https://registry.npmjs.org/vite 4775ms (cache miss)
3901 silly packumentCache corgi:https://registry.npmjs.org/vite set size:undefined disposed:false
3902 http fetch GET 200 https://registry.npmjs.org/esbuild 4797ms (cache miss)
3903 silly packumentCache corgi:https://registry.npmjs.org/esbuild set size:undefined disposed:false
3904 http fetch GET 200 https://registry.npmjs.org/react-dom/-/react-dom-18.3.1.tgz 5030ms (cache miss)
3905 http fetch GET 200 https://registry.npmjs.org/react-router-dom 4825ms (cache miss)
3906 silly packumentCache corgi:https://registry.npmjs.org/react-router-dom set size:undefined disposed:false
3907 http fetch GET 200 https://registry.npmjs.org/lucide-react/-/lucide-react-0.427.0.tgz 5401ms (cache miss)
3908 http fetch GET 200 https://registry.npmjs.org/react-router 5192ms (cache miss)
3909 silly packumentCache corgi:https://registry.npmjs.org/react-router set size:undefined disposed:false
3910 silly packumentCache corgi:https://registry.npmjs.org/@vitejs%2fplugin-react cache-miss
3911 http fetch GET 200 https://registry.npmjs.org/leaflet/-/leaflet-1.9.4.tgz 5459ms (cache miss)
3912 info run fsevents@2.3.3 install node_modules/fsevents node-gyp rebuild
3913 http fetch GET 200 https://registry.npmjs.org/@vitejs%2fplugin-react 159ms (cache miss)
3914 silly packumentCache corgi:https://registry.npmjs.org/@vitejs%2fplugin-react set size:undefined disposed:false
3915 info run fsevents@2.3.3 install { code: 1, signal: null }
3916 verbose reify failed optional dependency /Users/adityasingh/CodeRush2.0_TeamApex!/node_modules/fsevents
3917 silly reify mark deleted [ '/Users/adityasingh/CodeRush2.0_TeamApex!/node_modules/fsevents' ]
3918 info run esbuild@0.21.5 postinstall node_modules/esbuild node install.js
3919 info run esbuild@0.21.5 postinstall { code: 0, signal: null }
3920 silly ADD node_modules/ansi-regex
3921 silly ADD node_modules/is-fullwidth-code-point
3922 silly ADD node_modules/emoji-regex
3923 silly ADD node_modules/wrap-ansi
3924 silly ADD node_modules/strip-ansi
3925 silly ADD node_modules/yargs-parser
3926 silly ADD node_modules/y18n
3927 silly ADD node_modules/string-width
3928 silly ADD node_modules/require-directory
3929 silly ADD node_modules/get-caller-file
3930 silly ADD node_modules/cliui
3931 silly ADD node_modules/@types/estree
3932 silly ADD node_modules/@rollup/rollup-darwin-arm64
3933 silly ADD node_modules/@esbuild/darwin-arm64
3934 silly ADD node_modules/rollup
3935 silly ADD node_modules/esbuild
3936 silly ADD node_modules/d3-path
3937 silly ADD node_modules/d3-time-format
3938 silly ADD node_modules/d3-format
3939 silly ADD node_modules/d3-color
3940 silly ADD node_modules/@types/d3-path
3941 silly ADD node_modules/@types/d3-color
3942 silly ADD node_modules/d3-timer
3943 silly ADD node_modules/d3-time
3944 silly ADD node_modules/d3-shape
3945 silly ADD node_modules/d3-scale
3946 silly ADD node_modules/d3-interpolate
3947 silly ADD node_modules/d3-ease
3948 silly ADD node_modules/@types/d3-timer
3949 silly ADD node_modules/@types/d3-time
3950 silly ADD node_modules/@types/d3-shape
3951 silly ADD node_modules/@types/d3-scale
3952 silly ADD node_modules/@types/d3-interpolate
3953 silly ADD node_modules/@types/d3-ease
3954 silly ADD node_modules/@types/d3-array
3955 silly ADD node_modules/escalade
3956 silly ADD node_modules/media-typer
3957 silly ADD node_modules/is-number
3958 silly ADD node_modules/thenify
3959 silly ADD node_modules/thenify-all
3960 silly ADD node_modules/any-promise
3961 silly ADD node_modules/ts-interface-checker
3962 silly ADD node_modules/tinyglobby
3963 silly ADD node_modules/tinyglobby/node_modules/picomatch
3964 silly ADD node_modules/tinyglobby/node_modules/fdir
3965 silly ADD node_modules/pirates
3966 silly ADD node_modules/mz
3967 silly ADD node_modules/lines-and-columns
3968 silly ADD node_modules/commander
3969 silly ADD node_modules/queue-microtask
3970 silly ADD node_modules/supports-preserve-symlinks-flag
3971 silly ADD node_modules/path-parse
3972 silly ADD node_modules/is-core-module
3973 silly ADD node_modules/pify
3974 silly ADD node_modules/util-deprecate
3975 silly ADD node_modules/cssesc
3976 silly ADD node_modules/camelcase-css
3977 silly ADD node_modules/read-cache
3978 silly ADD node_modules/is-extglob
3979 silly ADD node_modules/binary-extensions
3980 silly ADD node_modules/to-regex-range
3981 silly ADD node_modules/reusify
3982 silly ADD node_modules/run-parallel
3983 silly ADD node_modules/fastq
3984 silly ADD node_modules/@nodelib/fs.scandir
3985 silly ADD node_modules/merge2
3986 silly ADD node_modules/@nodelib/fs.walk
3987 silly ADD node_modules/@nodelib/fs.stat
3988 silly ADD node_modules/fill-range
3989 silly ADD node_modules/picomatch
3990 silly ADD node_modules/readdirp
3991 silly ADD node_modules/is-binary-path
3992 silly ADD
3993 silly ADD node_modules/braces
3994 silly ADD node_modules/anymatch
3995 silly ADD node_modules/sucrase
3996 silly ADD node_modules/resolve
3997 silly ADD node_modules/postcss-selector-parser
3998 silly ADD node_modules/postcss-nested
3999 silly ADD node_modules/postcss-load-config
4000 silly ADD node_modules/postcss-js
4001 silly ADD node_modules/postcss-import
4002 silly ADD node_modules/object-hash
4003 silly ADD node_modules/normalize-path
4004 silly ADD node_modules/micromatch
4005 silly ADD node_modules/lilconfig
4006 silly ADD node_modules/jiti
4007 silly ADD node_modules/is-glob
4008 silly ADD node_modules/glob-parent
4009 silly ADD node_modules/fast-glob
4010 silly ADD node_modules/fast-glob/node_modules/glob-parent
4011 silly ADD node_modules/dlv
4012 silly ADD node_modules/didyoumean
4013 silly ADD node_modules/chokidar
4014 silly ADD node_modules/chokidar/node_modules/glob-parent
4015 silly ADD node_modules/arg
4016 silly ADD node_modules/@alloc/quick-lru
4017 silly ADD node_modules/has-flag
4018 silly ADD node_modules/dunder-proto
4019 silly ADD node_modules/math-intrinsics
4020 silly ADD node_modules/hasown
4021 silly ADD node_modules/has-symbols
4022 silly ADD node_modules/gopd
4023 silly ADD node_modules/get-proto
4024 silly ADD node_modules/es-object-atoms
4025 silly ADD node_modules/function-bind
4026 silly ADD node_modules/call-bind-apply-helpers
4027 silly ADD node_modules/get-intrinsic
4028 silly ADD node_modules/call-bound
4029 silly ADD node_modules/side-channel-weakmap
4030 silly ADD node_modules/side-channel-map
4031 silly ADD node_modules/side-channel-list
4032 silly ADD node_modules/object-inspect
4033 silly ADD node_modules/es-errors
4034 silly ADD node_modules/mime
4035 silly ADD node_modules/decimal.js-light
4036 silly ADD node_modules/dom-helpers
4037 silly ADD node_modules/react-transition-group
4038 silly ADD node_modules/prop-types
4039 silly ADD node_modules/prop-types/node_modules/react-is
4040 silly ADD node_modules/fast-equals
4041 silly ADD node_modules/victory-vendor
4042 silly ADD node_modules/victory-vendor/node_modules/d3-array
4043 silly ADD node_modules/tiny-invariant
4044 silly ADD node_modules/recharts-scale
4045 silly ADD node_modules/react-smooth
4046 silly ADD node_modules/react-is
4047 silly ADD node_modules/eventemitter3
4048 silly ADD node_modules/react-router
4049 silly ADD node_modules/@remix-run/router
4050 silly ADD node_modules/@react-leaflet/core
4051 silly ADD node_modules/scheduler
4052 silly ADD node_modules/loose-envify
4053 silly ADD node_modules/quickselect
4054 silly ADD node_modules/side-channel
4055 silly ADD node_modules/es-define-property
4056 silly ADD node_modules/ipaddr.js
4057 silly ADD node_modules/forwarded
4058 silly ADD node_modules/source-map-js
4059 silly ADD node_modules/nanoid
4060 silly ADD node_modules/splaytree-ts
4061 silly ADD node_modules/bignumber.js
4062 silly ADD node_modules/ee-first
4063 silly ADD node_modules/mime-db
4064 silly ADD node_modules/yallist
4065 silly ADD node_modules/osrm-text-instructions
4066 silly ADD node_modules/@mapbox/polyline
4067 silly ADD node_modules/@mapbox/corslite
4068 silly ADD node_modules/safer-buffer
4069 silly ADD node_modules/toidentifier
4070 silly ADD node_modules/inherits
4071 silly ADD node_modules/unpipe
4072 silly ADD node_modules/raw-body
4073 silly ADD node_modules/iconv-lite
4074 silly ADD node_modules/destroy
4075 silly ADD node_modules/bytes
4076 silly ADD node_modules/negotiator
4077 silly ADD node_modules/mime-types
4078 silly ADD node_modules/utils-merge
4079 silly ADD node_modules/type-is
4080 silly ADD node_modules/statuses
4081 silly ADD node_modules/setprototypeof
4082 silly ADD node_modules/serve-static
4083 silly ADD node_modules/send
4084 silly ADD node_modules/send/node_modules/debug
4085 silly ADD node_modules/send/node_modules/debug/node_modules/ms
4086 silly ADD node_modules/safe-buffer
4087 silly ADD node_modules/range-parser
4088 silly ADD node_modules/qs
4089 silly ADD node_modules/proxy-addr
4090 silly ADD node_modules/path-to-regexp
4091 silly ADD node_modules/parseurl
4092 silly ADD node_modules/on-finished
4093 silly ADD node_modules/methods
4094 silly ADD node_modules/merge-descriptors
4095 silly ADD node_modules/http-errors
4096 silly ADD node_modules/fresh
4097 silly ADD node_modules/finalhandler
4098 silly ADD node_modules/finalhandler/node_modules/ms
4099 silly ADD node_modules/finalhandler/node_modules/debug
4100 silly ADD node_modules/etag
4101 silly ADD node_modules/escape-html
4102 silly ADD node_modules/encodeurl
4103 silly ADD node_modules/depd
4104 silly ADD node_modules/cookie-signature
4105 silly ADD node_modules/cookie
4106 silly ADD node_modules/content-type
4107 silly ADD node_modules/content-disposition
4108 silly ADD node_modules/body-parser
4109 silly ADD node_modules/body-parser/node_modules/ms
4110 silly ADD node_modules/body-parser/node_modules/debug
4111 silly ADD node_modules/array-flatten
4112 silly ADD node_modules/accepts
4113 silly ADD node_modules/ms
4114 silly ADD node_modules/@babel/runtime
4115 silly ADD node_modules/internmap
4116 silly ADD node_modules/d3-array
4117 silly ADD node_modules/vary
4118 silly ADD node_modules/object-assign
4119 silly ADD node_modules/color-name
4120 silly ADD node_modules/color-convert
4121 silly ADD node_modules/ansi-styles
4122 silly ADD node_modules/yargs
4123 silly ADD node_modules/tree-kill
4124 silly ADD node_modules/supports-color
4125 silly ADD node_modules/spawn-command
4126 silly ADD node_modules/shell-quote
4127 silly ADD node_modules/rxjs
4128 silly ADD node_modules/lodash
4129 silly ADD node_modules/date-fns
4130 silly ADD node_modules/chalk
4131 silly ADD node_modules/chalk/node_modules/supports-color
4132 silly ADD node_modules/point-in-polygon
4133 silly ADD node_modules/update-browserslist-db
4134 silly ADD node_modules/node-releases
4135 silly ADD node_modules/electron-to-chromium
4136 silly ADD node_modules/baseline-browser-mapping
4137 silly ADD node_modules/postcss-value-parser
4138 silly ADD node_modules/fraction.js
4139 silly ADD node_modules/caniuse-lite
4140 silly ADD node_modules/@types/babel__traverse
4141 silly ADD node_modules/@types/babel__template
4142 silly ADD node_modules/@types/babel__generator
4143 silly ADD node_modules/@jridgewell/resolve-uri
4144 silly ADD node_modules/@jridgewell/sourcemap-codec
4145 silly ADD node_modules/@babel/helper-string-parser
4146 silly ADD node_modules/@babel/helper-globals
4147 silly ADD node_modules/@babel/helper-plugin-utils
4148 silly ADD node_modules/@babel/helper-module-imports
4149 silly ADD node_modules/lru-cache
4150 silly ADD node_modules/browserslist
4151 silly ADD node_modules/@babel/helper-validator-option
4152 silly ADD node_modules/@babel/compat-data
4153 silly ADD node_modules/jsesc
4154 silly ADD node_modules/@jridgewell/trace-mapping
4155 silly ADD node_modules/@jridgewell/gen-mapping
4156 silly ADD node_modules/picocolors
4157 silly ADD node_modules/js-tokens
4158 silly ADD node_modules/@babel/helper-validator-identifier
4159 silly ADD node_modules/semver
4160 silly ADD node_modules/json5
4161 silly ADD node_modules/gensync
4162 silly ADD node_modules/debug
4163 silly ADD node_modules/convert-source-map
4164 silly ADD node_modules/@jridgewell/remapping
4165 silly ADD node_modules/@babel/types
4166 silly ADD node_modules/@babel/traverse
4167 silly ADD node_modules/@babel/template
4168 silly ADD node_modules/@babel/parser
4169 silly ADD node_modules/@babel/helpers
4170 silly ADD node_modules/@babel/helper-module-transforms
4171 silly ADD node_modules/@babel/helper-compilation-targets
4172 silly ADD node_modules/@babel/generator
4173 silly ADD node_modules/@babel/code-frame
4174 silly ADD node_modules/react-refresh
4175 silly ADD node_modules/@types/babel__core
4176 silly ADD node_modules/@rolldown/pluginutils
4177 silly ADD node_modules/@babel/plugin-transform-react-jsx-source
4178 silly ADD node_modules/@babel/plugin-transform-react-jsx-self
4179 silly ADD node_modules/@babel/core
4180 silly ADD node_modules/csstype
4181 silly ADD node_modules/@types/prop-types
4182 silly ADD node_modules/d3-voronoi
4183 silly ADD node_modules/@types/d3-voronoi
4184 silly ADD node_modules/earcut
4185 silly ADD node_modules/@types/earcut
4186 silly ADD node_modules/fast-deep-equal
4187 silly ADD node_modules/tinyqueue
4188 silly ADD node_modules/robust-predicates
4189 silly ADD node_modules/jsts
4190 silly ADD node_modules/arc
4191 silly ADD node_modules/polyclip-ts
4192 silly ADD node_modules/concaveman
4193 silly ADD node_modules/topojson-server
4194 silly ADD node_modules/topojson-server/node_modules/commander
4195 silly ADD node_modules/topojson-client
4196 silly ADD node_modules/topojson-client/node_modules/commander
4197 silly ADD node_modules/skmeans
4198 silly ADD node_modules/rbush
4199 silly ADD node_modules/d3-geo
4200 silly ADD node_modules/@turf/jsts
4201 silly ADD node_modules/geojson-polygon-self-intersections
4202 silly ADD node_modules/geojson-polygon-self-intersections/node_modules/quickselect
4203 silly ADD node_modules/geojson-polygon-self-intersections/node_modules/rbush
4204 silly ADD node_modules/point-in-polygon-hao
4205 silly ADD node_modules/point-in-polygon-hao/node_modules/robust-predicates
4206 silly ADD node_modules/geojson-equality-ts
4207 silly ADD node_modules/tslib
4208 silly ADD node_modules/@types/kdbush
4209 silly ADD node_modules/@types/geojson
4210 silly ADD node_modules/@turf/voronoi
4211 silly ADD node_modules/@turf/unkink-polygon
4212 silly ADD node_modules/@turf/union
4213 silly ADD node_modules/@turf/truncate
4214 silly ADD node_modules/@turf/triangle-grid
4215 silly ADD node_modules/@turf/transform-translate
4216 silly ADD node_modules/@turf/transform-scale
4217 silly ADD node_modules/@turf/transform-rotate
4218 silly ADD node_modules/@turf/tin
4219 silly ADD node_modules/@turf/tesselate
4220 silly ADD node_modules/@turf/tag
4221 silly ADD node_modules/@turf/standard-deviational-ellipse
4222 silly ADD node_modules/@turf/square-grid
4223 silly ADD node_modules/@turf/square
4224 silly ADD node_modules/@turf/simplify
4225 silly ADD node_modules/@turf/shortest-path
4226 silly ADD node_modules/@turf/sector
4227 silly ADD node_modules/@turf/sample
4228 silly ADD node_modules/@turf/rhumb-distance
4229 silly ADD node_modules/@turf/rhumb-destination
4230 silly ADD node_modules/@turf/rhumb-bearing
4231 silly ADD node_modules/@turf/rewind
4232 silly ADD node_modules/@turf/rectangle-grid
4233 silly ADD node_modules/@turf/random
4234 silly ADD node_modules/@turf/quadrat-analysis
4235 silly ADD node_modules/@turf/projection
4236 silly ADD node_modules/@turf/polygonize
4237 silly ADD node_modules/@turf/polygon-to-line
4238 silly ADD node_modules/@turf/polygon-tangents
4239 silly ADD node_modules/@turf/polygon-smooth
4240 silly ADD node_modules/@turf/points-within-polygon
4241 silly ADD node_modules/@turf/point-to-polygon-distance
4242 silly ADD node_modules/@turf/point-to-line-distance
4243 silly ADD node_modules/@turf/point-on-feature
4244 silly ADD node_modules/@turf/point-grid
4245 silly ADD node_modules/@turf/planepoint
4246 silly ADD node_modules/@turf/nearest-point-to-line
4247 silly ADD node_modules/@turf/nearest-point-on-line
4248 silly ADD node_modules/@turf/nearest-point
4249 silly ADD node_modules/@turf/nearest-neighbor-analysis
4250 silly ADD node_modules/@turf/moran-index
4251 silly ADD node_modules/@turf/midpoint
4252 silly ADD node_modules/@turf/meta
4253 silly ADD node_modules/@turf/mask
4254 silly ADD node_modules/@turf/line-to-polygon
4255 silly ADD node_modules/@turf/line-split
4256 silly ADD node_modules/@turf/line-slice-along
4257 silly ADD node_modules/@turf/line-slice
4258 silly ADD node_modules/@turf/line-segment
4259 silly ADD node_modules/@turf/line-overlap
4260 silly ADD node_modules/@turf/line-offset
4261 silly ADD node_modules/@turf/line-intersect
4262 silly ADD node_modules/@turf/line-chunk
4263 silly ADD node_modules/@turf/line-arc
4264 silly ADD node_modules/@turf/length
4265 silly ADD node_modules/@turf/kinks
4266 silly ADD node_modules/@turf/isolines
4267 silly ADD node_modules/@turf/isobands
4268 silly ADD node_modules/@turf/invariant
4269 silly ADD node_modules/@turf/intersect
4270 silly ADD node_modules/@turf/interpolate
4271 silly ADD node_modules/@turf/hex-grid
4272 silly ADD node_modules/@turf/helpers
4273 silly ADD node_modules/@turf/great-circle
4274 silly ADD node_modules/@turf/geojson-rbush
4275 silly ADD node_modules/@turf/flip
4276 silly ADD node_modules/@turf/flatten
4277 silly ADD node_modules/@turf/explode
4278 silly ADD node_modules/@turf/envelope
4279 silly ADD node_modules/@turf/ellipse
4280 silly ADD node_modules/@turf/distance-weight
4281 silly ADD node_modules/@turf/distance
4282 silly ADD node_modules/@turf/dissolve
4283 silly ADD node_modules/@turf/directional-mean
4284 silly ADD node_modules/@turf/difference
4285 silly ADD node_modules/@turf/destination
4286 silly ADD node_modules/@turf/convex
4287 silly ADD node_modules/@turf/concave
4288 silly ADD node_modules/@turf/combine
4289 silly ADD node_modules/@turf/collect
4290 silly ADD node_modules/@turf/clusters-kmeans
4291 silly ADD node_modules/@turf/clusters-dbscan
4292 silly ADD node_modules/@turf/clusters
4293 silly ADD node_modules/@turf/clone
4294 silly ADD node_modules/@turf/clean-coords
4295 silly ADD node_modules/@turf/circle
4296 silly ADD node_modules/@turf/centroid
4297 silly ADD node_modules/@turf/center-of-mass
4298 silly ADD node_modules/@turf/center-median
4299 silly ADD node_modules/@turf/center-mean
4300 silly ADD node_modules/@turf/center
4301 silly ADD node_modules/@turf/buffer
4302 silly ADD node_modules/@turf/boolean-within
4303 silly ADD node_modules/@turf/boolean-valid
4304 silly ADD node_modules/@turf/boolean-touches
4305 silly ADD node_modules/@turf/boolean-point-on-line
4306 silly ADD node_modules/@turf/boolean-point-in-polygon
4307 silly ADD node_modules/@turf/boolean-parallel
4308 silly ADD node_modules/@turf/boolean-overlap
4309 silly ADD node_modules/@turf/boolean-intersects
4310 silly ADD node_modules/@turf/boolean-equal
4311 silly ADD node_modules/@turf/boolean-disjoint
4312 silly ADD node_modules/@turf/boolean-crosses
4313 silly ADD node_modules/@turf/boolean-contains
4314 silly ADD node_modules/@turf/boolean-concave
4315 silly ADD node_modules/@turf/boolean-clockwise
4316 silly ADD node_modules/@turf/bezier-spline
4317 silly ADD node_modules/@turf/bearing
4318 silly ADD node_modules/@turf/bbox-polygon
4319 silly ADD node_modules/@turf/bbox-clip
4320 silly ADD node_modules/@turf/bbox
4321 silly ADD node_modules/@turf/area
4322 silly ADD node_modules/@turf/angle
4323 silly ADD node_modules/@turf/along
4324 silly ADD node_modules/tailwindcss
4325 silly ADD node_modules/tailwind-merge
4326 silly ADD node_modules/recharts
4327 silly ADD node_modules/react-router-dom
4328 silly ADD node_modules/react-leaflet
4329 silly ADD node_modules/react-dom
4330 silly ADD node_modules/nodemailer
4331 silly ADD node_modules/react
4332 silly ADD node_modules/lucide-react
4333 silly ADD node_modules/leaflet-routing-machine
4334 silly ADD node_modules/leaflet
4335 silly ADD node_modules/express
4336 silly ADD node_modules/express/node_modules/ms
4337 silly ADD node_modules/express/node_modules/debug
4338 silly ADD node_modules/dotenv
4339 silly ADD node_modules/cors
4340 silly ADD node_modules/concurrently
4341 silly ADD node_modules/clsx
4342 silly ADD node_modules/postcss
4343 silly ADD node_modules/autoprefixer
4344 silly ADD node_modules/vite
4345 silly ADD node_modules/@vitejs/plugin-react
4346 silly ADD node_modules/@types/react-dom
4347 silly ADD node_modules/@types/react
4348 silly ADD node_modules/@turf/turf
4349 verbose cwd /Users/adityasingh/CodeRush2.0_TeamApex!
4350 verbose os Darwin 25.5.0
4351 verbose node v24.14.1
4352 verbose npm  v11.11.0
4353 notice
4353 notice New minor version of npm available! 11.11.0 -> 11.19.0
4353 notice Changelog: https://github.com/npm/cli/releases/tag/v11.19.0
4353 notice To update run: npm install -g npm@11.19.0
4353 notice  { force: true, Symbol(proc-log.meta): true }
4354 verbose exit 0
4355 info ok
